feature	Actinomyces	Bifidobacterium	Corynebacterium	Rothia	Atopobium	Libanicoccus	Olsenella	Collinsella	Adlercreutzia	Eggerthella	Senegalimassilia	Slackia	f__Eggerthellaceae.g__uncultured	Bacteroides	Barnesiella	Coprobacter	Butyricimonas	Odoribacter	Paraprevotella	Prevotella_7	Prevotella_9	Alistipes	Parabacteroides	Campylobacter	Gastranaerophilales	Bilophila	Desulfovibrio	f__Desulfovibrionaceae.g__uncultured	Erysipelatoclostridium	Erysipelotrichaceae_UCG.003	Faecalitalea	Holdemanella	Holdemania	Merdibacter	Turicibacter	X.Clostridium._innocuum_group	f__Erysipelotrichaceae.g__unassigned	Enterococcus	Lacticaseibacillus	Lactobacillus	Ligilactobacillus	Limosilactobacillus	f__Lactobacillaceae.g__unassigned	Lactococcus	Streptococcus	o__Lactobacillales.f__unassigned.g__unassigned	Gemella	Staphylococcus	Christensenellaceae_R.7_group	Clostridia_UCG.014	Clostridia_vadinBB60_group	Clostridium_sensu_stricto_1	Agathobacter	Anaerostipes	Blautia	CAG.56	Coprococcus	Dorea	Eisenbergiella	Fusicatenibacter	GCA.900066575	Hungatella	Lachnoclostridium	Lachnospira	Lachnospiraceae_FCS020_group	Lachnospiraceae_ND3007_group	Lachnospiraceae_NK4A136_group	Lachnospiraceae_UCG.004	Lachnospiraceae_UCG.010	Marvinbryantia	Roseburia	Sellimonas	Tuzzerella	UC5.1.2E3	X.Eubacterium._eligens_group	X.Eubacterium._fissicatena_group	X.Eubacterium._hallii_group	X.Eubacterium._ventriosum_group	X.Eubacterium._xylanophilum_group	X.Ruminococcus._gauvreauii_group	X.Ruminococcus._gnavus_group	X.Ruminococcus._torques_group	f__Lachnospiraceae.g__unassigned	Monoglobus	Butyricicoccus	Colidextribacter	Flavonifractor	Intestinimonas	NK4A214_group	Oscillibacter	Oscillospira	UCG.002	UCG.003	UCG.005	f__Oscillospiraceae.g__unassigned	f__Oscillospiraceae.g__uncultured	Anaerotruncus	Candidatus_Soleaferrea	DTU089	Faecalibacterium	Fournierella	Incertae_Sedis	Negativibacillus	Ruminococcus	Subdoligranulum	UBA1819	X.Eubacterium._siraeum_group	f__Ruminococcaceae.g__unassigned	f__Ruminococcaceae.g__uncultured	X.Eubacterium._coprostanoligenes_group	Peptococcus	Family_XIII_AD3011_group	Family_XIII_UCG.001	Mogibacterium	X.Eubacterium._brachy_group	Parvimonas	Intestinibacter	Peptostreptococcus	Romboutsia	Acidaminococcus	Phascolarctobacterium	Megamonas	Allisonella	Dialister	Megasphaera	Veillonella	Veillonellaceae	Fusobacterium	TM7x	Methylobacterium.Methylorubrum	f__Xanthobacteraceae.g__unassigned	o__Rhodospirillales.f__uncultured.g__uncultured	Sphingobium	Sphingopyxis	Neisseria	Parasutterella	Sutterella	Escherichia.Shigella	Klebsiella	f__Enterobacteriaceae.g__unassigned	Actinobacillus	Aggregatibacter	Haemophilus	Pseudomonas	Akkermansia	Leucobacter	Cutibacterium	f__Coriobacteriales_Incertae_Sedis.g__uncultured	Dysgonomonas	Alloprevotella	Parasediminibacterium	Dielma	Vagococcus	Clostridium_sensu_stricto_5	Howardella	Tyzzerella	Pseudoflavonifractor	CAG.352	f__Peptococcaceae.g__uncultured	Asticcacaulis	Pseudochrobactrum	Burkholderia.Caballeronia.Paraburkholderia	Ralstonia	Comamonas	Aeromonas	Morganella	Proteus	Providencia	Shewanella	f__Yersiniaceae.g__unassigned	Halomonas	Dyella
run02-49	32	246	0	2	0	0	0	2205	0	0	108	115	0	4190	33	61	0	0	0	0	327	0	0	5	0	16	0	0	0	591	0	81	0	0	0	7	0	0	0	0	0	0	0	0	447	10	17	0	0	0	0	21	245	106	1138	366	794	2560	0	0	0	0	54	39	0	0	0	346	3	0	150	0	64	0	0	0	188	0	0	0	173	4253	971	6	203	0	132	8	0	0	0	0	0	0	0	0	2	0	0	4184	116	49	0	0	0	0	0	0	7	0	0	0	0	0	0	0	75	0	0	0	0	0	0	13	0	263	0	60	0	0	0	0	5	0	0	28	350	147	0	0	41	0	936	0	0	0	0	0	0	0	0	0	0	0	0	0	0	0	0	0	0	0	0	0	0	0	0	0	0	0	0	0
run02-50	0	411	0	2	0	0	0	807	37	7	0	100	0	2354	0	0	0	0	0	0	0	169	129	0	172	85	0	0	59	0	0	0	12	7	78	7	0	5	0	0	0	0	0	0	78	0	0	0	45	265	15	4	1961	69	1485	0	91	325	0	80	11	0	66	0	6	64	12	4	0	22	115	3	0	2	109	0	381	30	85	10	0	753	735	132	8	72	5	14	11	26	26	804	0	158	0	52	9	3	12	2229	0	68	28	1669	972	4	38	0	16	223	0	13	13	0	0	0	527	0	46	0	138	0	0	0	0	6	0	0	0	0	0	0	0	0	0	150	0	633	0	0	0	2	7	0	0	0	0	11	0	0	0	0	0	0	0	60	0	0	2	0	0	0	0	0	0	0	0	0	0	0	0	0
run02-51	0	20	0	0	0	0	0	1540	0	0	0	0	0	2530	4	0	0	0	217	0	2923	0	58	0	0	3	0	0	0	0	0	0	0	0	0	0	107	0	0	0	0	0	0	0	8	0	0	0	0	0	0	4	320	503	3012	318	129	436	0	457	75	0	712	0	29	0	9	85	50	9	10	0	0	0	413	0	268	0	0	171	0	517	883	0	110	15	0	0	0	4	0	6	22	0	0	2	0	0	0	2060	0	28	0	0	1250	0	0	0	0	0	0	0	0	0	3	0	0	0	0	17	0	0	10	70	0	22	0	0	0	11	0	0	9	0	0	107	0	0	0	0	0	0	2	0	0	0	0	0	0	0	0	0	0	0	0	0	0	0	0	0	0	0	0	0	0	0	0	0	0	0	0	0
run02-52	0	254	0	0	0	0	0	557	33	8	0	0	42	3334	96	135	0	94	0	0	0	133	27	0	12	0	7	0	0	238	0	0	0	7	0	0	0	0	0	0	0	0	0	0	14	0	0	0	53	14	0	0	64	9	1611	108	546	247	0	61	35	2	169	6	20	34	23	16	0	7	1705	24	0	0	3	0	108	6	0	47	59	782	449	2	91	18	20	14	36	24	9	273	27	39	2	31	0	0	0	894	0	39	0	27	369	13	0	0	5	11	0	15	0	0	2	0	10	0	0	0	153	0	0	0	0	0	0	9	0	0	0	36	4	0	0	15	110	517	0	116	0	0	6	0	1573	0	0	0	0	0	0	0	0	0	0	0	0	10	0	0	0	0	0	0	38	0	0	0	0	0	0	0
run02-54	39	144	0	12	22	25	0	2087	0	135	0	0	11	5438	548	0	0	0	0	0	79	480	120	3	21	401	0	0	0	321	0	651	0	0	0	5	0	0	0	0	0	0	0	0	125	5	9	0	0	0	0	0	100	17	488	0	168	972	0	75	0	0	214	0	0	4	0	283	387	0	291	6	10	0	2	0	97	0	0	0	437	3878	303	0	51	16	14	0	0	10	7	49	0	0	0	12	0	0	0	868	0	12	37	14	1909	10	0	0	4	27	0	37	0	4	8	9	14	5	0	696	0	0	0	184	0	44	587	7	0	0	0	0	5	0	0	0	1187	24	956	0	0	11	36	0	0	0	0	0	0	0	0	0	0	0	45	0	0	0	0	0	0	0	2	0	0	0	0	0	0	0	0	0
run02-55	2	194	0	4	0	41	84	837	9	0	112	62	0	2780	303	65	58	61	128	0	1397	551	336	0	117	47	270	10	20	0	0	50	4	3	5	0	3	0	0	0	10	0	0	0	326	0	0	0	45	116	6	176	456	7	1899	0	203	164	0	117	15	0	165	80	46	29	4	0	6	17	410	158	0	0	27	0	83	16	0	0	0	605	1207	4	7	13	4	0	123	18	36	486	37	189	47	83	0	0	2	2127	0	23	80	476	822	4	15	2	24	133	0	33	0	0	18	0	187	0	172	419	84	245	0	143	90	7	0	5	0	0	0	255	0	0	0	26	142	0	0	0	0	0	30	3	36	0	0	12	0	0	0	0	0	0	26	0	0	0	0	0	0	0	0	0	0	0	0	0	0	0	0	0
run02-56	6	962	0	0	2	0	0	0	0	142	0	0	0	1570	0	0	0	0	0	2	0	0	2296	3	0	0	0	0	0	0	0	0	0	0	0	94	0	0	0	75	0	0	0	0	34	0	0	0	0	0	0	59	0	200	3039	0	0	279	0	0	0	0	686	39	0	0	0	0	0	0	936	71	0	0	0	0	0	0	0	0	1192	0	713	0	12	0	8	0	0	0	0	0	0	0	0	0	0	0	0	0	0	4	0	0	0	0	0	0	0	0	0	0	0	0	0	0	38	0	7	0	291	0	0	0	2	828	0	0	0	0	0	0	0	0	0	0	0	0	31	242	0	0	6	0	0	0	0	0	0	0	0	0	0	0	0	0	0	0	0	0	0	0	0	0	0	0	0	0	0	0	0	0
run02-57	0	757	0	14	0	0	0	0	0	0	0	0	0	0	0	0	0	0	0	0	0	0	2	0	0	0	0	0	0	0	16	0	0	0	0	0	0	5368	81	0	0	0	0	0	30	0	0	4	0	0	0	0	0	0	3	0	0	0	0	0	0	0	0	0	0	0	0	0	0	0	0	0	0	0	0	0	0	0	0	0	9	40	0	0	0	37	2	0	0	0	0	0	0	0	0	0	0	0	0	0	0	0	4	0	0	0	0	0	0	0	0	0	0	0	0	0	0	0	0	0	0	0	0	0	0	8	0	0	0	3	0	0	3	0	0	666	0	249	9533	0	0	0	3	4	0	0	0	0	0	0	0	0	0	0	0	0	0	0	0	0	0	0	0	0	0	1126	26	0	0	0	0	0
run02-58	197	30	0	15	3	0	0	1530	0	12	0	158	0	4826	271	525	83	98	0	0	0	173	54	6	122	146	0	85	0	0	0	1023	0	0	0	5	10	0	0	0	0	0	0	0	166	11	7	4	0	0	0	1479	0	33	1037	0	0	363	0	25	0	0	252	0	0	0	0	0	0	0	2525	0	0	0	59	0	72	0	0	26	243	2113	335	3	47	0	15	6	0	18	0	0	0	0	0	0	0	0	0	1606	0	76	0	0	1753	0	0	0	0	0	0	0	0	3	0	0	0	2	0	612	27	12	0	0	1	164	0	18	0	0	0	193	0	0	0	0	321	567	240	0	0	0	54	0	0	0	0	0	0	0	0	0	0	0	0	0	0	0	0	0	0	0	0	0	541	0	0	0	0	0	0	0
run02-59	203	1647	3	172	14	0	0	1252	0	72	70	109	0	3295	201	12	61	40	0	0	0	67	103	6	0	0	0	0	0	0	9	12	0	0	0	33	2	0	3	0	0	0	0	0	1988	222	57	0	0	0	0	32	0	192	940	0	78	2025	0	0	0	23	383	205	0	8	0	0	0	0	903	0	0	0	0	0	107	4	0	198	319	2209	713	0	2	0	33	0	0	36	0	52	0	0	0	5	5	0	0	13	0	28	0	0	66	0	0	0	0	0	0	0	0	9	5	49	151	3	82	0	185	0	0	0	2	681	0	1443	48	32	0	0	10	0	37	0	318	208	21	155	0	0	250	166	0	0	0	0	0	0	0	0	0	0	0	0	0	0	0	0	0	0	0	0	0	0	0	0	0	0	0	0
run02-60	13	762	0	29	0	0	0	2059	0	67	0	0	0	2690	0	0	0	0	0	12	0	0	251	0	0	0	0	0	0	399	28	0	0	2	0	23	0	3	0	0	211	0	0	0	481	8	4	0	0	0	0	65	32	64	1668	130	327	764	0	54	0	4	487	2	76	0	3	0	13	2	2424	11	0	2	6	0	202	62	0	177	365	622	1622	0	35	34	28	7	0	12	21	42	0	162	0	27	3	0	0	2827	0	54	0	105	2014	6	0	19	0	55	0	0	0	0	0	16	161	9	0	0	0	0	0	123	0	44	3	24	0	23	0	0	13	2	0	0	43	257	0	0	0	9	263	3	0	0	0	0	0	0	0	0	0	0	0	0	0	0	0	0	0	0	0	0	0	0	0	0	0	0	0	0
run02-61	7	369	0	0	0	0	0	930	6	0	73	35	64	2851	1500	54	0	361	0	0	1194	1519	590	0	133	216	220	0	2	72	0	0	0	0	6	0	0	0	0	0	0	0	0	0	27	0	0	0	162	42	152	8	102	204	1010	18	551	508	0	815	9	0	123	5	31	60	50	83	197	14	127	0	0	0	14	2	147	29	4	142	0	452	643	21	40	17	43	23	0	44	4	1285	117	377	4	166	3	0	0	1164	0	22	45	544	2298	8	14	24	36	393	0	91	0	6	8	0	460	0	47	0	809	0	4	111	0	27	0	0	0	0	0	507	0	0	0	4	447	0	896	0	0	0	0	0	30	0	0	0	0	0	0	0	0	0	26	0	0	0	0	0	0	0	0	0	0	0	0	0	0	0	0	0
run02-62	0	54	3	0	0	0	0	356	5	42	0	52	0	4187	134	23	0	0	0	0	0	188	212	0	0	63	0	0	0	485	0	1769	0	0	4	15	0	15	0	0	6	0	0	0	21	0	0	7	0	0	0	131	23	309	1542	0	43	1273	0	160	18	11	410	130	11	151	52	86	0	7	293	0	7	0	65	0	215	32	0	0	545	456	397	25	52	0	31	12	0	0	0	281	19	23	0	8	0	0	0	1116	0	49	0	189	174	11	0	0	0	16	0	1	0	0	0	0	1080	0	11	31	182	0	0	0	36	5	0	25	0	2	103	53	4	2	6	0	191	289	0	0	0	0	26	215	586	0	0	0	0	0	0	0	0	0	0	0	0	0	0	0	0	0	0	0	0	0	0	0	0	0	0	0
run02-63	2	268	0	2	0	0	0	213	102	0	0	174	0	3489	946	54	73	0	0	0	0	459	184	0	15	26	0	0	0	442	0	0	8	0	0	35	0	0	0	0	0	0	0	0	169	2	0	0	13	0	4	0	500	191	2289	0	131	270	7	0	18	3	83	0	7	67	143	43	140	39	451	0	0	0	89	0	395	8	0	0	36	1214	68	60	22	72	42	30	0	155	18	212	31	44	0	109	0	0	0	3782	0	13	39	79	37	9	0	0	11	50	0	0	0	0	0	0	0	0	13	0	0	0	0	37	0	5	0	0	0	0	0	0	3	0	0	3	123	18	0	0	0	0	14	0	0	0	0	0	0	0	0	7	0	0	0	0	0	0	0	0	0	0	0	0	0	0	0	0	0	0	0	0
run02-64	81	5089	12	16	0	0	0	612	68	0	0	13	0	1444	250	17	15	65	0	0	71	288	516	8	0	78	273	0	0	23	0	0	0	37	9	4	14	0	4	0	17	0	6	3	463	20	10	19	181	368	112	0	118	307	1040	3	455	258	0	127	10	0	35	0	9	22	28	0	8	13	42	0	0	0	28	0	122	30	0	75	0	38	108	0	12	21	0	10	137	0	0	641	14	617	121	60	0	0	0	506	0	23	36	636	414	0	2	5	88	507	0	35	0	7	0	13	9	0	75	0	119	0	0	0	0	40	0	2	6	0	1056	0	46	0	34	33	0	159	0	0	0	107	256	2	1474	0	35	27	0	0	0	0	0	0	0	0	0	0	22	0	0	0	0	0	0	0	0	0	0	0	0	0
run02-65	14	1311	0	19	3	37	10	875	0	0	55	16	5	987	120	0	0	16	2	0	2049	53	340	3	0	0	88	6	0	249	0	1077	0	0	0	0	119	0	0	0	0	0	0	0	330	4	4	0	0	0	0	4	108	19	1940	0	95	169	0	259	2	0	19	0	0	86	0	0	44	3	30	0	0	0	0	0	28	0	0	1630	0	52	83	0	11	3	2	0	4	21	0	60	0	9	0	11	0	0	0	719	9	17	17	9	146	0	0	0	0	0	9	4	0	5	2	0	0	0	4	0	410	0	0	0	0	119	0	5	0	0	0	0	0	0	0	10	42	113	0	11	32	0	144	0	5	0	0	0	0	20	0	0	0	0	15	0	0	0	0	0	0	0	0	0	0	0	0	0	0	0	0	0
run02-66	2	835	0	8	0	0	0	926	0	3	232	216	0	3381	13	2	0	0	100	0	1331	71	55	0	0	12	0	0	0	841	0	1009	0	0	0	3	0	0	0	0	0	0	0	0	23	0	3	0	2	0	0	0	444	170	3445	0	232	601	0	300	48	0	264	0	0	14	0	32	0	2	994	0	0	0	128	0	425	0	0	654	0	416	239	0	55	8	5	0	0	15	11	42	0	5	0	3	2	0	0	1796	0	63	0	5	1592	0	0	0	0	0	0	4	0	0	0	0	61	0	0	39	2	145	0	132	0	13	0	0	0	0	0	0	0	0	3	0	408	1948	35	0	0	2	9	2	0	0	0	0	0	0	0	0	0	0	0	0	0	0	0	0	0	0	0	0	0	0	0	0	0	0	0	0
run02-67	15	538	4	13	8	0	0	1181	0	0	0	16	0	4205	0	0	136	0	0	0	1633	119	1583	0	0	136	0	27	0	0	0	0	0	0	0	4	0	0	0	0	0	0	4	0	543	13	27	0	0	0	0	0	0	514	1699	0	7	544	0	104	0	18	642	103	0	139	0	620	65	0	40	80	9	0	72	0	108	0	0	169	323	1921	502	36	148	2	98	0	9	2	0	0	0	0	0	57	0	0	0	3221	0	8	0	0	0	37	0	0	0	0	0	0	0	42	14	20	280	1136	0	981	0	0	0	718	33	1290	381	47	4	0	0	0	0	0	4	0	458	64	0	270	0	12	467	0	0	0	0	0	0	0	0	0	0	0	0	0	0	0	0	0	0	0	0	0	0	0	0	0	0	0	0	0
run02-68	0	2129	0	0	2	0	0	1136	0	0	0	0	0	4449	0	0	0	0	0	0	0	0	0	0	0	85	0	0	0	116	0	88	0	0	26	3	0	0	0	0	0	0	0	4	1103	3	0	0	0	0	0	142	0	53	1204	0	573	417	0	190	0	2	142	105	28	76	0	0	0	3	702	0	3	0	0	0	74	108	0	94	1638	52	842	133	264	187	46	0	0	0	0	28	0	0	0	37	0	2	0	769	0	10	0	23	82	11	0	0	0	20	0	0	0	0	0	0	310	0	281	0	0	0	0	150	622	37	0	0	0	0	0	290	0	0	0	0	229	515	0	0	0	0	8	0	0	0	0	0	0	0	0	0	0	0	0	8	0	0	0	0	0	0	0	0	0	0	4	0	0	0	0	0
run02-69	4	83	0	2	0	0	0	0	326	0	0	0	0	3678	638	0	0	0	0	0	0	102	260	0	596	154	0	0	43	0	559	0	0	19	7	40	0	0	0	0	0	0	0	0	25	4	0	0	0	5	0	6	0	91	2681	0	1074	21	42	0	12	0	376	0	0	0	0	30	24	0	379	134	184	4	41	2	283	46	9	0	61	2930	1075	8	122	123	264	3	0	43	56	3	28	0	0	37	0	0	0	416	0	136	0	0	284	431	0	0	0	48	0	0	0	0	0	0	0	0	43	0	0	0	4	153	3	0	0	2	0	0	0	240	2	0	0	326	0	0	0	0	0	0	0	0	3351	0	0	0	0	0	0	0	0	0	0	0	38	0	0	0	0	0	0	0	0	0	0	0	0	0	0	0
run02-70	9	157	0	16	0	0	0	796	0	0	40	121	0	3800	122	0	0	0	69	0	0	239	65	0	0	119	0	0	0	424	0	0	4	0	78	9	0	29	0	0	0	0	0	0	1057	4	4	0	0	0	0	10	456	88	1655	254	388	367	0	92	0	0	134	14	15	53	0	0	14	0	405	0	16	0	0	0	78	22	0	0	0	1003	282	11	28	0	103	5	0	23	2	784	0	0	0	0	0	6	0	1594	0	30	0	0	580	10	0	0	19	6	0	0	0	0	0	0	9	4	725	0	126	0	26	0	0	24	0	504	0	2	0	0	6	4	0	0	247	122	0	0	0	0	150	0	0	0	0	3	0	0	0	0	0	0	0	0	0	0	0	0	0	0	0	0	0	0	0	0	0	0	0	0
run02-71	33	6	13	33	23	0	0	143	0	0	61	0	0	1040	13	23	0	16	0	19	0	37	37	0	0	0	0	0	0	40	0	0	0	0	0	0	0	14	0	0	0	0	0	0	432	66	84	0	0	0	0	5676	32	0	453	12	78	171	0	48	0	0	76	0	0	0	0	0	11	0	168	0	0	0	0	0	0	0	0	14	80	404	177	0	46	0	33	0	0	0	0	34	0	0	17	19	0	0	0	240	0	0	0	44	109	0	0	0	0	0	0	0	0	0	0	0	16	16	27	0	0	0	0	20	3	46	0	100	0	10	0	0	166	65	0	0	20	5376	9	0	0	0	57	117	34	0	77	0	0	0	0	0	0	0	0	0	0	0	0	0	0	0	0	0	0	0	0	0	0	0	0	0
run02-72	46	967	0	23	0	3	4	1127	2	0	126	70	50	1651	191	24	69	9	9	0	982	219	78	2	0	41	0	0	0	0	0	0	0	75	0	0	0	0	0	0	3	0	0	0	272	13	14	0	115	39	0	117	48	12	1291	25	394	119	0	33	48	0	3	0	26	5	0	16	69	23	146	0	4	0	12	0	216	0	0	0	0	1580	714	0	25	38	40	3	16	8	18	319	34	92	10	23	0	2	0	3428	0	37	15	7	534	2	3	3	9	36	0	10	0	0	0	0	0	0	0	23	7	0	0	133	0	13	0	3	0	0	0	77	0	0	6	0	157	0	0	26	10	5	99	0	0	0	0	0	0	0	0	0	0	0	0	0	0	0	0	0	0	0	0	0	200	0	0	0	0	0	0	0
run02-73	0	5	0	7	13	0	0	66	0	17	0	0	0	5187	0	0	0	0	0	0	0	3	210	3	0	34	0	0	10	0	0	0	0	0	0	14	0	0	0	0	4	0	4	0	667	6	0	16	0	0	0	0	17	50	1493	0	11	1663	0	0	0	0	662	0	0	0	2	0	0	2	5	0	4	0	0	0	30	0	0	0	4313	2212	39	0	0	0	2	0	0	0	0	0	0	0	0	0	0	0	0	0	0	58	0	5	2	0	0	0	0	0	0	0	0	0	0	0	0	0	5	217	199	0	0	0	14	726	0	0	0	0	79	10	11	0	0	0	490	1313	0	0	0	0	83	0	0	0	0	0	0	0	0	0	0	0	0	0	0	0	0	0	0	0	0	0	0	0	0	0	0	0	0	0
run02-74	31	394	3	156	3	0	0	79	0	0	16	0	0	436	8	9	0	13	0	0	0	19	15	2	0	0	0	0	177	27	0	0	0	0	0	141	0	1458	4	10	0	35	59	0	1657	10	55	0	3	0	0	4	31	16	676	63	11	56	0	9	0	0	218	37	0	3	0	13	13	0	30	2	0	0	0	0	14	0	0	10	490	542	343	0	5	0	13	2	0	0	0	10	2	0	0	0	0	0	0	397	64	0	2	18	109	0	0	0	0	0	0	0	0	0	0	0	480	0	0	0	0	0	0	15	0	535	0	0	0	0	0	0	4	0	0	0	33	0	0	3575	0	0	735	0	0	0	0	0	0	0	0	0	0	0	0	0	0	0	0	0	0	0	0	0	0	3	0	0	0	0	0	0
run02-76	23	500	2	16	0	0	0	409	0	0	0	0	0	4285	0	0	0	0	0	0	0	20	0	7	0	96	0	0	1	0	83	0	0	0	0	71	0	0	0	0	10	0	0	4	583	14	8	2	0	0	0	12	43	19	977	0	24	616	0	16	0	0	201	19	0	0	0	0	0	0	67	0	0	0	0	0	0	0	0	0	2313	3747	24	0	39	17	89	0	0	6	0	0	0	0	0	0	0	2	0	0	0	0	0	0	0	26	0	0	0	0	0	0	0	0	0	0	0	5	230	0	275	0	0	0	0	354	0	21	0	0	0	0	18	5	0	0	0	662	0	0	0	140	123	6	0	0	0	0	0	0	0	0	0	0	0	0	0	0	0	0	0	0	0	0	0	0	0	0	0	0	0	0
run02-77	19	1086	0	7	8	0	0	3222	13	11	0	120	0	3346	0	0	0	15	0	816	0	7	0	0	0	60	0	0	0	637	0	2357	6	0	0	13	0	0	0	0	2	0	0	0	485	5	0	0	15	0	0	0	0	95	2189	0	512	195	4	292	0	8	176	34	0	24	0	75	172	6	18	1	0	0	0	3	179	0	0	92	387	1068	388	56	29	31	17	0	8	7	0	61	48	0	0	32	0	4	0	1790	0	48	0	139	708	0	0	0	0	14	0	2	0	4	0	0	8	7	3	618	0	0	0	276	4	212	49	0	0	0	11	8	0	0	0	0	511	45	0	0	0	0	25	0	12	0	0	0	0	0	0	0	0	0	0	0	0	0	0	0	0	0	0	0	0	0	0	0	0	0	0	0
run02-78	311	22	142	75	3	0	0	309	0	0	0	0	0	1244	0	0	0	0	0	0	4	0	0	24	0	0	0	0	0	0	0	0	0	0	0	21	13	9	0	0	0	0	0	0	1529	196	68	3	0	0	0	1437	0	0	133	0	0	788	0	0	0	0	23	0	0	0	0	0	0	0	0	0	0	0	0	0	0	0	0	0	3354	4549	3	0	0	0	0	0	0	0	0	0	0	0	0	0	0	0	0	0	11	11	0	0	0	0	0	0	0	0	0	0	0	11	0	0	0	18	0	0	0	0	0	0	11	620	0	550	11	0	0	0	19	0	42	8	0	3643	4	0	3	6	599	7	0	0	0	0	0	0	0	0	0	0	0	0	0	0	0	0	0	0	0	0	0	0	0	0	0	0	0	0
run02-79	8	0	0	0	0	6	0	625	0	0	265	103	6	1573	0	0	21	0	27	109	596	3	12	0	0	8	0	0	0	0	0	1172	0	0	0	0	0	0	0	0	0	0	0	0	31	0	4	0	0	0	0	1079	0	0	155	0	166	295	0	10	0	0	329	0	0	22	7	63	35	0	515	0	0	0	0	0	114	0	0	12	0	564	463	0	50	13	29	2	0	0	0	9	0	0	0	0	0	0	0	1204	0	12	0	0	1502	0	0	0	0	0	0	0	0	17	0	4	0	17	0	0	0	0	6	133	0	6	0	12	0	0	0	0	0	0	0	0	513	428	0	0	0	0	3	0	0	0	0	0	0	2286	0	0	0	0	16	0	0	0	0	0	0	0	0	0	0	0	0	0	0	0	0	0
run02-80	7	948	0	0	0	0	0	1515	0	31	0	0	0	3775	0	0	0	0	0	0	0	0	289	0	0	0	0	0	111	0	234	0	0	0	5	10	0	2	0	211	0	0	0	0	115	0	11	3	0	0	0	43	940	190	1025	0	0	826	0	0	0	0	381	6	0	0	0	48	0	0	451	10	0	0	0	0	118	0	0	0	2023	504	4	0	126	0	48	0	0	10	0	0	0	0	0	0	0	0	0	992	0	52	0	0	0	4	0	0	0	0	0	0	0	0	0	0	448	0	72	0	0	2640	0	89	0	10	0	2	0	0	0	0	2	0	0	99	0	246	0	0	0	3	59	0	0	0	0	0	0	0	0	0	0	0	0	0	0	0	0	0	0	0	0	0	0	0	0	0	0	0	0	0
run02-81	90	162	2	111	0	0	0	0	0	0	0	0	0	142	0	0	0	0	0	0	0	17	0	0	0	0	0	0	0	0	0	0	0	0	74	0	0	4391	12	310	255	29	200	0	447	59	62	0	0	36	24	0	0	31	0	0	0	0	0	0	30	0	0	0	0	0	200	0	0	29	0	0	0	0	0	0	0	0	40	0	0	0	182	0	0	0	0	0	0	0	0	0	30	0	0	34	0	0	0	0	0	0	0	92	0	0	0	0	0	0	0	0	0	0	0	0	0	0	111	0	0	0	0	0	0	2	0	0	0	0	4508	33	269	0	0	0	0	926	0	0	0	0	0	129	0	0	339	0	0	0	0	0	0	0	0	27	0	0	0	0	0	0	0	0	0	0	0	0	0	0	0	0
run02-82	0	423	2	0	0	0	609	1700	55	41	0	0	0	3774	202	9	56	39	0	0	0	172	75	0	0	41	0	3	17	130	0	0	6	68	0	71	3	0	13	0	0	0	0	0	51	0	0	0	30	0	3	9	341	135	2434	0	158	399	3	190	7	0	216	193	0	30	0	5	25	0	470	2	0	0	29	0	575	13	0	172	179	593	404	48	73	323	22	9	85	43	98	132	4	55	0	61	2	0	12	1581	0	115	15	516	571	8	0	16	29	50	0	6	5	0	0	0	8	0	2	0	320	2	0	0	0	11	0	0	5	0	0	0	0	0	0	78	97	315	0	0	0	0	0	0	61	0	0	0	0	0	0	0	0	0	0	0	2	0	0	0	0	0	0	0	0	0	0	0	0	0	0	0
run02-83	2	25	2	0	0	0	0	259	0	0	21	23	0	4619	0	24	0	0	0	0	0	11	82	0	2	14	0	0	0	93	0	0	2	0	0	4	0	186	0	0	9	0	2	0	25	0	0	0	0	3	0	617	0	7	385	5	240	4188	0	68	0	0	298	0	7	13	11	8	68	8	142	0	0	0	0	0	38	0	2	2	466	372	215	0	23	4	9	0	0	0	0	11	0	0	0	5	0	0	0	608	0	6	0	3	152	11	0	0	0	3	0	0	0	0	0	0	0	0	94	35	122	0	0	0	0	38	0	12	0	2	367	0	19	0	0	3	0	1004	206	95	0	0	9	12	0	0	47	0	0	0	0	0	0	0	0	0	0	0	0	0	0	0	0	0	0	19	0	0	0	0	0	0
run02-84	10	373	3	18	7	0	0	663	0	11	116	0	0	6418	0	0	35	61	92	0	0	244	251	0	0	0	0	0	0	739	49	1378	7	0	2	43	0	0	0	0	3	2	10	0	288	13	0	2	0	0	0	0	20	172	1645	0	370	902	0	670	0	16	161	42	11	92	0	50	150	12	210	0	0	0	31	10	87	17	0	107	32	232	473	0	174	289	15	17	2	40	14	107	109	61	0	25	0	0	0	2185	11	32	34	52	1204	78	0	0	8	27	6	0	0	0	9	0	5	0	13	0	579	0	0	0	0	35	0	0	0	0	0	0	16	0	0	13	272	179	80	0	0	0	32	2	0	0	0	0	0	0	0	0	0	0	0	8	0	0	0	0	0	0	0	0	0	0	0	0	0	0	0	0
run02-85	0	574	0	0	0	0	0	1027	0	60	0	12	0	4553	18	158	0	51	0	0	384	2	208	0	0	0	0	8	0	582	0	0	0	0	0	0	0	0	0	0	0	0	0	0	36	0	0	0	5	0	0	452	196	98	1908	7	393	815	0	200	14	0	181	0	0	41	15	73	114	0	201	0	0	0	0	0	210	0	0	168	66	2098	202	0	92	0	2	0	0	0	0	2	6	0	0	0	0	0	0	1113	0	24	0	0	644	0	0	0	0	3	0	11	0	0	0	0	12	0	0	62	0	102	62	120	34	36	0	0	0	0	0	0	3	0	0	0	799	0	0	98	0	0	26	0	0	0	0	0	0	0	0	0	0	0	0	0	0	0	0	0	0	0	0	0	0	0	0	0	0	0	0	0
run02-86	32	264	0	4	0	0	0	1978	0	18	0	93	0	3172	0	38	8	0	3	0	0	6	162	0	0	27	0	6	217	0	278	0	2	0	0	10	2	25	0	0	0	0	0	0	127	13	33	0	0	0	0	7	103	98	748	0	199	356	0	107	0	0	117	7	0	0	0	8	4	0	8	0	57	0	0	0	183	0	0	0	1172	2187	811	0	25	0	18	3	0	0	0	0	0	0	2	0	0	0	0	4	0	29	0	0	637	0	0	0	0	0	0	2	0	0	0	0	0	5	453	0	77	0	0	0	0	70	0	0	0	0	0	0	2	0	5	0	305	0	0	82	68	3	94	0	0	0	0	0	0	0	0	0	0	0	0	0	0	0	0	0	0	0	0	0	0	0	0	0	0	0	0	0
run02-87	0	935	3	0	0	0	0	0	0	155	0	0	0	4183	0	452	0	0	0	0	0	316	0	0	0	0	0	0	179	0	0	0	0	0	0	143	0	0	0	346	0	36	0	3	14	0	0	0	0	0	0	0	0	900	1994	97	0	294	0	36	8	13	656	5	5	0	0	23	21	21	0	106	31	5	4	0	91	0	0	0	133	0	351	1	33	9	62	25	0	74	0	0	12	0	5	36	0	2	6	829	5	71	0	182	629	0	0	7	5	209	0	0	0	0	27	0	113	0	0	0	0	0	0	103	0	0	0	1209	0	0	0	0	0	0	0	0	0	256	0	0	0	0	3	0	0	0	0	0	0	0	0	0	0	0	0	0	0	0	0	0	0	0	0	0	0	0	0	0	0	0	0	0
run02-88	0	233	0	0	0	0	0	1732	73	0	0	0	0	4099	0	0	0	0	0	0	0	234	0	0	0	0	0	0	6	73	13	0	3	3	18	4	0	0	0	0	2	0	0	10	15	0	2	0	0	0	0	27	717	35	1004	56	594	150	0	252	8	10	418	56	12	26	2	0	22	6	216	26	0	0	17	0	100	22	0	23	346	626	384	13	0	23	63	20	0	67	30	167	8	0	0	28	2	2	0	968	0	25	0	1452	1330	5	0	0	0	141	0	0	0	0	0	0	287	0	22	0	0	0	0	156	0	10	0	0	0	0	24	0	3	0	0	0	173	24	2	51	0	0	0	0	0	0	0	0	0	0	0	0	0	0	0	0	0	0	0	0	0	0	0	0	0	0	0	0	0	0	0	0
run02-89	5	476	0	2	0	0	0	1297	0	0	0	0	0	2395	344	0	0	0	0	0	0	6	0	0	0	22	0	0	0	287	28	0	0	0	3	27	0	0	0	0	8	0	0	10	142	5	2	0	0	0	0	12	171	83	271	0	506	533	0	32	0	0	111	4	2	0	0	20	9	6	503	0	0	0	0	0	126	3	0	0	65	2847	862	0	39	0	26	0	0	3	0	34	0	0	0	0	0	3	0	1403	0	75	0	0	75	0	0	0	0	4	0	0	0	0	0	0	148	0	22	0	0	0	0	89	0	7	0	0	0	0	53	0	10	0	0	0	168	128	0	0	0	0	22	0	2	0	18	0	0	0	0	0	0	0	0	0	0	0	0	0	0	0	0	0	0	0	0	0	0	0	0	0
run02-90	5	647	0	0	0	16	6	536	0	0	72	26	15	920	179	10	40	26	66	397	3540	190	61	0	0	25	0	0	0	14	0	673	2	0	0	0	162	10	0	0	0	0	0	0	101	0	0	0	43	104	0	0	2464	61	1244	5	150	285	0	49	15	0	93	10	14	40	11	18	29	2	295	0	0	0	31	0	86	23	50	134	0	170	1221	56	27	5	0	0	42	3	6	80	26	12	0	12	0	0	0	737	0	2	0	454	543	0	3	0	8	164	22	21	6	0	0	0	3	0	0	0	526	0	10	0	0	4	0	0	0	0	31	144	2	0	0	0	130	30	0	0	12	0	15	0	101	0	0	0	0	0	0	0	0	0	21	0	0	0	0	0	0	0	0	0	0	0	0	0	0	0	0	0
run02-91	121	27	0	857	0	0	0	0	0	0	0	0	0	5127	0	0	0	0	0	0	0	2	2	0	0	0	0	0	3	0	0	0	0	0	0	0	0	0	20	0	2	0	5	0	522	284	52	0	0	0	0	0	0	2	0	0	0	0	0	0	0	0	0	0	0	0	0	0	0	0	0	0	0	0	0	0	2	0	0	2	0	0	2	0	0	0	0	0	0	0	0	0	0	6	0	0	0	0	0	0	0	0	0	0	0	0	0	0	0	0	0	0	0	0	0	0	0	0	0	734	0	0	0	31	799	234	169	1235	0	0	0	0	3	0	0	0	463	2942	3716	0	0	4	51	0	2400	0	0	0	0	0	0	0	0	0	0	0	0	0	0	0	0	0	0	0	0	461	182	0	0	0	0	0
run02-92	51	131	6	16	5	0	0	507	6	0	0	33	0	1496	127	9	94	0	0	0	0	76	0	0	71	36	0	0	9	0	8	0	6	2	11	34	0	4	0	0	18	4	22	10	186	0	2	9	20	0	0	1027	100	53	268	0	16	30	0	9	0	0	106	0	17	4	52	0	0	5	27	9	80	8	0	0	90	7	0	5	7	124	60	5	3	27	14	28	24	27	28	224	0	0	0	9	4	6	0	342	0	32	117	200	60	0	0	31	5	120	0	7	0	6	10	0	4950	0	30	0	0	0	0	42	0	13	7	8	32	9	206	367	45	2	5	93	53	2099	5	97	0	0	114	15	9	0	20	0	0	0	0	0	0	0	8	0	0	0	0	0	0	0	0	0	0	0	15	0	0	0	0	0
run03-49	17	208	10	23	6	0	0	0	199	15	0	0	0	5467	0	165	0	0	0	3	7	0	0	0	0	0	0	0	6	0	5	0	0	0	24	6	0	2	0	10	0	0	0	11	174	12	0	5	4	0	0	85	42	137	2108	0	0	1324	10	499	0	21	274	25	0	357	0	64	8	0	3283	11	0	0	0	13	258	45	9	545	603	5012	1044	16	80	0	123	8	12	0	13	0	0	0	4	0	0	0	0	890	0	34	0	56	55	19	0	0	0	0	0	0	0	0	0	0	88	0	3	2	0	0	0	158	0	18	0	0	0	0	0	0	0	0	0	165	0	0	3	0	0	0	0	0	0	0	0	0	0	0	0	0	0	0	0	0	0	405	0	0	0	0	0	0	0	0	0	0	0	0	0	0
run03-50	81	31	19	57	2	0	0	685	0	0	56	0	0	3152	0	0	0	0	0	3	0	11	38	5	0	6	0	0	2	0	0	452	0	0	0	0	12	2	0	10	0	0	0	0	560	88	36	0	0	0	0	89	0	61	418	0	65	2047	0	0	0	0	16	321	0	0	0	58	28	0	0	0	0	0	0	0	0	0	0	0	3954	1526	31	0	333	0	4	0	0	0	0	0	12	0	0	0	0	0	0	467	0	20	0	0	0	0	0	0	0	0	0	0	0	7	2	0	544	3	0	0	94	0	0	0	0	180	0	668	0	0	0	0	0	0	0	0	345	918	0	0	0	4	99	0	0	0	0	0	0	0	0	0	0	0	0	0	0	0	0	0	0	0	0	0	0	0	0	0	0	0	0	0
run03-51	10	198	0	25	0	0	0	639	0	0	0	0	9	611	5	0	0	0	0	50	0	0	13	0	0	0	0	0	0	802	0	0	0	0	0	0	0	14	0	0	1167	66	8	0	1599	65	32	30	2	0	0	21	512	474	1133	652	667	672	0	388	3	0	97	47	78	178	0	323	9	3	127	0	0	0	29	0	79	6	0	80	21	561	661	12	63	75	26	0	0	0	0	2	0	0	0	0	0	0	0	2659	0	40	0	0	158	0	0	0	0	0	0	0	0	0	0	0	105	0	32	0	0	0	0	0	0	55	13	0	0	0	0	0	0	0	5	0	87	1682	3	12	24	12	75	0	0	0	0	0	0	0	0	0	0	0	0	26	0	0	0	0	0	0	0	0	0	0	0	0	0	0	0	0
run03-52	4	19	0	0	0	0	0	870	0	15	0	0	0	5602	4	85	0	24	0	0	0	4	27	49	0	118	0	0	0	16	0	0	4	0	0	45	0	0	0	0	0	0	0	0	21	2	0	0	63	0	0	25	0	20	235	0	99	564	0	30	0	29	463	0	0	11	36	312	27	0	51	0	140	0	0	0	72	0	0	37	1360	2637	54	0	28	3	19	0	0	0	0	0	14	0	0	0	2	0	0	715	0	44	0	0	604	0	0	0	0	0	0	4	0	0	0	0	0	912	0	0	41	0	0	0	0	42	211	109	0	0	0	0	0	0	0	0	58	572	0	913	4	61	334	50	0	0	0	0	0	0	0	5	0	0	0	0	0	0	0	0	0	0	0	0	0	0	0	0	0	0	0	0
run03-53	3	1494	0	0	0	0	0	0	0	1552	0	26	0	1051	0	0	4	0	0	0	0	530	0	0	0	0	0	0	13	0	0	0	0	13	0	130	0	4598	43	2	0	0	0	187	2284	0	0	4	0	0	198	3	0	404	2220	0	0	329	91	23	0	172	1101	34	0	9	0	0	0	0	313	351	12	16	29	447	0	0	13	9	0	114	490	0	0	59	49	37	5	91	0	69	0	0	0	7	18	5	0	40	0	57	0	7	0	207	0	4	0	37	309	33	0	0	35	0	44	0	0	0	0	0	0	3	0	0	0	0	7	0	0	0	0	0	0	8	0	386	0	0	0	3	3	0	0	0	0	0	0	0	0	0	0	0	0	0	0	0	0	0	0	0	0	0	0	0	0	0	0	0	0	0
run03-54	139	399	0	0	10	9	0	1335	25	5	63	202	0	5521	1311	35	127	0	0	0	688	1919	67	264	0	40	64	39	0	0	40	458	19	0	0	0	3	0	0	0	38	0	0	49	1173	86	4	0	0	0	0	0	105	110	3100	0	119	357	0	65	0	0	486	9	61	21	0	19	0	7	571	4	0	0	7	0	148	3	0	47	883	24	568	40	6	70	203	5	0	128	2	0	3	0	0	0	10	3	0	1933	0	7	87	0	516	6	0	0	2	127	0	0	0	0	14	3	97	0	0	671	338	348	32	0	406	95	0	306	11	0	0	134	0	0	0	13	528	35	3	0	2	0	9	0	0	0	0	0	0	0	0	0	0	0	0	0	0	0	0	0	0	0	0	0	0	0	0	0	0	0	0	0
run03-57	2	1105	0	0	0	0	12	0	39	0	0	0	0	6597	139	10	0	109	23	0	370	29	731	0	0	0	0	0	40	0	0	0	0	436	0	93	0	118	0	24	0	0	3	0	14	2	0	0	0	0	0	15	0	18	3664	0	0	95	0	0	102	0	1207	0	0	0	0	0	0	0	0	35	0	0	0	2	706	0	0	0	132	1407	213	0	77	85	160	7	0	30	34	69	0	35	0	62	7	0	0	1306	372	167	0	0	3385	510	0	0	0	0	0	13	0	0	0	0	37	0	7	0	0	0	0	181	0	9	0	0	0	0	0	0	0	0	0	4	391	2002	33	23	0	0	12	0	35	0	0	153	0	0	0	0	0	0	0	0	0	0	0	0	0	0	0	0	0	0	0	0	0	0	0	0
run03-58	14	296	0	5	0	8	466	1085	0	0	48	32	0	2761	407	18	83	143	5	0	732	375	70	0	9	24	0	0	0	0	0	20	0	28	6	5	182	2	0	0	0	0	0	0	176	9	17	0	159	246	0	9	0	0	1535	0	300	251	0	53	31	4	73	12	97	25	0	19	79	27	1462	13	0	0	3	0	92	32	7	10	15	143	1068	6	8	13	2	7	104	13	17	408	73	222	18	41	0	0	3	2883	0	11	17	51	596	0	10	16	4	145	17	29	0	203	6	0	2	3	0	103	0	0	8	120	354	0	0	0	0	0	0	83	0	0	0	4	143	497	0	0	12	0	10	0	296	0	0	20	0	0	0	0	0	0	36	0	0	0	0	0	0	0	0	0	0	0	0	0	0	0	0	0
run03-59	59	384	0	0	11	0	0	98	0	8	50	0	0	4325	1152	33	0	0	349	705	0	1086	1303	0	0	15	0	7	58	0	0	0	0	113	9	0	15	4	110	0	0	0	0	0	1116	4	11	0	352	104	144	482	840	12	2407	0	0	59	26	88	136	10	612	23	0	0	0	0	0	115	410	181	0	7	49	3	137	18	0	0	38	1192	737	13	42	240	153	194	257	123	64	4	0	122	97	168	26	0	37	1962	16	312	95	2214	1778	52	21	199	59	230	192	43	12	11	8	0	0	0	50	0	0	0	0	203	103	22	0	31	11	0	0	0	0	0	0	103	158	22	1698	0	0	0	29	0	13	0	0	269	0	0	0	0	0	0	0	0	92	0	5	0	0	0	0	0	5	0	0	0	0	0	0	0
run03-60	0	3	3	0	0	0	0	0	4	15	0	0	0	2162	4	0	0	3	0	0	0	0	2	0	0	10	0	0	0	0	0	0	0	0	0	3	0	3	0	3	0	0	0	0	13	0	0	3	0	0	0	350	0	0	20	0	154	0	0	0	0	0	183	0	0	0	0	5	0	0	123	0	0	0	0	0	0	0	0	0	1479	17122	11	0	3	0	2	0	0	3	0	10	0	0	0	0	0	0	0	191	0	13	0	0	78	0	0	0	0	0	0	0	0	0	0	0	0	3	6	0	0	25	0	0	0	0	0	0	0	0	0	0	0	0	0	0	28	4861	0	0	0	0	0	4	0	0	0	0	0	0	0	0	0	0	0	0	0	0	0	0	0	0	0	0	0	0	0	0	0	0	0	0
run03-61	28	26	0	7	2	0	0	0	0	0	0	0	0	0	0	0	0	0	0	0	0	0	0	15	0	0	0	0	0	0	0	0	0	0	0	209	0	27	0	0	0	0	0	0	131	6	0	0	0	0	0	413	193	52	5066	0	1053	1362	0	2172	65	0	644	426	8	0	0	732	0	0	602	38	0	0	4	0	267	17	6	95	2200	1538	474	0	0	0	243	0	0	0	0	0	0	0	0	0	0	0	0	0	0	81	0	32	54	243	0	0	0	0	0	0	0	0	0	0	1360	0	13	0	0	0	0	328	6	420	331	81	0	0	0	0	0	0	0	0	0	1223	785	0	0	0	121	0	8849	0	0	0	0	0	0	0	0	0	0	0	0	0	0	0	0	0	0	0	0	0	0	0	0	0	0	0
run03-62	10	266	0	0	0	0	4	1457	0	32	0	114	0	2117	0	0	0	0	0	0	351	11	11	0	14	35	0	0	0	519	0	0	0	0	0	15	2	0	0	2	8	0	2	0	173	0	8	0	0	2	0	21	57	19	1161	126	422	173	0	166	0	2	698	0	0	10	26	18	4	0	114	4	0	0	0	0	184	0	0	123	431	1811	107	0	26	5	2	0	0	0	0	9	0	0	0	0	0	0	0	18	0	16	0	0	3012	3	0	0	0	0	0	0	0	0	0	6	86	0	0	0	0	244	0	0	186	23	0	0	2	0	0	0	0	0	0	3	103	156	0	0	0	0	22	0	0	0	0	0	0	0	0	0	0	0	0	0	0	0	0	0	0	0	0	0	0	0	0	0	0	0	0	0
run03-63	0	0	0	0	0	0	0	768	0	0	169	64	0	3260	0	0	30	0	0	0	309	152	82	0	0	0	0	0	0	0	0	0	0	6	0	0	0	0	0	0	0	0	0	2	114	0	27	0	5	0	0	0	112	33	2056	0	865	1254	0	51	119	0	618	0	10	14	49	115	355	7	1949	0	0	0	3	0	173	0	0	25	189	2020	796	0	97	52	93	77	77	24	5	318	27	32	9	102	0	0	0	1263	0	2	22	0	321	4	0	0	3	23	35	36	0	0	104	0	0	0	0	0	125	0	9	0	0	2	0	0	0	0	0	0	0	0	0	0	0	539	5	12	11	0	69	0	0	0	0	0	0	7	0	0	0	0	145	0	0	0	0	0	0	0	0	0	0	0	0	0	0	0	0	0
run03-64	0	0	7	3	0	0	0	2264	0	0	292	42	0	3350	105	0	15	12	0	0	132	16	9	0	0	56	0	8	0	228	0	2281	0	0	0	0	0	0	0	0	0	0	0	3	31	7	0	4	12	0	0	0	0	43	3259	147	1718	892	0	216	150	0	401	0	180	7	31	196	357	27	27	0	0	0	0	0	577	0	0	88	40	2480	1328	0	60	154	9	4	45	0	0	348	109	20	0	38	0	0	0	3900	0	168	46	0	2055	0	0	6	5	4	0	20	3	0	0	0	2	6	0	0	25	14	8	18	0	15	0	12	0	3	0	0	0	0	0	0	880	1843	0	0	20	9	103	0	0	0	0	0	0	0	0	0	0	0	0	0	0	0	0	0	0	0	0	0	0	0	0	0	0	0	0	0
run03-66	13	15	0	5	0	0	0	768	18	2	17	36	32	4070	220	93	48	90	79	0	0	518	182	0	108	103	278	11	0	17	3	0	0	7	0	2	0	6	8	0	7	0	0	0	201	2	10	0	41	34	0	245	420	18	1257	88	394	486	0	181	51	0	173	9	25	30	11	11	10	15	957	13	32	6	10	0	71	99	0	49	29	329	670	4	25	37	2	5	119	11	12	293	53	88	2	78	2	6	0	1654	0	58	58	12	389	5	0	5	12	22	0	3	4	0	13	0	4	0	18	70	199	65	2	0	0	0	0	0	0	0	0	55	0	0	0	75	49	212	0	27	0	0	288	0	111	0	0	0	0	0	0	0	0	0	0	0	0	999	7	0	0	0	0	0	0	0	0	0	0	0	0	0
run03-67	5	2335	0	0	0	0	0	1162	24	0	73	47	72	1730	75	189	70	43	0	0	8048	718	158	0	188	42	0	10	0	38	0	542	0	9	272	0	0	0	8	0	0	0	0	0	287	0	0	0	112	515	0	464	80	117	1188	204	764	649	0	181	35	0	190	50	53	174	16	17	0	32	602	0	0	2	45	0	191	17	60	56	0	479	1885	71	53	54	0	4	171	21	0	514	70	223	81	77	0	4	0	2410	0	105	8	348	845	0	13	14	28	353	0	21	14	0	10	0	227	0	20	0	453	342	5	0	0	35	0	0	0	0	0	58	0	0	0	0	199	214	0	0	0	0	40	0	19	0	0	0	0	0	0	0	0	0	76	0	0	1310	0	0	0	0	0	0	0	0	0	0	0	0	0	0
run03-68	0	145	0	8	0	0	0	821	2	0	116	33	0	2687	78	744	120	21	0	0	131	955	593	0	333	128	0	4	0	74	0	605	0	2	24	0	0	0	7	0	2	0	0	0	113	4	6	0	188	139	0	15	373	18	1771	88	460	454	0	67	34	0	221	0	11	95	0	24	246	53	301	0	0	0	25	0	384	30	10	117	0	942	642	11	36	52	0	9	86	23	3	754	95	115	4	79	0	0	0	1940	0	114	191	8	894	5	35	0	23	104	8	69	13	237	5	0	107	0	16	0	263	0	3	0	0	2	0	0	0	0	0	393	0	0	12	3	839	146	0	0	0	3	126	0	2696	0	0	0	0	0	0	0	0	0	0	0	0	585	0	0	0	0	0	0	0	0	0	0	0	0	0	0
run03-69	3	655	0	0	0	0	0	351	0	79	0	0	0	10719	222	183	49	4	0	0	0	32	59	0	0	79	0	0	0	0	0	0	0	0	0	11	0	7	0	0	0	0	0	0	46	0	5	35	0	0	0	286	3	2668	1790	0	370	1212	0	587	0	0	445	8	0	164	10	172	199	0	1593	0	0	0	0	0	122	0	0	0	0	23	906	0	129	0	21	0	0	60	0	0	38	0	0	12	0	0	0	1454	0	56	0	0	991	0	3	0	0	0	0	0	0	0	0	6	115	3	0	0	106	0	0	0	0	2	178	0	0	0	0	0	0	0	0	0	418	570	0	40	0	0	0	0	17	0	0	0	0	0	0	0	0	0	0	0	0	0	0	0	0	0	0	0	556	0	0	0	0	0	0	0
run03-70	18	554	0	2	0	0	3	1992	46	0	0	2	0	10296	0	0	0	0	0	0	0	0	1096	0	0	0	0	0	0	0	37	0	0	0	0	44	0	0	20	0	181	0	0	0	417	13	25	0	0	0	0	0	0	5	3027	0	16	3172	0	0	0	0	898	346	0	0	0	0	0	0	539	0	16	0	0	0	3	0	0	0	2154	171	1467	0	116	0	87	56	0	4	0	0	0	0	0	0	0	0	0	0	0	5	0	14	1093	0	0	0	0	0	0	0	0	2	3	12	0	19	0	0	0	0	0	200	0	454	0	201	0	0	0	0	0	0	4	46	843	1067	0	0	8	9	348	0	0	0	0	0	0	0	0	0	0	0	0	0	0	0	0	0	0	0	0	0	0	0	0	0	0	0	0	0
run03-71	196	1756	0	139	12	38	5	1467	0	4	255	230	8	7570	0	0	0	0	0	2	0	94	441	5	0	36	0	0	0	1005	0	0	0	0	0	10	0	218	0	26	10	0	0	0	2054	113	189	0	0	0	0	12	979	247	1352	0	462	1992	0	0	0	2	222	19	32	0	0	0	11	0	1903	0	0	0	14	0	241	16	0	322	883	194	144	0	90	0	6	0	0	18	0	0	0	0	0	0	0	0	0	664	0	62	0	0	0	0	0	0	0	34	0	0	0	117	0	0	7	0	11	1295	0	0	0	43	0	165	0	0	0	0	0	0	0	0	0	0	923	84	0	0	143	0	156	0	0	0	0	0	0	0	0	0	0	0	0	0	0	0	0	0	0	0	0	0	0	0	0	0	0	0	0	0
run03-72	8	1865	0	4	0	68	138	3116	0	0	86	18	17	475	6	4	8	22	62	0	2797	35	70	0	0	28	33	0	0	83	0	651	0	6	0	0	0	308	0	0	0	0	0	0	402	2	4	0	18	25	0	0	981	24	2961	0	518	806	0	47	24	0	20	14	28	50	51	15	9	24	480	0	0	0	40	0	151	12	5	409	0	3	810	17	45	25	0	35	51	11	8	217	41	131	2	9	0	0	0	1719	9	44	0	32	502	6	9	0	9	22	0	3	0	0	0	2	0	0	15	74	0	0	0	318	544	93	0	0	0	0	0	0	0	0	0	0	66	2454	0	4	0	7	14	0	0	0	0	0	0	0	0	0	0	0	0	0	0	0	0	0	0	0	0	0	0	0	0	0	0	0	0	0
run03-73	2	0	0	23	0	0	0	1148	0	0	0	0	0	6152	0	0	291	0	0	0	0	0	11	0	0	0	0	0	22	5	0	0	0	0	0	737	0	2	0	0	0	0	0	0	111	5	7	0	0	0	0	195	0	132	338	0	0	1723	0	0	0	103	524	0	0	0	0	328	0	0	2	0	612	0	0	0	0	0	0	0	529	3569	85	0	4	0	368	0	0	0	0	0	267	0	0	0	0	0	0	0	0	31	0	0	0	0	0	0	0	0	0	0	0	0	0	0	274	0	0	0	0	0	0	0	0	0	0	3	0	0	0	0	0	0	0	0	666	1808	0	21	0	0	59	0	0	0	0	0	0	0	0	0	0	0	0	0	0	0	0	0	0	0	0	0	3	0	0	0	0	0	0	0
run03-74	721	151	9	93	254	0	0	184	0	33	0	25	0	785	54	45	12	0	0	45	0	26	0	41	44	41	0	0	7	0	0	0	0	0	0	47	230	0	0	2	0	0	0	0	3626	357	883	9	0	40	0	0	4	46	744	0	0	0	0	20	25	0	62	0	0	0	0	0	2	10	12	76	87	0	0	0	11	0	0	0	317	622	627	0	2	10	9	2	0	21	9	0	0	0	0	0	2	0	0	0	88	30	49	3	121	9	0	0	0	0	0	0	0	171	0	94	0	596	0	0	0	0	0	44	185	1263	0	398	200	0	0	65	0	0	5	113	0	78	0	0	0	63	1644	0	0	0	0	0	0	0	0	0	0	0	0	0	4	0	0	0	0	0	0	0	0	0	0	0	0	0	0	0
run03-75	0	455	0	3	0	218	0	5049	0	0	76	62	10	5016	0	0	0	0	0	0	0	0	681	0	0	0	0	0	149	0	0	0	0	38	0	234	21	62	5	190	0	5	53	0	397	0	0	0	0	0	0	119	2108	303	3216	0	211	849	0	593	16	0	189	77	124	0	0	20	11	0	81	67	0	0	0	6	215	15	0	4	131	774	989	42	26	0	62	0	4	91	0	45	38	0	0	73	0	0	23	2750	0	152	36	19	46	75	0	16	9	385	0	0	0	0	48	0	671	0	49	0	0	0	0	369	0	8	0	0	0	0	0	0	20	3	6	220	0	754	0	0	3	0	59	0	0	0	0	0	0	0	0	0	0	0	0	0	0	0	0	0	0	7	0	0	0	0	0	0	0	0	0	0
run03-76	84	72	0	53	0	44	0	472	14	0	232	172	0	2698	1351	17	0	0	62	0	0	494	411	0	37	143	0	0	5	118	0	722	5	0	0	14	6	0	0	0	0	0	0	0	475	17	11	0	86	243	0	3	32	31	2414	0	135	389	0	163	9	0	49	19	9	84	0	38	75	3	193	0	4	0	15	0	210	0	0	72	14	1704	437	6	34	68	12	9	0	22	3	86	15	4	0	37	0	2	0	3889	0	32	0	0	79	0	0	0	3	27	0	14	0	5	0	5	42	2	0	78	243	57	0	0	4	78	0	302	6	0	0	2	0	0	0	0	331	0	0	0	0	4	348	0	0	0	0	0	0	0	0	0	0	0	0	0	0	0	0	0	0	0	0	0	0	0	0	0	0	0	0	0
run03-77	33	17	0	3	0	0	0	348	10	0	0	2	0	7296	0	0	0	0	0	0	0	3	0	0	0	0	0	0	6	650	0	0	0	4	0	13	0	0	0	0	0	0	0	0	212	13	8	0	493	0	0	0	29	78	565	0	229	2277	0	75	0	0	185	22	22	14	0	0	0	25	31	16	0	0	0	0	82	12	4	0	661	98	719	3	31	36	11	10	0	5	3	62	23	0	12	2	0	0	0	1335	0	88	29	0	435	47	0	0	8	7	0	0	0	0	0	0	4	4	0	0	3	0	0	102	0	18	0	6	2	0	0	0	20	2	0	0	703	0	889	0	0	0	26	5	0	0	0	0	0	0	0	0	0	0	0	0	0	0	0	0	0	0	0	0	0	0	0	0	0	0	0	0
run03-78	106	304	3	53	9	0	0	709	30	0	0	0	0	8332	0	0	0	0	0	0	0	121	0	0	0	0	8	0	11	310	165	0	0	0	0	174	6	0	0	0	0	0	0	0	702	57	48	0	0	0	0	340	0	320	2545	0	0	559	0	1	0	3	582	0	0	0	0	0	164	0	2	119	11	0	0	0	0	0	0	0	2167	1681	2310	0	84	88	340	0	0	35	0	0	0	0	0	0	0	8	0	578	0	24	0	0	0	131	0	0	0	0	0	0	0	0	2	5	5	0	0	395	373	0	0	0	6	90	4	3	3	0	0	0	26	0	0	0	193	370	0	0	0	0	117	4	0	0	0	142	0	0	0	0	0	0	0	0	0	0	0	0	0	0	0	0	0	0	0	0	0	0	0	0
run03-79	6	865	0	0	0	0	0	0	0	0	0	0	0	3	0	0	0	0	0	0	0	0	0	0	0	0	0	0	0	0	0	0	0	0	0	0	0	3176	0	12	3	3	0	0	8059	2	0	0	0	0	0	269	0	0	0	0	0	0	0	0	0	0	0	0	0	0	0	0	0	0	0	0	0	0	0	0	0	0	0	0	0	0	0	0	0	0	0	0	0	0	0	0	0	0	0	0	0	0	0	0	0	0	0	0	0	0	0	0	0	0	0	0	0	0	0	0	0	0	0	0	0	0	0	0	0	111	0	0	3	0	0	0	18	0	0	291	0	2664	1295	55	0	0	0	5	0	0	0	0	0	0	0	0	19	0	0	0	0	0	0	0	0	0	0	0	0	711	331	1800	0	0	0	0
run03-80	11	370	0	0	3	0	0	0	0	172	0	0	15	6514	0	316	87	0	0	0	0	961	8	0	0	0	1008	188	112	0	111	0	0	0	0	89	10	0	0	5	0	0	0	0	166	6	6	0	0	0	0	12	0	10	1797	0	396	1009	0	72	0	0	981	0	0	0	0	0	65	0	156	52	0	0	16	0	0	0	0	0	1057	1556	94	0	59	0	200	151	0	28	112	0	0	0	0	47	0	2	147	724	95	158	0	0	2526	328	0	0	0	0	0	0	0	2	0	0	397	10	10	0	315	0	0	15	6	26	0	23	0	0	0	961	2	0	0	184	0	362	0	0	0	0	44	0	0	0	0	0	0	0	0	0	0	0	0	0	0	0	0	0	0	0	0	0	0	0	0	0	0	0	0	0
run03-82	1	231	0	7	0	0	0	2752	0	0	141	192	0	6914	2083	430	0	504	0	0	0	103	136	0	2	0	0	6	0	0	0	395	15	0	0	7	0	0	0	0	0	0	0	18	509	22	32	0	0	0	0	0	0	148	1084	0	309	690	0	61	0	0	434	10	9	0	0	5	173	6	74	0	0	0	0	0	517	10	3	0	0	929	1845	0	112	59	0	0	0	41	69	7	22	17	0	166	0	0	0	909	0	102	15	0	1717	0	0	0	0	344	0	0	0	2	0	0	4	4	24	624	194	0	0	0	0	0	0	2	0	0	0	37	42	0	4	2	1090	0	0	35	10	0	53	8	171	0	0	0	0	0	0	0	0	0	0	10	0	0	0	0	0	0	0	0	0	0	0	0	0	0	0	0
run03-83	0	800	0	14	0	0	0	3587	0	19	138	0	0	3758	23	0	0	0	0	0	0	0	145	12	0	0	0	0	154	0	0	0	0	0	0	114	0	0	0	0	47	0	61	0	171	0	0	11	0	0	0	85	0	20	3041	0	0	230	0	38	0	0	299	0	0	0	0	29	62	0	196	0	0	0	0	0	87	0	0	262	29	120	683	0	66	0	0	0	0	0	0	0	3	0	223	0	0	0	0	1474	0	12	0	17	116	0	0	0	0	0	0	0	0	0	0	12	0	0	0	0	0	0	0	0	0	152	0	13	0	0	0	0	37	0	0	13	0	47	0	0	0	0	196	12	0	0	0	0	0	0	0	0	0	0	0	0	0	0	0	0	0	0	0	0	0	0	0	0	0	0	0	0
run03-84	96	348	3	428	7	0	0	1351	12	49	0	0	0	3584	324	0	6	35	34	0	0	478	5	169	0	141	9	0	0	515	12	0	0	0	0	17	41	0	0	0	0	0	0	3	430	88	144	0	2	0	0	0	68	156	1731	196	1528	581	9	121	0	15	364	9	6	14	14	144	215	0	1444	3	0	0	17	0	358	7	0	0	59	1868	1072	5	75	0	3	8	15	6	0	364	92	23	0	101	3	0	0	1668	0	67	3	19	780	5	0	0	4	13	0	0	3	19	0	82	8	54	6	0	0	0	0	52	2	226	0	127	0	0	0	3	28	11	51	5	521	141	0	0	8	0	74	12	8	0	0	0	0	7	0	4	0	0	0	0	0	0	0	0	0	0	0	0	0	0	0	0	0	0	0	0
run03-85	0	1288	0	0	0	0	0	1647	28	0	0	0	0	1370	133	0	0	0	0	0	0	50	0	0	0	0	0	0	0	152	0	0	0	0	3	2	0	0	0	0	0	0	2	0	14	0	0	0	72	0	0	199	388	78	535	7	64	83	0	450	4	0	79	238	5	64	3	16	3	4	218	0	0	0	67	0	73	7	0	16	10	116	102	9	56	15	0	0	0	0	0	58	28	9	0	3	0	0	0	1195	0	23	0	73	397	0	0	0	0	30	0	0	0	0	0	0	29	0	215	0	0	0	0	632	0	9	0	0	0	0	0	0	0	0	0	80	0	15	0	161	0	0	58	0	0	0	0	0	0	0	0	0	0	0	0	0	0	0	0	0	0	0	0	0	0	0	0	0	0	0	0	0
run03-86	15	5891	0	16	0	0	0	523	0	0	275	0	0	43	2	0	0	0	0	0	0	0	2	0	0	0	0	0	0	0	0	0	0	0	23	2	0	0	0	6	8	33	0	0	3282	0	2	0	0	0	0	16	14	168	1148	0	115	29	0	0	0	0	35	10	0	13	0	4	0	0	0	20	0	0	0	0	122	0	0	0	0	0	160	0	7	0	2	0	0	3	0	0	0	0	0	0	0	0	0	804	0	0	0	20	0	0	0	0	0	0	0	0	0	0	0	0	3	0	0	539	0	0	0	36	0	36	0	0	0	0	0	0	0	0	0	0	24	0	0	0	0	0	5	0	0	0	0	0	0	0	0	0	0	0	0	0	0	0	0	0	0	0	0	0	0	0	0	0	0	0	0	0
run03-87	3	547	0	0	0	0	0	0	0	63	0	0	0	3118	0	129	49	0	99	0	0	53	87	0	0	29	0	3	56	0	200	0	0	0	2	52	0	3	0	0	0	0	0	0	149	3	0	0	0	0	0	49	0	22	145	0	0	465	18	0	5	3	540	0	0	0	0	0	10	0	5	11	0	0	0	3	2	34	0	0	597	898	182	0	32	3	49	102	0	31	63	0	0	0	0	0	0	2	2	2	11	15	0	8	47	12	0	0	0	0	0	0	0	0	0	0	81	0	9	1264	1046	0	0	0	0	36	0	0	0	0	0	38	2	0	0	97	197	948	0	2	0	0	2	0	0	0	0	0	0	0	0	0	0	0	0	0	0	0	0	0	0	0	0	0	0	0	0	0	0	0	0	0
run03-88	0	0	0	0	0	0	0	0	0	0	0	0	0	5437	0	0	0	0	0	0	0	488	0	0	0	193	16	0	3	0	0	0	0	0	0	47	0	0	0	0	0	0	0	0	18	0	0	0	0	0	0	6	26	10	540	0	516	375	0	179	0	0	501	83	0	62	0	0	6	2	925	6	0	0	2	0	78	17	3	19	182	506	249	112	139	19	43	0	0	2	0	15	19	3	0	0	0	8	0	321	0	19	0	26	198	6	2	0	0	30	0	2	0	0	0	0	15	0	0	907	0	0	0	149	324	2	0	0	0	0	0	0	0	0	0	0	227	211	0	0	0	0	0	0	2	0	0	0	0	0	0	0	0	0	0	0	0	0	0	0	0	0	0	0	0	0	0	0	0	0	0	0
run03-89	7	234	2	0	0	0	0	2046	26	16	110	0	28	4898	806	116	0	51	0	0	0	252	168	0	0	133	0	53	0	73	87	0	9	4	4	6	0	0	0	0	0	0	0	100	131	0	0	4	2	0	2	48	171	41	2138	0	7	1031	4	151	0	3	155	6	0	76	40	0	0	0	833	15	0	33	8	0	282	9	11	0	163	2008	492	11	53	12	73	10	17	42	0	398	109	2	4	46	0	0	3	1825	0	58	0	48	2257	16	0	0	1	99	0	0	0	0	0	0	187	4	38	0	506	0	9	0	0	2	0	0	0	0	0	1286	0	0	0	60	147	286	0	0	7	0	105	0	8	0	0	0	0	0	0	0	0	0	0	0	0	0	0	0	0	0	0	0	0	0	0	0	0	0	0	0
run03-90	34	685	0	36	0	0	0	0	0	72	0	0	0	5527	288	0	44	0	0	0	0	7	0	0	0	11	0	0	2	1996	0	0	0	27	0	17	0	78	0	0	0	0	0	4	734	14	7	0	8	0	0	222	919	218	1376	0	200	210	0	816	0	0	174	143	0	376	82	0	2	0	1036	18	0	0	0	0	146	0	37	0	118	259	485	71	3	27	26	11	0	0	7	25	84	2	0	0	0	0	0	2679	0	3	13	45	497	2	0	0	14	2	0	0	0	2	0	4	94	0	780	0	0	0	0	223	0	78	0	4	0	0	0	0	0	0	2	259	0	0	0	0	0	0	199	0	0	0	0	0	0	0	0	0	0	0	0	0	0	0	0	0	0	0	0	0	0	0	0	0	0	0	0	0
run03-92	85	139	0	141	7	0	0	776	3	44	0	0	0	2477	240	0	19	36	20	3	0	216	4	76	0	105	6	0	0	304	0	0	0	0	0	13	11	0	0	0	0	0	0	9	182	30	67	0	0	0	0	5	0	126	1400	128	1144	436	0	75	0	0	250	20	4	22	0	148	137	0	806	3	0	0	0	0	266	0	0	0	50	1511	820	0	30	0	13	0	8	0	3	167	77	11	0	60	0	0	0	931	0	32	6	0	541	0	0	0	6	0	0	0	16	0	0	83	10	14	0	0	0	0	0	27	0	92	0	124	0	7	0	0	19	0	14	3	351	72	0	0	0	0	18	5	20	0	0	0	0	5	0	0	0	0	0	0	0	0	0	0	0	0	0	0	0	0	0	0	0	0	0	0
run04-52	10	914	0	4	0	0	0	2005	0	14	105	0	0	2624	0	0	32	83	0	0	0	51	128	14	0	77	0	0	0	286	33	0	0	0	5	8	0	0	0	29	0	0	0	19	51	0	0	0	47	0	0	0	6	86	3123	9	454	476	0	76	0	0	131	40	11	22	18	173	7	7	227	0	48	0	4	5	141	9	0	94	0	339	330	5	16	12	20	0	0	29	23	652	111	33	0	31	3	0	4	2317	0	44	0	0	384	13	0	0	0	152	0	0	0	0	0	4	43	10	89	261	0	0	0	259	0	0	14	17	0	0	0	11	0	0	0	23	98	27	2	0	0	0	3	0	0	0	0	0	0	0	0	0	0	0	0	0	0	0	0	0	0	0	0	0	0	0	0	0	0	0	0	0
run04-53	63	0	0	49	0	0	11	0	27	0	0	0	0	6576	167	288	0	0	0	0	0	8	126	8	0	81	0	0	5	0	3	0	0	30	0	0	0	3	0	0	0	0	0	0	88	23	34	12	0	22	0	0	0	135	1112	0	385	4648	0	93	0	0	1447	0	0	0	61	453	0	0	37	0	29	0	0	0	330	0	0	72	1860	2335	1773	0	28	2	0	33	0	6	0	0	0	0	0	59	0	0	0	1830	357	173	60	0	1224	0	0	6	9	72	5	0	0	9	16	38	2	36	0	0	68	0	0	0	0	15	0	24	0	0	0	0	34	0	20	634	0	0	0	0	0	0	73	6	0	0	0	0	0	0	0	0	0	0	0	0	19	0	0	0	0	0	0	0	0	0	0	0	0	0	0	0
run04-54	7	530	0	0	0	91	803	1465	0	0	193	32	0	4960	541	81	167	185	126	0	1591	260	520	0	0	198	1385	45	0	214	0	0	18	13	0	7	0	0	0	65	0	0	5	0	932	0	0	0	41	0	10	0	893	6	2934	0	0	0	88	0	15	4	147	0	0	0	181	0	92	0	2018	56	0	0	101	15	72	32	0	1075	0	1052	1652	0	20	20	29	113	78	56	53	430	0	173	130	98	0	6	21	5602	35	175	225	0	394	38	2	12	11	276	0	15	0	232	7	0	0	0	0	304	294	439	0	0	0	0	0	0	0	0	0	0	3	0	0	7	129	1133	0	101	0	0	6	0	0	0	0	12	0	0	0	0	0	0	0	0	4	0	0	0	0	0	0	0	0	0	0	0	0	0	0	0
run04-67	0	76	0	0	0	0	0	0	0	13	0	0	0	900	0	0	0	0	0	0	0	0	0	0	0	0	0	0	0	0	0	0	0	0	0	0	0	28114	0	0	0	0	0	0	14	0	0	7	0	0	0	0	0	0	0	0	0	0	0	0	0	45	0	0	0	0	0	0	0	0	4	0	0	0	0	0	0	2	0	0	0	0	5	0	0	0	0	0	0	0	0	0	0	0	0	0	0	0	0	42	0	0	0	0	12	0	0	0	0	0	0	0	0	0	0	0	0	0	0	0	0	0	0	0	0	24	0	0	0	0	0	0	43	6	0	0	604	0	221	0	0	0	11	6	0	0	0	0	0	0	0	0	0	0	0	0	0	0	0	0	0	0	0	0	0	0	0	0	0	0	0	0
run04-68	16	1309	0	19	0	0	0	362	27	5	0	0	0	2838	0	0	0	0	0	0	0	354	81	5	0	0	0	0	0	88	0	0	2	3	15	28	0	133	0	158	0	9	0	15	1608	0	0	2	2	0	0	382	400	3598	3202	150	305	585	10	367	0	0	242	187	69	88	9	44	80	18	193	3	0	0	0	0	55	7	0	82	0	171	1377	30	75	0	14	9	0	27	11	171	0	0	0	50	0	0	0	2243	0	34	5	55	1427	7	0	8	15	80	0	0	0	0	19	0	105	3	211	636	13	0	0	141	0	174	0	6	0	0	57	0	16	2	0	182	0	831	40	2	0	0	64	3	0	0	0	0	0	0	0	0	0	0	0	5	0	0	0	0	0	0	0	0	0	0	0	0	0	0	0	0
run04-69	5	98	0	0	0	0	0	0	0	297	0	0	0	9066	0	0	0	0	0	0	0	0	0	0	0	0	0	0	11	181	1789	0	0	3	0	438	0	0	0	177	0	0	0	0	40	5	8	0	0	0	0	3284	0	166	5865	0	417	1165	38	0	0	62	614	95	0	0	0	146	0	0	182	35	4	0	46	0	5	0	0	0	6678	2876	3185	63	122	32	94	0	0	0	45	0	0	0	0	39	0	0	0	0	52	226	0	48	198	29	0	6	17	0	0	0	0	0	0	0	591	0	1479	0	0	0	5	215	0	50	0	0	0	0	261	0	0	0	0	0	0	0	0	0	0	0	101	0	0	0	0	0	0	0	0	0	0	0	0	0	0	0	0	0	0	0	0	0	0	0	12	0	0	0	0	0
run04-70	0	2181	0	6	0	0	0	2294	0	0	213	0	0	4200	32	31	4	10	0	0	1540	5	229	0	0	0	0	0	0	1630	0	0	0	0	0	12	0	0	0	0	0	0	0	0	52	0	3	0	0	0	0	15	1263	200	3568	41	366	1231	0	553	0	0	59	130	102	0	204	13	7	15	25	0	0	0	0	0	486	0	0	508	55	3552	543	2	52	0	8	0	0	0	0	0	25	0	0	0	0	0	0	2151	0	49	0	0	1243	0	0	0	0	4	0	0	0	0	0	0	28	0	6	295	0	0	2	683	0	19	0	265	0	0	0	0	0	0	0	0	125	0	0	515	0	0	66	0	0	0	0	0	0	1663	0	0	0	0	0	0	0	0	0	0	0	0	0	0	0	0	0	0	0	0	0	0
run04-71	49	1676	0	9	10	0	16	809	42	11	0	65	42	5731	71	537	69	33	0	0	0	358	489	2	56	95	0	0	0	80	0	0	0	9	4	0	418	0	0	0	0	0	0	0	478	38	59	6	120	24	0	0	218	68	2875	111	2126	685	0	432	20	0	253	0	152	82	45	136	278	17	3145	3	0	0	0	0	346	21	43	44	0	947	922	5	135	29	4	5	175	14	16	258	67	49	4	105	0	0	3	4167	0	115	16	431	759	0	5	0	17	26	0	18	7	0	4	0	522	0	879	0	17	0	32	164	4	59	0	12	16	0	42	225	4	0	0	11	334	72	0	0	3	0	176	0	128	0	0	0	0	0	0	0	0	0	0	0	0	0	0	0	0	0	0	0	0	0	0	0	0	0	0	0
run04-72	6	2463	0	0	0	0	209	3214	0	0	84	157	273	2738	140	0	54	0	0	0	0	126	63	0	113	0	0	0	0	483	0	0	0	81	0	0	0	0	0	2	22	0	0	0	123	0	2	0	35	0	4	63	1402	884	4930	0	324	875	0	953	0	0	110	37	32	116	77	11	31	9	279	2	0	0	125	0	207	233	0	276	51	199	245	21	76	14	4	11	53	16	48	167	15	213	0	53	0	0	15	2120	0	84	14	1596	1130	0	0	0	0	224	5	10	5	0	2	0	21	0	21	446	0	0	6	118	714	12	0	0	0	0	0	190	0	0	0	46	388	56	568	0	0	0	2	0	0	0	0	0	0	0	0	0	0	0	0	5	0	0	0	0	0	0	0	0	0	0	0	0	0	0	0	0
run04-74	17	505	0	12	0	0	0	3	0	118	0	0	0	2122	0	0	0	42	0	0	0	0	0	0	0	201	0	0	11	0	98	0	5	0	0	17	6	130	0	0	0	0	0	0	286	9	0	0	0	0	0	16	140	25	590	0	59	46	0	0	0	29	427	41	0	0	4	0	0	0	0	4	0	0	6	0	0	3	0	0	0	438	215	0	0	0	22	0	0	25	0	0	0	0	0	0	0	0	0	2879	0	21	5	0	0	20	0	0	0	10	0	0	0	3	0	2	311	87	3	0	230	0	50	0	0	116	0	5152	3	0	0	0	0	0	0	0	865	2553	39	0	0	0	391	13	589	0	0	0	0	0	0	0	0	0	0	0	0	0	0	0	0	0	0	0	0	328	231	0	0	0	0	0
run04-75	122	271	0	45	23	0	0	0	0	0	0	0	0	5893	0	484	0	0	0	0	0	222	0	4	0	0	0	0	13	258	0	0	0	0	0	144	41	9	0	10	155	61	169	129	2672	76	45	4	0	0	0	35	178	180	2124	0	723	1208	0	901	0	329	1300	61	0	0	0	202	0	4	0	113	2	0	0	0	630	0	0	0	4386	745	329	8	0	0	90	0	0	0	0	0	0	0	0	0	0	0	0	1925	0	86	0	11	0	168	0	0	0	0	0	44	0	12	0	13	114	38	0	0	480	0	0	0	7	940	0	1615	4	0	0	0	0	0	0	461	0	1033	0	0	70	0	2474	0	0	0	0	0	0	0	0	0	0	0	0	0	0	0	0	0	0	0	0	0	0	0	0	0	0	0	0	0
run04-76	29	1001	0	11	0	0	0	1440	3	8	66	19	0	3000	148	37	12	45	0	0	0	104	137	0	18	37	99	58	4	0	0	495	0	0	216	0	0	0	0	0	0	0	0	0	594	9	18	0	9	0	0	181	1698	43	1587	22	455	186	0	110	0	0	208	86	23	16	21	4	0	23	1162	7	0	3	27	2	324	54	0	0	26	470	451	25	14	19	5	2	27	24	0	55	44	29	0	20	0	0	0	1379	0	86	2	888	519	2	0	0	0	65	0	2	0	0	4	0	77	0	876	332	76	2312	0	0	0	98	0	16	8	0	12	47	0	0	7	0	137	0	0	0	5	18	66	0	0	0	0	12	0	0	0	0	0	0	0	0	2	0	0	0	0	0	0	0	0	0	0	0	0	0	0	0
run04-77	252	170	15	42	133	0	0	181	0	0	13	2	0	1034	3	4	0	0	0	0	20	3	60	0	0	10	0	0	0	64	0	3	0	0	0	26	101	2	0	0	7	0	0	0	2240	59	57	0	0	0	0	0	25	85	256	0	34	342	0	0	0	0	758	0	0	0	0	0	0	0	343	0	0	0	0	0	0	0	0	9	1473	225	47	0	6	0	0	4	0	0	0	0	0	0	0	7	0	0	0	243	0	4	0	0	108	0	0	0	0	0	12	0	0	42	3	34	0	136	1052	0	0	2	0	14	124	47	0	514	72	2	42	0	21	10	0	0	91	0	0	0	6	79	713	10	0	0	0	0	0	0	0	0	0	0	0	0	0	0	0	0	0	0	0	0	0	0	0	0	0	0	0	0
run04-78	36	607	9	46	5	0	0	1030	0	0	0	4	0	5087	0	0	0	0	0	0	0	426	0	10	0	0	0	0	86	0	0	2285	0	0	8	29	0	4	0	0	0	0	0	0	384	75	31	0	0	0	0	67	445	203	2246	0	159	846	0	138	0	157	499	0	95	55	0	0	0	46	2087	157	385	0	3	0	606	16	0	0	236	5153	232	0	41	15	136	0	98	29	0	0	14	0	0	0	0	0	4	2402	0	84	0	15	1587	20	0	61	0	262	0	11	0	0	0	0	43	0	69	0	0	0	76	284	6	284	0	15	0	0	0	0	6	0	18	214	0	116	414	0	179	34	288	0	67	0	0	0	0	0	0	0	0	0	0	0	7	0	0	0	0	0	0	0	0	0	8	0	0	0	0	0
run05-64	0	0	0	0	0	0	0	0	0	56	0	0	0	4559	0	0	0	0	0	0	0	127	0	0	283	0	0	0	0	956	39	0	0	6	0	9	0	7	0	0	0	0	0	0	454	0	0	0	4	332	0	0	3105	584	8808	0	400	122	0	1389	0	0	387	69	0	0	121	121	16	6	174	45	0	0	0	0	288	22	10	23	67	887	1500	9	14	16	0	0	0	10	23	38	0	0	0	3	4	0	0	3871	10	9	5	151	0	5	0	0	0	82	0	0	0	0	0	0	382	2	235	0	0	0	0	601	0	0	0	0	0	0	0	0	0	0	0	0	0	288	0	0	0	0	10	0	0	0	0	0	0	0	0	0	0	0	0	15	2	0	0	0	0	0	0	0	0	0	0	0	0	0	0	0
run05-73	7	0	0	8	0	0	0	272	8	2	0	74	50	4163	252	103	42	108	54	0	0	716	202	0	150	76	445	11	6	0	0	0	7	0	0	0	0	20	6	0	0	0	0	2	250	0	7	0	106	9	0	490	680	0	1423	212	289	592	0	317	98	0	99	7	37	69	18	25	6	19	1805	19	60	4	13	0	108	166	0	48	0	182	986	8	57	80	4	6	179	0	5	345	65	141	9	134	5	3	0	1173	0	21	97	0	700	0	3	9	3	41	0	0	7	0	32	0	0	0	24	0	177	0	0	0	0	2	0	0	0	0	0	10	0	0	0	3	88	363	0	52	0	0	4	0	101	0	0	0	0	0	0	0	0	0	0	0	0	1416	0	0	0	0	0	0	0	0	0	0	0	0	0	0
run05-75	2	171	0	0	2	0	0	1368	7	16	91	0	18	2692	454	43	0	24	0	0	0	114	63	0	0	88	0	32	0	45	39	0	0	3	7	3	0	0	0	0	0	0	0	66	58	4	0	0	0	0	0	23	195	45	2015	0	0	1008	5	122	0	3	149	7	0	75	31	0	4	0	863	14	0	28	9	0	241	10	11	0	166	1915	497	4	53	2	45	13	17	28	5	283	74	6	0	37	2	0	0	1898	0	42	0	44	2151	16	0	2	19	67	0	0	0	0	0	0	157	0	26	0	358	0	7	0	0	7	0	2	2	0	0	745	0	0	0	33	122	181	0	0	3	0	67	2	5	0	0	0	0	0	0	5	0	0	0	0	0	0	0	0	0	0	0	0	0	0	0	0	0	0	0	0
run06-192	10	134	0	11	0	0	0	0	17	43	0	0	259	5249	20	57	34	52	243	0	0	270	25	0	271	0	0	0	74	0	0	0	0	0	0	0	0	0	0	0	0	0	0	0	356	0	2	0	22	0	0	7	23	324	2735	341	92	360	0	305	7	0	333	75	28	81	39	65	2	32	276	0	3	0	124	0	771	10	0	37	0	297	334	14	89	10	20	9	138	0	0	45	52	41	14	20	0	0	0	5520	0	21	0	137	794	0	5	3	8	40	0	10	0	0	3	0	33	0	9	0	162	0	0	0	13	387	0	0	0	0	0	7	0	0	0	114	22	0	0	0	0	0	20	0	95	0	0	0	0	0	0	0	0	0	0	0	0	0	0	0	0	0	0	0	0	0	0	0	0	0	0	0
run06-57	0	0	0	7	0	0	0	0	23	213	0	0	0	7343	0	0	0	0	0	2	0	0	0	0	0	0	0	0	0	79	0	0	0	0	0	63	0	62	0	0	0	0	0	0	15	0	0	0	0	0	0	0	0	70	1404	0	111	0	99	32	0	166	725	451	0	0	0	0	0	0	3774	58	0	0	274	26	0	0	0	30	1576	1251	1118	61	28	0	121	75	0	0	0	0	0	0	0	0	0	0	0	1478	0	42	0	117	0	22	0	0	0	0	0	0	0	0	0	0	248	0	0	214	0	0	0	76	0	29	0	0	0	0	0	0	0	0	0	0	128	0	0	39	2	0	8	0	0	0	0	0	15	0	0	0	0	0	0	0	0	0	0	0	0	0	0	0	0	0	0	0	0	0	0	0
run06-58	6	230	0	2	4	0	14	0	50	0	0	3	0	2625	0	0	0	0	0	51	0	209	342	0	0	0	0	0	0	0	0	0	0	0	0	13	0	293	0	11	147	0	0	6	301	2	0	0	0	0	0	22	0	26	3521	0	159	45	0	306	0	5	437	16	4	181	0	0	0	0	534	0	0	0	0	3	0	0	0	173	23	0	1375	0	102	0	0	0	36	104	0	0	0	0	0	0	0	0	0	998	0	20	0	31	647	0	21	0	0	0	0	0	0	7	0	0	302	0	0	290	0	0	0	160	11	179	66	7	0	0	0	0	0	0	0	102	0	1043	0	0	0	0	5	0	895	0	0	0	0	0	0	0	0	0	0	0	0	0	0	0	0	0	0	0	0	0	0	0	0	0	0	0
run06-59	30	283	3	6	3	0	0	0	110	127	0	0	0	3034	11	70	0	45	0	0	0	287	159	0	0	43	0	0	22	48	0	0	4	0	5	0	0	0	0	0	0	0	0	0	284	26	0	5	45	0	8	126	141	172	2855	104	400	1423	0	300	0	0	177	12	75	146	212	105	10	49	139	0	0	0	11	6	165	48	0	71	15	883	1092	56	64	87	7	18	111	19	4	653	34	121	17	29	0	2	0	1708	0	194	3	530	2602	14	0	0	47	46	16	0	18	0	6	0	45	0	109	0	0	0	0	72	0	143	0	0	0	0	0	0	0	0	2	159	0	0	0	0	0	0	138	0	154	0	0	11	0	0	0	0	0	0	0	0	0	0	0	0	0	0	0	0	0	0	0	0	0	0	0	0
run06-60	47	251	0	13	3	0	0	0	100	111	0	0	0	3756	402	0	0	0	0	7	0	54	2	0	0	0	0	0	6	55	28	0	3	32	0	19	0	0	0	0	0	0	0	0	420	65	56	3	0	0	0	151	26	85	2487	0	388	645	0	36	0	14	829	20	0	60	0	55	8	13	719	130	120	0	0	0	327	85	0	0	76	3032	2755	6	0	45	112	21	0	32	85	188	30	151	41	172	29	3	9	3764	0	275	134	7	89	23	0	3	17	600	15	30	0	0	0	33	3	6	308	0	0	0	0	54	4	54	7	124	11	0	0	0	0	0	22	2	271	238	0	0	0	16	38	0	0	0	0	0	0	0	0	0	0	0	0	0	0	0	0	0	0	0	0	0	0	0	0	0	0	0	0	0
run06-61	2	1017	0	0	0	0	76	1785	9	7	93	72	23	3901	229	20	5	58	64	16	0	70	130	0	0	47	0	7	80	0	30	0	0	51	2	13	0	0	0	0	0	0	0	0	216	8	0	0	15	0	0	2	25	197	2229	0	503	696	71	136	69	48	213	0	0	0	2	0	46	0	561	63	65	0	12	18	55	11	0	11	1375	924	558	0	171	276	37	83	26	102	55	370	9	25	43	103	2	0	3	1473	176	86	595	383	869	23	12	0	11	0	0	24	6	0	20	27	88	0	39	174	46	0	0	7	0	32	0	2	2	0	0	0	0	0	0	0	95	26	0	6	0	0	13	53	2	0	0	0	0	0	0	3	0	0	0	0	114	0	0	0	0	0	0	0	0	0	0	0	0	0	0	0
run06-63	2	106	10	0	0	30	457	6	0	0	0	0	0	1214	4	0	0	0	15	2	48	33	15	0	0	0	0	0	0	0	0	9	0	0	0	0	0	0	0	0	4	0	0	6	2	0	0	5	0	0	0	0	16	407	3358	322	202	385	2	131	0	4	258	0	88	414	11	95	64	32	1793	0	0	0	0	0	393	51	0	91	0	58	1699	48	114	10	0	6	292	47	0	157	9	22	9	32	0	0	0	239	0	0	0	29	952	2	0	4	0	26	0	2	0	0	9	2	0	3	0	0	47	0	9	67	0	0	0	0	0	0	0	0	0	0	0	0	2	0	0	0	0	0	0	0	0	0	0	0	0	16	0	0	0	0	134	0	0	2	0	0	0	0	0	0	0	0	0	0	0	0	0	0
run06-66	15	97	14	0	0	0	0	722	0	0	0	0	0	3546	50	0	0	19	0	0	0	341	0	0	0	9	0	0	0	124	4	0	0	0	0	0	0	0	0	0	0	0	0	0	55	3	27	51	0	0	0	21	112	67	1896	65	849	717	0	186	9	0	108	0	0	43	69	530	58	12	267	23	3	0	0	8	149	14	0	24	0	380	575	0	62	108	0	0	11	0	0	140	205	14	0	18	0	0	0	2833	0	22	130	80	550	0	0	0	0	8	12	0	0	0	0	0	25	0	10	4	70	0	0	0	0	18	0	0	0	0	0	0	0	0	0	554	0	0	5	0	0	0	48	0	0	0	284	0	0	0	0	6	0	0	0	0	0	6	0	0	0	0	0	0	0	0	0	0	0	0	0	0
run06-67	3	437	3	6	0	0	0	0	0	10	0	145	0	3424	0	0	0	0	0	0	0	0	35	0	0	0	0	0	0	0	0	0	0	0	0	663	0	124	0	0	0	0	0	0	39	0	0	0	0	0	2	20	0	42	2869	0	0	1138	0	0	0	10	775	7	0	0	0	0	12	0	366	12	0	0	0	0	2	0	0	0	4021	873	141	9	2	57	202	37	0	41	2	0	0	0	0	70	0	15	2	0	0	23	0	837	0	0	0	0	0	14	0	0	0	0	0	0	260	0	37	0	0	0	0	2	0	336	0	0	0	0	0	0	0	0	0	2	0	248	2	10	0	0	0	0	0	0	0	0	5	0	0	0	0	0	0	0	0	0	44	0	0	0	0	0	0	0	10	0	0	0	0	0
run06-69	86	0	0	25	0	0	0	0	0	0	0	0	0	0	0	0	0	0	0	0	0	0	0	0	0	0	0	0	0	0	0	0	0	0	0	0	0	5985	19	0	0	0	0	0	0	0	0	0	0	0	0	0	0	0	7	0	0	0	0	0	0	5609	0	0	0	0	0	0	0	0	0	0	0	0	0	0	0	0	0	0	0	0	0	0	0	0	0	0	0	0	0	0	0	0	0	0	0	0	0	0	0	0	0	0	0	0	0	0	0	0	0	0	0	0	0	0	0	0	0	0	0	0	0	0	0	0	0	0	0	0	0	0	0	0	0	0	0	0	565	0	0	0	0	64	0	0	0	0	0	0	0	0	0	0	0	0	0	0	0	0	0	0	0	0	0	0	0	0	0	0	0	0
run06-70	17	4308	0	17	0	0	0	12	0	0	0	0	0	2	0	0	0	0	0	0	0	0	6	0	0	0	0	0	2	0	0	0	0	0	0	0	0	4441	0	0	0	0	0	0	50	0	16	19	0	14	0	402	0	103	6	0	0	0	0	0	0	20	0	0	0	0	0	0	0	0	0	0	0	0	0	0	0	0	0	50	348	0	0	0	0	0	669	0	0	0	0	0	0	0	0	0	0	0	0	0	0	0	0	0	0	0	0	0	0	0	0	0	0	0	0	0	0	37	0	0	0	0	0	0	0	74	0	0	0	0	8	0	0	0	0	0	25	2930	0	7	0	0	15	0	0	0	32	0	0	14	0	0	0	0	0	0	0	0	0	0	0	0	0	0	0	9	0	0	0	0	0	0
run06-71	2	36	7	4	0	0	34	0	0	18	140	7	0	2628	579	29	78	102	0	0	0	747	61	0	0	22	40	0	0	54	0	0	0	0	0	9	0	24	0	0	0	0	0	0	77	2	0	0	2	0	0	0	0	37	1664	0	21	596	25	40	183	76	708	0	14	369	0	72	445	0	298	0	0	0	4	9	155	4	0	0	0	37	1488	0	50	11	11	295	0	4	0	224	219	33	3	21	20	0	4	950	0	23	0	0	0	12	0	5	10	79	0	41	26	2	9	21	0	23	0	0	0	0	0	216	0	0	5	41	0	0	0	990	0	0	0	118	0	105	29	0	0	0	0	0	415	0	0	0	0	10	0	0	0	0	0	0	0	0	0	0	0	0	0	191	0	0	0	0	0	0	0	0
run06-72	0	2671	0	0	0	0	0	1276	39	0	0	0	0	686	95	0	4	81	0	0	0	652	28	0	0	52	0	0	23	0	0	0	0	0	0	124	0	39	0	0	0	0	0	13	0	0	0	0	155	0	0	33	304	389	946	0	145	47	5	208	10	14	49	52	0	412	0	57	0	0	67	301	0	0	169	7	236	28	32	26	414	42	576	49	34	4	32	26	39	49	16	527	43	48	0	0	0	5	22	1944	0	26	15	242	204	28	0	4	4	163	0	20	0	0	0	0	38	0	50	0	0	0	0	116	0	0	0	0	0	0	0	0	0	0	0	86	0	689	6	26	0	0	0	0	86	0	0	25	0	0	0	0	0	0	0	0	0	1537	0	0	0	0	0	0	0	0	0	0	0	0	0	0
run06-73	2	156	0	4	0	0	0	0	0	0	0	0	0	0	0	0	0	0	0	0	0	0	0	0	0	0	0	0	0	0	0	0	0	0	0	0	0	2534	0	0	0	0	0	0	203	0	0	0	0	0	0	11589	0	2	0	0	0	0	0	0	0	0	0	0	0	0	0	0	0	0	0	0	0	0	0	0	0	0	0	0	0	0	0	0	0	0	0	0	0	0	0	0	0	0	0	0	0	0	0	0	0	0	0	0	0	0	0	0	0	0	0	0	0	0	0	0	4258	9	0	0	0	0	0	0	0	113	0	0	8	0	0	0	11	0	0	0	0	0	0	0	0	0	0	5	0	0	0	0	0	0	0	0	0	0	0	0	0	0	0	0	0	0	0	0	0	0	0	0	0	0	0	0
run06-74	95	0	16	3	119	0	0	0	0	0	0	0	0	0	0	0	0	0	0	0	0	0	0	152	0	0	0	0	591	0	0	0	0	0	0	0	214	280	8	0	0	0	0	4	891	21	0	0	0	0	0	0	0	0	0	0	0	0	0	0	0	0	3077	0	0	0	0	0	0	0	0	0	0	0	0	0	0	0	0	0	0	0	0	0	0	0	0	0	0	0	0	0	0	0	0	0	0	0	0	0	0	0	0	2	0	0	0	0	0	0	0	0	0	56	0	0	0	5	0	0	0	0	0	0	39	705	0	0	0	0	0	0	0	0	0	0	0	0	0	0	0	0	0	3	0	0	0	0	0	0	0	0	0	0	14	0	0	0	0	0	0	0	0	0	0	0	0	0	0	0	0	0
run06-75	26	5	36	61	0	0	0	0	0	0	0	0	0	21	6	0	0	0	0	0	0	2	0	0	0	0	0	0	0	0	0	0	0	0	0	0	0	6414	0	0	0	0	0	0	726	26	0	9	0	0	0	1285	0	0	27	0	3	9	0	0	0	0	10	0	0	4	0	0	0	0	0	0	0	0	0	0	8	0	0	0	0	21	24	0	0	0	0	0	0	0	0	0	0	6	0	0	0	0	0	7	0	0	0	4	11	0	0	0	0	5	0	0	0	0	0	0	0	0	5	0	0	0	0	0	0	0	0	0	0	0	0	0	55	0	0	0	0	3990	449	0	0	0	4	38	0	0	82	0	0	0	0	0	0	0	0	0	0	13	0	0	0	0	0	0	0	0	0	0	0	0	0	0
run06-78	0	12	0	56	0	0	0	216	0	937	0	0	0	4304	3	0	0	0	0	0	0	37	0	0	0	0	0	0	93	0	0	0	0	0	0	48	0	0	0	0	0	0	0	0	218	16	0	0	70	0	0	0	0	9	1278	0	0	0	43	0	0	301	786	33	0	0	0	426	0	0	11	46	0	0	21	40	7	0	0	201	765	600	460	0	57	17	80	19	0	0	0	30	0	3	0	0	0	0	2	156	20	5	0	0	14	15	10	0	0	2	0	0	0	0	0	0	306	7	0	7	0	0	0	9	0	18	0	0	0	0	0	15	0	0	0	0	122	400	468	0	0	0	0	0	0	0	16	0	0	0	0	0	0	0	0	0	0	0	0	0	0	0	0	0	0	0	0	0	0	0	0	0
run06-80	2	17	0	15	0	0	0	39	3	0	13	68	45	648	9	0	0	27	14	467	1952	87	71	0	0	7	89	3	0	3	0	0	0	0	0	0	0	129	19	0	0	0	0	0	66	0	0	2	31	0	0	0	69	295	1207	0	2	172	2	24	2	5	377	0	5	36	0	10	17	36	38	0	0	0	0	0	706	2	0	45	0	63	201	0	47	18	4	6	99	10	7	173	37	41	4	20	15	0	0	1242	0	22	0	88	34	0	0	0	0	278	0	25	3	65	0	5	15	6	0	0	146	0	3	0	0	0	0	8	0	0	0	7	9	0	0	14	33	150	0	172	0	0	0	8	17	0	0	0	0	2012	0	0	0	0	14	0	0	2	0	0	0	0	0	0	0	0	0	0	0	0	0	0
run06-82	7	974	0	2	0	0	0	452	16	97	0	0	6	2340	305	0	0	0	0	0	0	240	0	0	0	0	0	0	6	44	0	0	0	0	0	27	0	48	0	0	0	0	0	2	129	0	0	0	3	0	0	1185	0	175	2929	0	28	500	0	253	7	12	59	0	0	73	253	77	6	0	87	22	6	0	81	6	272	0	0	0	61	294	188	24	21	19	46	0	4	3	36	114	0	4	0	0	4	0	6	585	57	25	14	9	0	33	0	0	0	45	0	12	0	0	0	0	98	0	0	0	0	0	0	103	0	13	0	0	0	0	0	0	0	0	0	0	76	35	2	180	0	0	2	3	0	0	0	0	0	0	0	0	0	0	0	0	0	0	0	0	0	0	0	0	239	0	0	0	0	0	0	0
run06-83	13	2192	0	0	0	0	0	0	0	95	0	0	0	4027	0	0	0	0	0	5	0	39	0	0	0	0	0	0	6	348	0	0	2	0	0	31	0	8	0	0	0	0	0	2	7	0	0	0	0	0	0	5	85	931	1875	0	196	0	0	15	0	72	415	0	0	0	0	30	0	0	206	0	15	0	46	0	13	0	0	0	1048	404	197	0	34	0	14	8	0	36	0	8	0	0	0	0	0	0	0	1453	0	0	0	0	0	16	0	0	0	0	6	0	0	9	0	10	28	3	0	144	0	0	0	113	0	8	9	2	0	0	0	0	0	0	0	0	29	235	3	0	0	0	0	0	0	0	0	0	0	0	0	0	0	0	21	0	0	0	0	0	0	0	0	0	0	0	0	0	0	0	0	0
run06-85	37	4	0	25	0	0	0	47	0	0	0	0	0	1934	0	0	0	0	2	0	0	4	0	0	0	0	0	0	0	0	0	0	0	0	0	0	0	91	0	34	0	0	0	13	98	5	0	3	0	0	0	0	0	0	6019	0	68	0	121	0	7	5	447	0	190	0	173	148	186	126	144	44	0	0	0	23	404	6	0	45	0	0	3362	0	10	17	2	4	0	8	22	348	300	68	0	0	0	0	0	0	0	0	0	7	112	2	9	0	3	111	0	2	0	0	0	0	0	0	0	0	0	0	2	0	0	14	0	0	0	0	0	0	0	0	0	0	11	0	4	0	0	0	0	0	37	0	0	0	0	0	0	0	0	0	77	0	0	56	0	0	0	0	0	0	0	0	0	0	0	0	0	0
run06-87	24	87	0	34	0	0	0	53	2	0	0	60	0	881	0	0	0	0	0	0	0	0	244	0	0	0	0	0	4	0	0	0	0	0	0	67	0	0	9	0	0	9	17	2	443	38	46	0	0	0	0	3	0	0	1804	0	0	355	16	0	0	0	104	0	0	0	0	2	119	11	0	9	0	0	0	0	0	0	0	0	156	3255	29	0	30	506	596	0	0	3	0	17	11	0	0	0	0	0	0	438	0	0	0	0	555	0	0	2	0	0	0	2	0	0	0	12	0	0	0	0	0	0	11	19	0	55	0	0	4	0	0	0	0	0	0	0	55	2226	0	0	0	0	8	0	0	0	0	0	0	0	0	0	0	0	0	0	0	0	0	0	0	0	0	0	0	0	0	0	0	0	0	0
run07-Cah7-51	6	321	0	34	0	0	0	1950	0	422	0	0	0	6604	0	217	465	263	176	0	0	40	225	0	65	132	0	0	0	0	0	0	7	0	6	51	0	2	45	0	0	0	0	0	22	0	0	0	0	0	0	8	0	46	4062	0	0	0	54	2659	0	60	1711	2	0	0	0	0	266	0	0	499	0	0	0	28	687	0	0	198	129	1675	679	163	104	27	50	49	0	85	5	144	0	0	20	0	5	15	0	3350	0	48	0	0	1035	20	0	0	25	0	0	0	0	0	0	0	47	0	20	0	783	0	0	0	0	107	0	0	0	0	0	0	0	0	0	0	0	0	0	0	0	0	0	0	0	0	0	8	0	0	0	0	0	0	0	0	0	0	0	0	0	0	0	0	0	0	0	0	0	0	0	0
run07-Cah7-53	2	0	0	0	0	0	0	4390	0	69	10	0	0	11113	0	0	0	0	0	0	0	0	0	0	0	0	0	0	1	0	0	0	0	0	0	15	0	0	0	0	0	0	0	0	79	0	0	0	0	0	0	40	0	54	1364	0	161	837	0	0	0	0	129	21	0	6	0	123	0	0	3959	0	0	0	0	0	13	0	0	0	160	1635	0	0	16	0	22	0	0	0	0	0	0	0	0	0	0	0	0	66	0	23	0	0	39	2	0	0	0	4	0	0	0	0	0	0	11	4	0	0	0	0	0	0	0	4	0	0	0	0	0	0	0	0	0	10	0	0	0	1244	4	0	13	0	0	0	0	0	0	0	0	0	0	0	0	0	0	0	0	0	0	0	0	0	0	0	0	0	0	0	0	0
run04-51	13	523	0	35	2	0	15	0	50	59	0	0	0	3690	0	0	0	9	0	0	0	0	78	0	0	0	0	0	0	196	20	0	0	0	0	25	0	0	0	0	0	0	0	0	113	9	20	7	0	0	0	0	0	265	3376	0	643	18	0	89	0	9	620	21	0	0	5	347	0	0	1517	118	0	0	7	0	179	5	0	4	0	778	555	3	88	0	134	0	0	0	0	0	110	0	0	37	0	0	0	3742	47	25	0	0	0	0	0	0	0	24	0	0	0	0	0	0	433	0	0	0	0	0	0	218	3	107	97	0	0	0	0	0	31	2	0	0	314	191	0	491	0	0	24	7	0	0	0	0	0	0	0	0	0	0	0	0	0	0	0	0	0	0	2	0	0	0	0	0	0	0	0	0
run03-91	9	27	0	3	0	0	0	1484	6	0	360	0	0	1995	0	0	0	0	0	0	0	8	3	0	12	0	0	0	24	1665	0	0	0	0	0	6	0	0	0	0	7	0	0	0	48	16	9	0	0	64	0	72	113	43	2988	0	478	92	0	71	0	0	1013	869	26	0	0	57	0	4	2	0	0	0	0	6	358	0	0	4	216	1472	589	0	8	0	0	0	0	0	0	3	22	0	5	0	0	0	0	342	0	13	0	22	1268	0	0	0	0	0	0	0	0	0	2	0	0	5	0	0	62	0	0	0	2	16	0	0	0	0	0	40	14	2	0	0	254	244	0	0	0	0	11	3	0	0	0	0	0	0	0	0	0	0	0	0	0	0	0	0	0	0	0	0	0	0	0	0	0	0	0	0
run02-75	35	560	0	314	5	0	0	0	0	0	0	0	0	0	0	0	0	0	0	0	0	0	0	0	0	0	0	0	266	0	0	0	0	0	0	200	0	2119	7	19	0	73	74	0	2481	10	107	0	0	0	0	0	0	0	701	0	0	2	0	2	0	0	269	41	0	0	0	0	0	0	0	6	0	0	0	0	0	0	0	0	750	838	462	0	0	0	11	0	0	0	0	0	0	0	0	0	0	0	0	0	98	0	0	0	3	0	0	0	0	0	0	0	0	0	0	0	755	0	0	0	0	0	0	0	0	801	0	4	0	0	0	0	0	0	0	0	33	0	0	4483	0	0	1006	0	0	0	0	0	0	0	0	0	0	0	0	0	0	0	0	0	0	0	0	0	0	2	0	0	0	0	0	0
run06-81	0	3	0	0	0	0	0	223	0	0	0	0	0	832	29	87	3	22	0	0	0	118	0	0	0	2	0	0	2	0	0	0	0	0	0	0	0	7	0	0	0	0	0	0	5211	0	0	0	4	0	0	26	382	28	832	299	526	178	0	71	0	0	108	16	19	116	0	73	0	66	76	0	0	0	14	0	374	12	23	3	0	0	1798	71	23	26	0	10	457	116	0	131	38	48	2	30	0	0	2	375	0	26	0	626	108	0	0	0	0	0	0	0	0	0	0	0	40	0	0	0	43	0	0	203	3	298	0	3	0	0	0	81	0	0	0	10	0	966	0	9	0	0	0	0	249	0	0	2	0	0	0	0	0	0	0	0	0	0	0	0	0	0	0	0	0	0	3	0	0	0	0	0
4002.I.1.lib30	3	144	0	0	0	0	0	89	0	0	0	0	0	3217	2	0	0	0	0	0	0	357	0	0	607	212	0	0	8	176	0	0	0	0	0	0	0	0	0	0	0	0	0	0	4	0	0	0	0	0	0	0	88	835	4218	0	0	16	0	336	0	12	1224	267	0	0	0	0	43	0	89	90	0	0	0	0	14	0	0	0	306	3130	947	9	51	8	123	4	0	80	0	0	149	0	0	0	8	0	0	9230	0	0	0	0	246	0	0	0	0	18	0	0	0	0	0	0	0	0	0	0	0	0	0	73	0	98	0	0	0	0	0	590	0	0	0	0	26	270	0	154	0	0	0	22	0	0	0	0	0	0	0	0	0	0	0	0	0	0	0	0	0	0	0	0	0	0	0	0	0	0	0	8
4004.I.1.lib30	9	5	0	13	0	0	0	38	0	6	0	13	66	5506	363	60	24	103	0	0	0	311	256	0	0	0	0	0	7	41	0	0	0	0	0	0	3	0	0	0	0	0	0	0	478	12	4	0	11	0	0	223	46	10	574	6	102	361	71	48	8	25	144	28	14	0	0	68	2	36	3362	15	0	0	24	0	75	0	0	65	0	170	1894	0	63	26	0	28	5	7	4	540	71	25	0	54	2	0	0	3207	0	33	14	8	131	0	0	3	71	3	0	6	0	0	0	0	58	0	0	0	771	0	0	0	2	265	0	49	0	0	0	0	0	0	0	0	311	1335	0	0	0	0	333	3	0	0	0	0	0	0	0	0	0	0	0	0	0	0	5	0	0	0	0	0	0	0	0	0	0	0	0	0
4012.1.rerun.lib32	0	39	0	0	0	0	0	81	26	8	0	0	39	3989	1246	0	0	0	0	0	0	736	376	0	141	357	0	0	0	45	0	0	4	0	0	0	0	6	0	0	0	0	0	0	11	0	0	0	1530	211	122	68	45	73	1532	12	320	83	15	358	52	0	155	51	54	81	122	118	134	269	92	0	0	0	0	0	153	17	26	24	0	201	1644	87	84	25	3	30	102	37	175	659	39	499	15	50	8	3	0	3970	8	112	18	1063	259	70	24	15	97	37	147	118	15	0	0	0	0	0	0	0	0	0	0	247	0	22	0	0	0	0	0	44	0	0	0	46	67	43	369	255	0	0	0	0	5952	0	0	0	0	0	0	0	0	0	0	0	0	154	7	0	0	0	19	0	0	0	0	0	0	0	0	0
4013.1.lib27	0	310	0	0	0	0	0	374	6	0	0	0	238	3269	477	76	49	103	0	1200	0	313	404	0	19	60	0	0	0	12	0	41	0	0	0	0	0	0	0	0	0	0	0	0	11	0	0	0	480	137	43	15	1004	426	3378	0	332	407	15	444	313	3	187	78	72	24	60	124	119	32	222	0	0	0	60	0	216	35	16	189	0	42	977	37	46	25	5	22	20	3	14	816	134	145	8	63	0	0	0	3640	0	69	0	270	1239	6	0	0	28	136	0	36	37	0	6	28	30	0	17	0	1109	0	11	0	0	0	0	0	0	0	0	17	0	0	0	41	362	29	0	0	0	0	9	0	3360	0	0	0	0	0	0	0	0	0	62	27	0	0	0	0	0	0	0	0	2	11	0	2	0	0	0	0
4019.1.rerun.lib32	0	9	0	5	16	0	0	59	0	0	0	47	0	6640	1374	185	205	235	9	0	570	358	123	7	0	15	135	0	0	13	0	19	0	0	0	0	0	0	0	0	0	52	0	0	374	0	20	0	41	0	0	0	0	15	1096	18	212	282	0	103	25	0	102	3	47	18	16	59	196	11	372	0	0	0	0	0	38	0	12	28	0	1725	2212	0	10	184	11	3	15	7	0	66	81	2	55	23	0	0	0	8213	0	2	0	26	328	0	0	0	0	196	0	0	0	0	0	0	0	0	0	8	0	0	0	141	35	742	9	67	9	0	0	0	0	0	11	0	542	28	0	182	0	0	1384	0	0	0	0	0	0	6103	0	0	0	0	12	0	0	0	0	0	0	0	0	0	0	0	0	0	0	0	0	0
4021.1.rerun.lib32	0	0	8	9	0	0	0	0	0	54	0	0	0	311	0	0	0	0	0	0	0	37	0	7	0	0	0	0	3	0	2	0	0	0	0	0	0	0	0	0	0	0	0	0	40	2	0	0	0	0	0	69	27	170	1063	484	54	1075	0	82	3	0	430	9	17	19	15	585	0	20	34	29	0	0	7	0	35	0	6	0	0	70	199	0	19	9	104	0	0	0	0	0	62	0	0	74	0	0	0	2410	0	121	0	0	7443	0	0	0	0	0	0	0	0	0	0	0	275	0	0	0	0	0	0	12	0	103	0	0	0	0	0	0	0	0	0	0	0	163	0	0	17	3	395	0	0	0	0	0	0	0	0	3	0	0	0	0	0	0	0	0	0	0	0	0	0	0	0	0	0	0	0	0
4023.1.lib29	0	57	0	0	0	0	0	0	0	13	0	0	0	4273	0	0	0	0	0	0	0	0	0	0	0	0	0	0	116	0	0	0	0	0	0	91	0	0	0	0	0	0	0	0	482	0	0	0	0	0	0	2	0	45	1552	0	8	292	0	0	0	79	259	2	0	0	0	398	0	0	0	0	367	0	0	0	0	0	0	0	2630	1637	351	0	0	0	97	0	0	0	0	0	0	0	0	0	0	0	0	937	0	78	0	0	0	0	0	0	0	0	0	0	0	0	0	0	28	33	14	0	0	0	0	148	0	335	29	157	0	0	0	0	0	0	0	0	0	1409	0	0	0	0	153	0	0	0	0	0	0	0	0	9	0	0	0	13	0	0	0	0	0	0	0	0	0	0	16	0	0	0	0	0
4024.1.rerun.lib32	0	627	0	0	0	0	0	0	0	0	4	11	0	408	0	0	0	6	0	6	0	287	13	0	0	0	0	0	7	0	0	4	0	0	0	0	0	0	0	41	0	0	0	0	76	5	0	0	418	0	0	62	3	127	930	13	84	35	0	106	0	0	23	15	15	19	43	27	0	39	7	0	0	0	37	0	112	4	0	48	0	8	545	9	12	51	0	16	620	0	0	949	82	1485	87	9	9	0	0	3629	0	6	6	67	724	0	287	0	6	253	0	14	0	2	0	0	127	0	43	0	5	0	2	0	0	28	0	0	0	0	0	0	0	0	0	0	0	0	0	0	0	2	17	0	19	0	0	5	0	0	0	0	0	2	0	0	0	0	0	0	0	0	0	0	0	0	0	0	0	0	0	0
4027.1.rerun.lib32	0	13	0	0	0	0	0	0	0	125	0	0	0	11080	0	0	0	0	0	0	0	0	0	0	0	0	0	0	7	66	5	0	5	0	0	3	0	0	0	0	0	0	0	0	55	7	0	0	0	23	0	19	0	211	3810	0	38	381	9	149	12	0	233	0	0	33	0	109	2	0	3350	0	357	0	2	0	54	0	0	0	362	897	483	15	92	0	58	0	20	12	5	9	0	0	0	0	0	0	0	5610	5	12	9	10	2	34	0	0	0	0	0	0	0	0	0	0	11	0	0	0	0	0	0	22	0	9	0	0	0	0	0	0	0	0	0	0	1587	90	0	0	0	0	6	0	0	2	0	0	0	0	0	0	0	0	0	0	0	0	0	0	0	0	2	2	0	7	0	0	0	0	0	0
4029.1.rerun.lib32	858	0	0	0	0	0	0	0	0	0	0	0	0	515	0	0	0	0	0	0	0	0	0	0	0	0	0	0	0	0	0	0	0	0	0	0	0	0	0	0	0	0	0	0	0	0	0	0	0	0	0	0	0	0	0	0	0	0	0	0	0	0	0	0	0	0	0	0	0	0	0	0	0	0	0	0	0	0	0	0	1390	0	0	0	0	0	0	0	0	0	0	0	0	0	0	0	0	0	0	0	0	0	0	0	0	0	0	0	0	0	0	0	0	0	0	0	0	0	0	0	0	0	0	0	0	0	0	0	0	0	0	0	0	0	0	0	0	10431	0	16	0	0	0	0	0	37	0	0	0	0	631	0	0	0	0	0	0	0	0	272	0	0	0	0	0	0	0	0	0	0	0	136
4031.1.lib29	5	0	0	8	0	0	0	155	0	31	0	0	0	5362	644	0	162	0	0	0	1134	234	0	6	0	0	0	0	0	87	0	0	5	8	13	10	0	0	0	6	0	0	0	0	246	4	10	0	496	178	6	0	1646	0	3576	143	475	458	62	577	123	31	263	205	0	18	129	133	12	64	1450	26	119	0	350	0	0	33	0	543	0	436	923	95	877	40	12	254	11	62	44	444	52	57	0	10	0	0	0	2454	53	92	78	116	1492	21	44	7	158	0	0	0	34	8	0	137	0	0	0	0	0	0	0	0	6	15	0	2	0	0	0	0	0	0	0	408	0	56	0	0	0	0	16	0	0	0	0	0	0	0	8	2	0	0	0	0	9	0	14	0	0	0	0	0	0	0	0	0	0	0	0	0
4032.1.lib29	0	280	0	0	0	0	0	0	0	0	0	0	0	7983	0	0	0	0	0	0	0	317	1509	2	0	0	0	0	0	33	0	0	0	5	35	0	0	0	0	0	0	0	0	0	222	2	0	0	498	0	0	151	177	37	1771	771	313	236	0	246	15	24	152	59	29	84	30	90	3	38	380	18	0	4	0	0	152	10	10	19	0	385	2091	49	205	57	0	50	250	15	3	326	73	114	3	9	0	0	0	4713	0	66	3	386	1867	0	0	2	23	34	0	0	0	0	0	0	75	0	0	0	0	0	0	346	0	99	0	0	0	0	0	0	0	0	0	0	0	0	0	242	0	0	17	0	0	0	0	0	0	0	0	0	0	0	0	30	0	0	8	0	0	0	0	0	0	0	0	0	0	0	0	0
4035.1.lib27	0	275	0	0	0	0	0	0	0	18	0	0	0	2613	257	0	125	0	0	0	0	47	157	0	0	94	0	0	11	6	6	0	0	0	0	0	0	0	0	0	0	0	0	0	8	0	0	0	0	0	0	0	7	31	1766	0	0	86	0	21	12	0	67	5	0	0	0	260	6	0	2107	16	0	0	12	0	79	0	0	0	30	97	78	0	0	12	26	8	0	14	4	0	0	0	0	0	2	0	0	5496	0	9	0	21	0	2	0	0	0	31	0	0	0	0	0	0	28	0	2	0	0	0	0	87	0	14	0	0	0	0	0	0	0	0	0	59	0	53	0	0	0	0	0	2	0	0	0	0	0	0	0	0	0	0	0	0	0	0	0	0	0	0	0	0	0	0	0	0	0	0	0	0
4036.1.lib29	0	0	0	0	0	0	0	2	0	34	0	0	6	4910	0	0	0	64	341	0	0	504	42	0	0	30	19	0	0	0	0	0	0	0	0	0	0	2	0	0	0	0	0	0	14	0	0	0	0	0	0	0	0	37	556	0	2	11	0	105	0	112	3139	0	0	4	0	12	17	0	31	0	0	0	0	0	0	0	0	0	0	3	306	0	39	13	0	63	0	0	0	0	13	0	0	29	3	0	0	89	0	0	0	7	64	0	0	0	0	0	0	0	0	0	0	0	0	0	0	0	0	0	0	35	0	2	0	0	0	0	0	0	0	0	0	14	372	0	0	2	0	0	0	4	8448	0	0	0	0	0	0	0	0	6	0	0	0	0	0	0	0	0	0	0	0	9	0	2	0	0	2	0
4038.1.lib29	0	28	0	0	0	0	0	0	0	13	0	0	0	7985	38	0	15	18	0	0	0	229	140	0	142	90	6	0	29	117	4	0	0	0	0	0	0	8	0	0	0	0	0	0	37	0	4	0	23	0	0	0	126	15	1083	76	367	1089	37	59	0	4	1001	19	25	6	0	51	0	0	425	27	0	0	40	0	106	0	0	0	74	946	456	0	62	16	3	5	4	9	3	21	0	0	0	4	0	0	0	2513	0	70	0	11	3735	10	0	0	0	0	0	0	0	0	0	0	0	0	0	0	0	0	0	119	0	0	0	5	0	0	0	0	0	0	0	68	635	2730	0	0	0	0	0	0	667	0	0	0	0	0	4	0	0	0	0	0	19	0	0	3	0	0	0	0	0	0	0	0	0	0	0	0
4039.1.lib29	0	2	0	0	0	0	0	47	0	13	0	0	0	3471	0	0	23	0	0	0	0	9	728	0	0	0	0	0	79	0	0	0	0	0	0	0	0	0	0	0	0	0	0	0	6	0	0	0	0	0	0	0	0	38	1061	242	299	598	0	0	38	23	417	7	0	91	24	95	0	0	37	0	0	0	0	0	6	0	0	0	2601	70	158	0	15	0	5	0	0	0	0	0	11	0	7	5	0	0	0	741	0	82	0	0	298	0	0	0	0	0	0	3	0	0	0	0	308	0	0	0	0	0	0	0	0	0	0	2	0	2	0	0	0	0	0	0	28	9569	0	0	0	0	3	0	0	0	3	0	0	0	3	9	0	0	0	0	0	0	0	0	0	0	0	0	0	0	0	0	0	0	0	0
4042.1.lib27	0	112	0	0	0	0	0	36	7	3	0	0	0	3869	0	197	7	49	0	0	0	593	159	0	0	91	0	0	0	3	0	125	0	0	0	0	0	0	0	0	0	0	0	0	29	0	0	0	0	0	0	3	69	102	800	0	214	213	12	81	18	0	153	37	6	15	18	47	222	4	381	0	0	0	0	0	8	0	0	428	0	192	512	9	24	14	20	8	0	22	61	171	9	0	0	34	0	0	4	3724	0	40	6	79	635	4	0	5	27	94	0	5	10	0	0	0	8	0	8	407	84	0	0	156	0	2	0	0	0	0	0	260	0	0	0	8	198	9	0	0	0	0	0	15	71	0	0	3	0	0	0	0	0	0	0	7	4	0	0	0	0	0	0	0	0	6	0	0	2	0	0	0
4045.1.lib29	11	271	0	10	0	0	0	361	6	0	0	59	0	6972	159	0	292	0	139	2147	0	338	434	0	0	32	0	0	58	25	0	20	0	0	0	0	0	18	0	0	0	0	0	0	215	20	7	0	57	0	0	0	687	115	1909	566	397	623	0	167	20	6	217	24	56	11	21	177	170	4	682	0	0	0	0	0	261	0	16	76	0	472	1092	16	37	30	0	0	48	2	0	346	69	0	0	167	0	0	0	4443	0	47	0	198	564	0	0	0	8	19	0	7	0	0	0	0	0	0	41	0	0	0	0	766	0	48	0	122	0	0	0	0	0	0	0	0	350	4115	85	0	0	6	371	0	505	0	0	0	0	0	0	0	0	0	0	9	0	0	0	0	0	0	0	0	0	0	0	0	0	0	0	0
4047.1.lib29	5	3	0	7	0	0	0	438	0	0	16	11	0	1913	304	6	13	31	255	0	4212	371	82	0	0	119	0	0	0	34	0	0	3	0	0	0	0	0	0	0	0	0	0	0	54	12	4	0	114	8	0	1042	72	361	1200	543	209	1074	0	48	29	4	348	15	53	16	14	127	11	155	103	0	0	0	8	0	145	8	0	139	0	62	405	0	148	30	2	31	22	10	0	116	24	25	5	0	0	0	0	1266	0	28	0	0	1067	2	0	0	29	9	0	3	17	0	0	0	0	0	0	0	827	0	0	114	0	11	0	3	0	0	0	0	0	0	0	3	528	2537	20	0	2	0	14	0	81	0	0	0	0	0	0	0	0	0	0	0	0	0	0	0	0	0	0	0	0	0	0	0	0	0	0	0
4050.1.lib29	0	12	2	0	0	0	0	234	7	8	0	0	0	15562	0	0	0	0	0	0	0	0	0	0	0	426	0	0	16	30	4	0	0	0	0	0	0	0	0	0	0	0	0	0	773	0	3	0	146	64	0	0	177	56	906	411	145	617	35	105	296	18	427	3	10	48	86	204	102	18	153	3	0	0	21	0	102	0	0	126	0	0	2193	5	67	158	12	41	0	16	51	48	19	19	0	3	0	0	0	2966	0	97	0	6	685	3	0	5	15	16	0	7	0	0	0	0	57	0	0	0	0	0	0	68	0	42	0	5	0	2	0	0	0	0	5	0	0	1084	0	15	0	0	515	0	6004	0	0	0	0	0	14	0	0	0	0	0	0	0	0	0	0	0	0	0	0	0	0	0	0	0	0	0
4051.1.rerun.lib32	0	233	0	0	0	0	0	432	4	4	99	0	22	7875	164	127	0	0	103	1772	1985	289	227	0	0	166	65	0	0	13	0	127	0	0	0	0	0	0	0	0	24	5	6	0	115	5	0	0	219	0	0	0	107	74	1117	54	197	521	0	36	71	0	151	29	30	7	23	191	175	7	1570	0	0	0	40	0	40	0	0	7	0	80	337	8	59	57	0	56	51	0	23	541	87	54	6	0	0	0	0	4060	0	32	2	116	1019	4	0	0	7	213	0	0	13	0	0	0	30	0	15	0	0	0	63	1062	0	148	0	0	0	0	0	0	0	0	0	12	557	0	0	2	0	0	38	0	0	0	0	0	0	0	0	0	0	0	0	0	0	0	0	0	0	0	0	0	0	5	0	0	0	0	0	0
4052.1.lib29	2	177	0	0	0	14	40	446	0	0	29	5	84	1407	58	8	233	72	0	852	4100	81	300	0	42	8	618	57	0	43	0	0	15	20	0	0	0	6	0	0	44	0	0	0	23	0	0	0	65	0	0	2	16	17	1558	370	347	506	0	184	0	0	435	15	40	48	19	49	100	37	331	17	3	0	0	0	134	43	16	37	0	25	1279	20	28	28	27	28	20	47	7	477	16	44	0	66	0	0	31	3800	0	54	12	248	398	2	0	0	20	144	129	4	10	27	7	0	0	0	0	0	1239	0	6	0	0	4	0	0	0	0	0	16	0	0	0	17	197	2111	375	0	6	0	8	0	5180	0	0	0	0	0	0	0	0	0	0	6	0	0	0	0	0	0	0	0	0	0	0	0	0	0	0	0
4055.1.lib29	0	161	0	0	0	14	17	289	0	0	18	3	63	1018	50	2	214	49	0	476	2775	72	218	0	17	6	766	81	0	39	0	0	4	22	0	0	0	8	0	0	61	0	0	0	20	0	0	0	62	0	0	12	15	25	1716	254	237	460	0	116	0	2	317	29	18	36	14	47	134	17	245	21	2	0	0	0	69	74	27	31	0	21	1155	30	19	34	19	59	24	101	14	740	21	59	0	92	5	4	25	2298	0	64	7	479	275	6	0	2	27	205	64	12	18	15	3	0	0	0	8	0	771	0	13	0	0	3	0	0	0	0	0	10	0	0	0	19	158	1698	256	0	8	2	8	0	1871	0	0	0	0	0	0	0	0	0	0	15	5	0	0	0	0	0	0	0	0	0	0	0	0	0	0	0
4056.1.lib29	0	57	0	2	0	0	0	257	0	13	21	0	0	8013	0	220	0	0	0	0	0	148	0	0	0	153	0	0	124	0	0	0	0	0	0	0	0	0	0	0	0	0	0	0	42	8	0	0	0	0	0	0	6	395	4632	0	44	0	63	722	0	280	2412	0	0	0	68	109	8	0	21	0	63	0	0	7	322	0	0	75	908	2570	314	0	52	0	44	13	0	10	0	0	116	0	0	10	0	0	0	5376	0	40	8	0	938	8	0	0	0	0	0	0	0	0	0	0	131	0	0	0	0	0	0	14	0	144	0	0	0	0	0	0	0	0	0	0	471	0	0	0	0	0	3	0	0	0	0	0	0	0	4	0	0	0	0	0	0	0	0	0	0	2	0	0	0	0	0	0	0	0	0	0
4058.1.rerun.lib32	33	258	0	0	0	0	0	0	0	25	0	0	0	0	0	0	0	0	0	12	0	673	0	25	0	0	0	0	22	3	0	0	0	0	0	41	0	264	0	0	0	0	0	0	160	11	0	0	0	0	0	474	598	117	2021	337	0	606	0	647	0	0	2475	432	412	209	20	51	10	15	7412	5	29	0	418	0	146	72	0	160	35	2364	882	281	228	0	273	0	0	0	6	472	0	0	0	0	0	0	0	5248	0	0	292	167	8222	0	0	31	0	127	0	0	0	0	0	0	186	0	4	0	0	0	0	360	0	502	0	0	0	0	0	0	0	0	0	0	0	4562	0	0	0	0	51	0	0	0	0	0	0	0	0	0	6	0	0	0	44	0	0	4	5	8	0	0	0	33	0	0	0	0	0	0
4059.1.lib29	0	31	0	9	0	0	0	0	0	12	0	0	0	2152	0	0	0	0	0	0	0	0	0	76	0	0	0	0	0	24	0	0	0	0	0	0	0	27	0	0	0	0	0	0	120	0	0	0	0	0	0	0	41	8	134	0	33	372	0	18	4	0	161	62	22	16	0	115	0	29	161	18	5	0	0	0	76	0	0	13	86	757	204	0	30	0	64	0	0	0	0	0	215	0	0	42	0	0	0	1380	0	51	62	0	314	0	0	2	0	0	0	0	0	0	0	0	0	0	0	0	156	0	0	2	0	2	81	662	0	5	0	0	0	0	0	0	0	3612	0	0	0	0	118	0	46	0	0	0	0	0	28	0	0	0	0	0	0	0	0	14	0	0	5	0	0	0	0	0	0	0	0	0
4060.1.lib27	0	289	0	0	0	0	0	6	12	0	0	0	0	4412	324	224	100	208	625	0	0	661	207	0	0	0	0	6	0	14	0	6	0	0	4	0	0	0	0	0	0	0	0	0	73	0	0	0	626	77	7	71	443	85	2173	27	133	174	4	131	88	0	102	25	53	15	116	37	23	16	2406	0	0	0	3	0	109	0	0	78	0	176	920	9	15	17	16	4	11	0	12	607	176	467	20	36	10	0	4	4434	7	32	14	316	1037	0	63	0	34	0	0	27	0	0	2	0	0	0	5	0	845	0	0	0	0	10	0	0	0	0	0	376	0	0	0	12	244	2	0	0	7	0	6	10	0	0	0	3	0	0	0	0	0	2	0	0	0	0	35	2	0	2	0	0	0	2	0	0	4	0	0	0
4069.1.lib29	4	21	0	169	11	0	0	0	0	0	0	0	0	8124	0	0	0	0	0	0	0	88	297	4	0	0	0	0	4	0	0	0	0	0	0	0	0	0	0	0	0	0	0	0	11691	0	0	0	0	0	0	0	137	97	2501	117	181	212	0	989	0	0	270	211	47	117	0	125	0	105	5458	0	21	0	130	0	416	70	0	0	0	0	1185	0	0	0	15	0	0	13	0	0	180	0	0	8	0	0	0	5109	0	0	0	49	4138	0	0	0	0	6	0	0	0	0	0	0	0	0	0	0	0	0	0	0	0	796	0	0	0	3	0	215	0	0	88	0	0	0	0	808	0	0	420	0	0	0	6	0	0	0	3	0	0	0	0	0	0	0	0	0	0	0	0	0	0	0	0	0	0	0	0	0
4070.1.lib27	0	84	0	0	0	0	0	2	0	0	0	0	0	11040	0	0	0	0	0	0	0	0	25	0	0	0	0	0	2	26	0	0	0	0	0	3	0	0	0	0	0	0	0	0	31	0	0	0	0	0	0	1246	0	49	1332	0	0	0	0	90	0	0	7	100	0	52	0	214	0	0	20	0	0	0	0	0	18	0	0	0	4789	2010	208	0	28	0	2	0	0	0	0	0	0	0	0	0	0	0	0	7650	0	19	0	0	0	0	0	0	0	0	0	0	0	0	0	0	114	0	0	0	0	0	0	0	0	10	0	0	0	0	0	0	0	0	0	0	167	5591	0	0	0	0	32	64	0	0	0	0	0	0	3	0	0	25	0	30	0	0	0	3	0	3	0	7	5	36	0	8	0	41	3	0
4072.1.lib27	18	135	0	17	16	0	6	808	2	12	0	7	9	4992	17	0	0	16	9	0	0	12	76	0	0	99	0	0	5	33	0	0	0	0	0	0	0	0	0	0	29	0	0	0	214	6	21	0	6	8	0	0	113	34	1700	0	516	944	8	102	114	5	151	67	13	18	91	256	81	0	1648	0	0	0	13	0	118	10	3	14	2271	1301	1178	6	17	45	10	18	0	3	3	176	39	2	0	8	0	0	0	3866	0	49	0	61	1262	13	3	0	7	0	0	62	20	0	54	56	18	2	0	0	0	0	0	61	0	55	0	5	0	0	0	32	0	0	0	0	386	907	0	0	80	0	48	0	20	0	0	0	0	27	0	0	0	8	0	0	0	4	0	0	0	0	0	0	0	13	0	3	0	0	0	0
4074.1.lib29	0	0	0	0	0	0	0	0	0	0	0	0	0	0	0	0	0	0	0	0	0	0	0	0	0	0	0	0	21	0	0	0	0	0	0	20	0	4	0	0	0	0	0	0	191	0	0	0	0	0	0	3	0	15	1588	0	0	432	0	950	0	0	34	332	0	9	0	0	0	0	1552	0	4	29	78	0	0	7	0	0	427	3051	300	0	0	4	40	3	0	0	12	0	0	0	0	0	0	0	0	5276	326	54	7	0	0	0	0	0	0	0	0	0	0	0	0	0	525	0	0	0	405	0	0	0	0	347	0	0	0	0	0	0	0	0	0	0	0	5515	16	0	0	0	8	0	0	0	0	0	0	0	4	0	0	0	0	0	9	0	0	0	0	0	0	0	0	0	0	0	0	0	0	0
4075.1.rerun.lib32	2	23	0	5	7	0	301	0	9	27	0	0	0	3253	255	50	79	152	0	17	0	521	676	0	165	99	0	0	0	88	0	0	0	0	0	0	0	0	0	0	0	0	0	0	185	0	0	0	181	54	5	0	0	408	2689	0	533	311	41	182	74	3	81	0	35	109	285	229	6	18	265	0	0	0	0	0	290	0	8	59	0	608	1858	0	74	41	0	46	13	28	63	116	62	46	23	5	0	4	0	3153	22	90	5	0	1652	0	17	17	20	0	0	0	19	0	0	0	0	0	0	0	0	0	0	112	5	100	0	0	0	0	0	153	0	0	2	4	189	0	0	0	0	0	0	3	212	0	0	31	0	0	0	0	0	3	0	0	0	0	0	3	0	0	0	0	0	8	4	12	0	0	0	0
4076.1.lib27	0	459	0	9	0	0	0	66	0	0	2	0	0	1134	46	5	0	29	0	0	0	133	62	3	0	17	135	4	0	0	0	0	0	0	0	0	0	0	0	0	0	5	0	0	159	11	4	0	246	0	125	281	43	33	808	28	0	117	74	0	0	10	14	180	0	0	53	48	11	0	155	37	0	0	85	0	86	7	87	0	0	5	1263	48	9	14	17	31	27	13	6	164	30	414	3	0	20	0	0	1400	0	42	17	506	360	2	0	2	48	39	0	4	4	0	2	2	0	0	8	0	4	0	0	101	0	71	0	3	8	0	0	101	0	0	3	13	110	34	1807	0	2	4	178	2	0	0	0	0	0	0	0	0	0	8	0	0	0	0	3	0	0	0	0	0	0	9	0	4	0	0	2	0
4078.1.lib29	0	95	0	0	3	0	0	260	0	0	36	57	0	10866	0	0	0	0	0	0	29	0	4	0	0	0	0	0	0	36	0	0	0	0	0	0	0	73	0	0	0	0	0	0	59	14	0	0	0	0	0	0	0	15	1729	0	215	622	0	14	0	0	205	0	10	0	0	78	0	0	9252	0	0	0	39	0	0	0	0	92	3424	272	540	0	88	17	0	0	0	0	0	0	0	0	0	0	0	0	0	380	0	180	4	0	1200	0	0	0	8	0	0	0	0	0	0	0	0	0	0	0	31	0	0	0	0	7	0	0	0	0	0	0	0	0	0	0	206	19106	6	0	0	0	0	6	0	0	0	0	0	0	21	0	0	0	0	0	0	0	0	0	0	0	0	0	24	0	0	0	0	0	0	5
4082.1.lib29	0	14	0	0	0	0	0	21	0	5	0	0	0	3101	0	0	30	12	0	0	110	39	87	0	0	0	0	0	4	79	0	10	0	0	0	0	0	0	0	0	0	0	0	0	36	0	13	0	32	37	0	0	60	23	1462	38	214	1006	23	144	54	13	730	37	102	0	29	238	6	37	1019	0	0	0	9	0	79	8	0	92	21	1159	608	7	28	6	3	12	7	2	0	220	48	4	0	12	0	0	0	2968	0	98	2	9	3038	5	0	0	2	11	15	2	0	0	0	0	366	19	0	0	163	0	0	48	97	0	0	3862	0	0	0	3	0	0	0	16	183	331	0	0	2	0	14	0	237	0	0	0	0	14	0	0	0	0	0	7	0	0	0	0	0	0	0	0	0	0	0	0	0	0	0	0
4084.1.lib29	0	18	0	8	0	0	0	106	18	0	9	0	108	2318	0	0	270	0	0	2905	0	247	34	0	0	0	465	0	0	11	0	0	0	0	5	0	0	0	0	0	0	0	0	0	158	15	5	0	248	19	0	473	360	10	779	318	278	193	0	553	33	0	78	29	38	43	43	28	62	37	1343	0	0	5	53	0	38	21	28	0	0	187	1589	20	32	29	0	80	64	4	0	778	101	124	31	30	0	0	0	11489	0	0	0	410	370	4	14	0	210	33	21	31	43	0	0	0	7	0	35	0	490	0	0	0	0	11	0	0	2	0	0	143	0	0	0	288	25	3234	0	0	8	0	44	0	16	0	0	0	0	0	0	0	0	0	0	0	0	0	0	0	0	0	0	0	0	0	0	0	0	0	0	0
4092.1.lib29	0	2	0	0	13	0	0	0	13	31	0	0	0	5354	0	0	0	0	0	0	0	0	92	0	0	0	0	0	7	52	3	0	0	9	0	2	0	0	0	0	0	0	0	0	30	0	0	0	0	0	0	16	76	41	1841	0	144	503	0	261	0	64	325	7	29	11	0	350	335	0	1788	0	0	0	0	12	265	31	0	58	9	558	1103	37	0	283	23	9	0	49	65	25	0	12	0	7	3	9	22	4593	0	58	88	6	0	17	0	0	0	0	26	0	0	0	0	0	96	45	60	0	0	0	0	264	0	68	0	54	0	0	0	0	0	0	0	0	274	116	0	42	0	0	10	0	0	0	0	0	0	0	2	0	3	6	0	0	0	0	0	0	3	6	0	0	0	10	0	3	0	0	3	0
4094.1.lib29	0	87	0	3	0	0	0	250	7	46	0	0	0	4720	0	0	0	25	64	0	0	100	5121	0	0	0	0	0	39	299	0	0	0	0	0	0	0	14	0	0	0	0	0	0	9	0	0	0	53	0	0	889	99	541	3095	342	525	905	0	905	0	0	605	993	17	108	64	322	36	82	1286	0	0	0	122	0	106	0	0	0	71	3389	2560	21	547	0	0	5	0	3	0	53	26	5	0	12	0	0	0	9820	0	35	0	22	2201	0	2	0	12	0	0	0	0	0	0	0	101	0	0	0	0	0	0	24	0	34	0	0	0	0	0	0	0	0	0	0	0	0	0	0	0	0	0	0	0	0	0	0	0	0	0	0	0	0	0	18	0	0	0	0	0	0	0	0	0	0	10	0	0	0	0	0
4095.1.lib29	9	59	0	0	2	0	0	48	0	6	163	0	0	4508	0	0	0	0	0	0	2943	0	81	0	0	0	0	0	165	0	0	0	8	0	0	0	0	2	0	0	0	0	0	0	164	0	0	0	0	0	0	1266	34	180	1757	810	346	417	0	469	0	2	465	153	24	69	0	122	17	16	2367	0	33	0	0	0	91	0	0	283	247	522	557	0	89	0	4	0	0	2	0	0	6	0	0	0	0	0	0	2207	0	87	0	0	1087	0	0	0	0	0	0	0	0	0	0	0	4274	0	0	0	0	0	0	0	0	969	0	0	0	3	0	0	0	0	0	5	163	42	0	4003	0	0	46	3	3	0	0	0	0	0	3	0	0	0	0	0	0	0	0	0	0	0	0	0	0	0	0	0	0	0	0	0
4097.1.lib27	0	549	0	0	0	0	0	491	27	0	44	206	0	2908	0	59	0	52	67	0	0	381	255	0	50	114	135	0	0	20	5	0	0	0	0	0	0	0	0	0	0	0	0	0	6	0	0	0	65	0	0	124	1529	42	2318	0	248	442	0	844	3	0	777	229	15	87	0	24	99	64	3021	0	0	0	0	0	347	91	0	80	6	547	839	37	66	25	66	9	62	50	0	151	19	0	0	63	9	4	0	2127	0	85	60	0	969	0	0	0	19	0	0	24	33	0	0	0	0	0	24	0	3137	0	6	0	0	0	0	0	0	0	0	330	0	0	0	0	311	2100	0	0	0	0	7	2	0	0	0	49	0	0	0	0	0	0	0	88	0	0	0	0	0	0	0	0	0	0	0	0	0	0	0	0
4099.1.lib27	0	289	0	0	0	0	0	779	44	16	0	0	12	3425	174	0	33	22	0	0	0	402	525	0	90	68	435	0	5	84	0	22	0	0	0	0	0	0	0	0	0	0	0	0	31	0	0	0	111	49	0	0	362	465	4564	0	319	382	0	417	0	0	239	14	41	101	419	255	173	21	1627	6	0	0	9	0	255	0	0	99	0	448	2059	8	89	61	17	16	6	22	13	218	66	31	0	116	12	8	0	5216	0	51	15	13	1846	17	0	3	33	27	0	10	18	0	0	0	0	0	0	0	0	0	0	234	0	13	0	0	0	0	0	0	0	0	0	11	190	0	0	0	0	0	0	0	53	0	0	0	0	0	0	0	0	2	0	0	0	27	18	0	0	0	0	0	0	0	0	0	0	0	0	0
4105.1.lib27	2	286	0	0	0	7	17	110	0	0	46	60	5	1093	15	0	0	3	0	0	32	9	21	0	0	0	7	4	0	16	0	342	0	0	0	0	0	0	0	0	0	0	0	0	30	0	0	0	7	2	0	104	32	35	1734	1353	228	666	0	384	46	0	166	39	205	14	121	64	3	2	2110	0	0	0	6	0	135	0	0	34	12	1482	524	0	24	28	2	11	0	0	0	75	30	0	0	0	0	0	0	5046	0	8	0	0	2375	0	0	5	2	0	0	9	3	0	0	0	38	0	55	8	117	0	0	12	0	0	0	0	0	0	0	0	0	0	0	0	102	165	0	2	0	0	0	8	8	0	0	0	0	0	0	0	0	9	38	0	0	0	0	0	0	0	0	0	0	5	0	3	0	0	0	0
4106.1.lib29	0	3	0	0	0	0	0	0	0	28	0	0	0	4893	0	0	0	0	0	0	0	199	0	0	0	46	0	0	38	0	0	0	0	0	0	6	0	0	0	0	0	0	0	0	26	0	0	0	58	0	0	0	0	4	2345	0	173	12	0	132	0	16	446	343	0	43	227	112	0	0	1684	5	0	0	126	4	102	0	0	0	7	75	1310	20	125	21	36	5	0	23	0	0	0	0	23	41	2	0	0	2414	0	26	0	3	447	22	0	0	0	0	0	0	0	0	0	0	0	0	0	0	0	0	0	225	0	4	0	0	0	0	0	0	0	0	0	0	208	2969	0	32	0	0	0	0	0	0	0	0	0	0	0	0	0	0	0	0	0	0	0	0	0	0	0	0	0	0	0	0	0	0	0	0
4108.1.lib29	0	0	0	0	0	0	0	26	0	0	0	0	0	1952	0	0	0	0	0	0	0	2	0	0	0	35	0	0	0	66	0	0	0	0	0	0	0	0	0	0	0	0	0	0	84	0	0	0	0	0	0	27	0	3	863	13	2	259	0	33	0	15	224	88	77	0	0	34	0	0	2439	0	0	0	0	10	7	0	0	153	4	486	206	0	70	0	0	0	0	0	0	13	3	0	0	0	0	0	0	1330	0	35	0	0	170	0	2	0	0	0	0	0	0	0	0	0	53	0	0	0	0	0	0	0	0	36	0	0	0	0	0	0	0	0	0	0	26	1651	0	0	0	0	0	0	0	0	0	0	0	0	5	0	0	0	0	0	0	0	0	0	0	0	0	0	0	0	0	0	0	0	0	0
4109.1.lib29	4	583	0	4	0	0	0	261	0	30	0	0	0	8537	196	21	0	0	862	0	0	3	0	0	0	0	0	0	2	51	0	0	0	0	0	0	0	13	0	0	0	0	0	0	305	0	0	0	0	40	0	11	987	816	3700	694	586	814	156	538	0	55	497	40	99	45	8	245	0	0	430	0	0	0	12	12	183	15	0	1504	12	361	560	0	132	8	10	0	3	0	0	0	0	75	0	5	3	0	0	8136	0	139	4	103	2515	5	0	0	0	0	0	0	0	10	0	79	176	0	0	0	0	0	0	148	0	119	0	68	0	0	0	0	0	0	0	0	214	6127	0	16	0	0	115	0	0	0	0	0	0	0	0	0	0	0	0	0	0	0	0	0	0	0	0	0	0	0	0	0	0	0	0	0
4115.1.lib29	3	0	0	0	0	0	0	0	0	0	0	0	0	7269	0	0	0	0	0	0	0	0	17	0	0	3	0	0	174	168	0	0	0	0	0	0	0	0	0	0	0	0	0	0	100	7	6	0	0	0	0	1837	0	0	0	0	0	0	0	0	0	0	0	82	0	0	0	0	0	0	71	0	0	0	0	0	0	0	0	0	6234	166	0	0	0	0	5	0	0	0	0	0	0	0	0	0	0	0	0	0	0	9	0	0	0	0	0	0	0	0	0	0	0	0	0	0	12	0	0	0	0	0	0	0	6	308	56	1246	0	0	0	0	0	0	0	0	170	32915	0	2	0	0	0	0	0	0	3	0	0	0	0	0	0	0	0	0	0	0	0	0	0	0	0	0	0	0	0	0	0	0	0	0
4119.1.rerun.lib32	2	0	0	0	0	0	0	47	0	0	16	27	0	7902	10	11	17	71	128	0	0	261	209	0	0	110	36	0	0	8	0	25	0	0	0	0	0	0	0	0	0	0	0	0	131	8	0	0	164	47	0	0	0	8	1035	449	383	319	0	0	0	0	1600	16	245	0	20	517	448	19	486	0	0	0	0	0	46	0	0	3	0	593	1463	0	32	99	12	41	0	0	3	43	15	3	0	4	0	0	0	4070	0	7	76	12	1258	28	5	0	34	0	33	0	0	0	0	0	2	0	0	0	1049	0	41	0	4	20	0	3	0	0	0	6	0	0	3	79	285	90	0	18	8	0	87	10	90	0	0	0	0	0	2	0	3	20	0	0	3	0	0	0	0	6	0	0	0	43	0	4	10	0	0	0
4122.1.lib29	7	0	0	0	0	0	0	0	0	29	0	0	0	7431	0	0	0	0	0	0	0	101	3365	0	0	111	0	0	209	7	0	0	22	21	0	23	0	0	0	0	0	0	0	0	265	0	0	0	0	13	0	577	0	76	1176	0	13	2646	35	9	0	54	376	0	0	2	0	0	0	0	19	31	216	44	3	0	14	0	0	0	4377	5925	124	0	47	5	21	2	0	32	0	0	0	0	0	0	2	0	0	1008	195	72	0	0	0	26	0	0	0	0	0	4	0	0	0	0	77	0	0	0	72	0	0	0	0	52	0	5104	0	6	0	14	0	0	0	0	851	1308	0	335	0	0	73	0	0	0	0	0	0	0	0	0	0	0	0	0	0	0	0	0	0	0	0	0	0	0	0	0	0	0	0	0
4124.1.lib29	0	0	24	20	0	0	0	392	0	0	0	0	0	2603	0	0	0	0	0	0	0	0	0	0	0	0	0	0	0	24	0	15	0	0	0	0	0	0	0	0	0	0	0	0	196	0	4	0	0	0	0	0	0	0	906	15	130	16	0	0	0	0	100	0	0	0	0	47	0	0	219	0	0	0	0	0	54	0	0	0	0	0	146	0	65	0	0	0	0	0	0	0	9	0	0	0	0	0	0	970	0	10	0	0	74	0	0	0	0	0	0	0	0	0	0	0	0	0	0	0	0	0	0	0	0	59	0	0	0	0	3	0	0	0	0	0	87	0	0	143	0	0	0	561	0	66	0	0	31	0	114	0	106	230	0	0	0	0	0	0	125	85	33	83	96	1109	177	240	56	69	98	5
4128.1.lib27	0	381	0	0	0	0	0	419	8	0	0	0	29	5046	141	0	0	118	0	0	5991	216	301	0	0	0	0	0	0	135	0	0	0	0	0	0	0	0	0	0	27	0	12	0	492	4	2	0	0	0	0	8	239	242	5148	314	458	597	0	1246	141	4	303	140	29	261	35	160	262	55	1502	0	0	0	5	0	210	16	0	493	8	637	957	32	297	7	0	8	35	0	0	26	61	0	0	23	0	0	0	5131	0	93	0	72	1984	0	0	0	2	0	0	51	0	0	0	0	88	0	0	0	0	0	0	153	0	1050	18	0	0	0	0	0	0	0	0	5	281	5	1529	0	0	0	67	6	63	0	0	0	0	0	0	0	0	0	0	0	0	49	0	0	0	0	0	0	0	12	3	3	8	0	2	0
4131.1.lib27	0	153	0	0	0	0	0	312	0	0	0	19	3	9565	5	4	3	6	0	24	0	3	87	0	0	17	0	0	0	157	0	0	0	0	5	0	0	0	0	0	0	0	0	0	34	0	0	0	0	0	0	0	30	69	4732	6	345	834	0	335	26	0	398	672	13	35	165	97	14	22	172	0	0	0	31	0	32	0	0	0	27	1358	672	7	9	22	0	0	0	5	0	34	54	0	0	0	0	0	0	957	0	45	0	0	1005	0	3	0	0	2	0	0	0	0	0	0	53	0	0	0	244	0	0	0	0	0	0	0	0	0	0	0	0	0	0	16	30	0	0	0	14	0	72	16	0	0	0	0	0	0	0	0	0	0	0	246	0	0	0	0	0	0	0	0	3	21	0	0	0	0	2	0
4132.1.lib27	0	117	0	0	4	0	0	331	0	26	0	0	0	12909	255	0	0	584	0	0	0	876	152	0	0	0	0	0	2	48	0	0	0	0	0	0	0	0	0	0	0	0	0	0	48	0	0	0	0	39	2	0	274	60	5903	0	362	419	53	77	0	10	313	28	51	0	76	85	22	0	5466	74	0	0	0	0	130	0	0	0	48	1136	1714	0	11	63	31	12	0	66	23	77	0	0	0	80	33	0	0	9763	4	33	4	0	0	38	5	6	0	33	0	0	0	0	8	0	17	0	58	0	0	0	0	238	0	11	0	0	0	0	0	0	0	0	0	220	0	29	0	5	0	0	0	31	0	5	0	0	5	0	3	4	6	50	0	0	0	21	0	3	0	0	0	0	13	78	6	14	0	0	11	2
4133.1.lib27	0	0	0	0	0	0	0	0	0	12	0	0	0	29290	0	0	0	0	0	0	0	0	172	0	0	0	0	0	3	165	4	0	0	0	1977	0	0	0	0	0	0	0	0	0	49	11	9	0	147	0	0	45	0	22	615	0	100	573	0	11	0	0	1236	11	0	0	13	531	0	0	5744	0	0	0	45	0	24	0	0	0	60	2234	297	0	67	0	0	0	0	11	0	0	0	0	0	0	0	10	0	341	0	58	0	0	88	0	0	0	4	0	0	0	0	0	0	0	74	0	0	0	0	0	0	0	0	31	0	0	0	0	0	0	0	0	0	216	0	15003	0	3	0	0	0	29	0	0	0	0	9	0	0	10	0	55	0	0	0	0	0	0	0	0	3	6	0	63	11	31	7	0	13	0
4134.1.lib29	0	0	0	0	0	0	0	1161	0	20	0	0	0	12061	0	0	0	0	198	0	3342	174	1684	0	0	0	0	0	141	0	65	0	0	0	0	6	0	0	2	0	0	0	0	0	49	0	8	0	0	0	0	0	164	32	2658	0	171	2464	0	447	0	8	2040	2942	0	0	0	0	0	39	2924	0	444	0	7	0	318	26	0	373	71	1187	166	0	24	0	22	0	0	0	0	0	0	0	0	0	0	0	0	364	0	66	0	0	1183	5	0	0	0	0	0	0	0	0	0	0	0	3	0	0	0	3546	0	27	0	12	0	0	0	2	0	0	0	0	0	0	2124	269	684	361	0	0	6	0	0	0	2	0	0	0	0	0	0	0	0	0	0	0	0	0	0	0	0	0	0	0	0	0	0	0	0	0
4135.1.lib29	25	225	0	60	0	0	0	0	0	0	0	0	0	10672	0	0	0	0	0	0	0	0	14	0	0	0	0	0	0	0	0	0	0	0	0	29	0	92	6	161	525	53	62	0	2514	0	0	0	0	0	0	0	0	131	1695	0	634	1623	10	310	5	293	3300	0	0	0	0	0	0	0	3846	0	0	0	673	2	0	68	0	59	1713	475	3642	0	0	0	353	35	0	682	0	8	0	0	0	0	0	0	0	0	0	263	0	0	0	58	0	0	0	0	0	0	0	0	0	0	539	0	17	0	0	0	0	0	0	2329	0	0	0	0	0	0	0	0	0	0	1184	0	0	0	0	0	0	7	0	0	0	0	0	0	0	0	0	0	0	0	0	0	0	0	0	0	0	0	0	0	0	0	0	0	0	0
4136.1.lib29	0	2	0	0	0	0	0	0	0	0	0	0	0	4115	0	1265	0	0	0	0	0	251	997	0	0	0	0	0	27	0	0	0	0	0	0	32	0	513	0	0	0	2	0	0	16	0	0	3	0	0	8	0	0	7	3166	0	0	0	822	201	0	2440	494	0	0	0	627	28	5	0	467	0	114	95	0	529	172	0	0	755	237	3463	477	0	10	130	91	501	385	104	66	7	5	44	19	307	5	0	4	4865	13	438	257	0	489	254	5	0	2	0	0	0	0	0	0	0	38	0	0	0	0	0	0	0	0	0	0	0	0	8	0	0	0	0	0	215	0	1273	0	1276	0	0	12	0	0	0	2	0	0	0	0	0	0	0	0	0	0	0	0	0	0	4	0	0	0	0	0	0	0	0	0	0
4139.1.lib27	0	30	0	0	0	0	0	43	0	2	0	0	7	4471	0	0	0	0	0	0	0	91	0	0	0	78	0	0	0	283	8	0	0	0	0	0	0	0	0	0	0	0	0	0	105	8	5	0	18	0	0	0	55	142	3523	497	252	242	16	476	0	6	239	10	0	17	129	105	142	0	296	0	0	0	14	0	75	0	0	0	103	538	689	0	101	0	66	0	0	0	0	0	215	0	0	0	0	0	0	3685	0	45	0	0	187	0	0	0	0	0	0	5	0	0	0	0	20	0	0	0	0	0	0	85	0	10	0	0	0	0	0	0	0	0	0	0	180	8	0	8	25	0	54	11	0	0	0	0	0	0	4	0	8	34	0	0	0	29	0	3	3	10	0	6	10	47	12	10	19	1	8	2
4143.1.lib29	34	89	0	0	0	0	0	34	0	0	0	0	0	1865	100	0	0	60	0	0	0	282	0	0	0	102	0	0	0	6	0	0	0	0	0	0	0	0	0	0	0	0	0	0	166	0	28	32	8	3	0	0	134	0	923	49	255	164	0	10	91	0	29	5	0	20	18	56	130	0	152	0	0	0	0	0	42	0	26	0	0	393	232	0	9	36	6	58	31	0	0	215	48	2	0	3	0	0	0	1182	0	32	7	72	904	0	0	0	0	3	0	57	0	0	0	0	26	0	0	0	0	0	0	232	49	12	0	0	0	45	0	0	0	0	0	32	0	207	0	178	0	0	0	253	13	0	0	0	0	0	0	0	0	0	0	0	0	0	0	0	0	0	0	0	0	0	0	0	0	555	0	0
4146.1.rerun.lib32	0	395	0	0	0	136	0	37	0	0	36	25	81	2900	0	0	62	89	100	0	3117	42	613	0	0	61	0	0	0	16	3	0	7	0	0	3	0	0	0	0	0	0	10	0	50	0	0	0	0	0	0	6	148	26	1153	0	160	32	41	0	0	15	153	11	0	0	0	113	7	20	153	4	24	17	0	0	230	0	0	580	0	65	547	14	124	0	34	0	0	69	22	266	72	0	0	28	12	0	9	1754	80	25	0	0	1744	41	6	2	23	57	0	0	0	0	0	0	16	0	74	0	0	0	0	1101	0	84	0	0	0	0	0	0	0	0	0	0	175	394	1266	1427	0	0	151	3	0	0	0	0	0	2495	0	0	0	6	0	0	0	0	0	0	0	0	0	0	0	5	2	3	0	0	0	0
4147.1.lib29	0	187	11	31	4	0	0	84	0	15	0	0	0	3090	14	122	0	54	0	0	0	37	97	0	0	0	0	0	153	0	0	0	0	0	0	0	0	0	0	0	13	0	0	0	994	0	0	11	20	0	2	3	0	282	12758	0	853	285	21	786	0	21	107	98	6	0	0	180	103	119	1483	217	0	0	0	0	412	14	0	42	4	1450	371	10	6	0	31	4	33	0	0	262	73	118	0	13	0	0	0	1623	0	4	0	3	366	33	0	0	3	0	0	0	0	0	0	0	51	0	0	0	0	0	0	154	0	71	0	0	0	0	4	0	0	0	0	0	0	19	0	27	0	0	5	197	0	32	0	0	39	0	19	0	23	165	0	0	0	56	0	4	12	28	26	26	64	383	32	62	13	23	53	3
4148.1.lib29	2	1232	2	0	0	0	0	0	0	16	0	0	0	2389	0	0	0	0	0	0	0	104	0	0	0	0	0	0	13	73	13	0	2	4	2	4	0	0	0	0	0	29	113	0	66	0	2	0	0	0	8	24	291	101	2239	0	263	128	0	0	2	0	27	19	0	0	23	95	15	0	1108	107	0	0	4	0	169	0	12	52	68	554	345	10	47	52	33	3	0	0	3	0	129	0	0	4	0	0	11	2471	0	21	25	156	760	0	0	0	4	158	0	3	0	0	0	0	143	0	6	0	0	0	0	154	0	135	0	0	0	0	0	0	0	0	0	162	0	6114	0	0	0	0	0	0	0	0	0	0	0	0	0	0	0	0	0	0	4	0	0	0	0	0	0	3	0	4	3	0	0	0	0	0
4151.1.lib27	33	409	0	0	2	0	0	87	0	0	44	0	0	3488	0	0	0	0	0	0	0	4	11	0	0	6	0	0	16	1356	0	0	0	0	0	0	0	0	0	4916	0	0	0	3	29853	20	0	0	0	0	0	13	14	1407	6886	168	392	117	0	1139	39	0	354	359	79	265	151	107	37	21	163	0	0	0	0	0	456	0	0	338	178	3247	1112	2	41	12	0	0	0	0	0	0	11	0	0	0	0	0	0	1593	0	0	0	23	2635	0	4	0	0	0	0	0	0	0	0	0	0	0	0	0	17	0	0	4	0	36	0	0	0	0	0	0	0	0	0	0	7	6792	0	8	0	0	29	5	0	5	0	0	3	0	3	0	3	10	92	0	0	0	0	0	0	0	4	0	5	41	0	0	0	0	3	4
4153.1.lib29	64	15	1	7	6	0	0	184	15	12	0	0	0	0	0	967	0	0	0	0	0	249	0	0	0	0	0	0	0	27	2	0	6	0	0	9	9	3	0	0	0	0	0	0	2153	105	64	6	92	10	0	0	31	95	2222	14	170	247	24	309	0	0	171	51	41	79	115	701	5	10	2149	74	9	5	22	0	78	0	2	0	59	1656	3564	0	51	21	19	30	7	23	28	26	20	26	0	41	0	0	0	2458	0	80	76	12	1436	0	5	3	17	0	0	0	0	0	0	0	2105	0	0	0	0	0	0	0	5	43	0	103	12	8	0	28	0	0	0	308	0	2836	0	1179	21	0	70	0	59	0	0	0	5	0	0	0	0	0	0	0	0	0	5	0	0	0	0	0	0	0	0	0	0	0	0	0
4156.1.lib27	0	0	0	0	0	0	0	0	0	0	0	0	0	34756	0	0	0	0	0	0	0	0	0	36	0	0	0	0	0	0	0	0	0	0	0	0	0	10618	0	0	0	0	0	0	118	44	0	0	0	0	0	0	0	0	0	0	0	0	0	0	0	0	0	0	0	0	0	0	0	0	0	0	0	0	0	0	0	0	0	0	0	0	0	0	0	0	0	0	0	0	0	0	0	0	0	0	0	0	0	9	0	0	0	0	18	0	0	0	0	0	0	0	0	0	0	0	2561	0	0	0	0	0	0	0	0	2073	0	0	0	0	0	0	0	0	0	0	0	0	0	17	0	0	0	58	0	13	0	0	0	0	18	0	5	127	0	0	0	0	0	7	5	14	4	15	19	180	32	37	7	14	60	0
4159.1.lib27	0	14	0	6	0	0	0	344	0	0	0	0	10	7757	0	0	0	0	2	0	338	0	10	0	0	0	0	0	0	274	0	1077	0	0	0	0	0	0	0	0	0	0	0	0	122	0	0	0	55	10	0	20	74	152	4309	897	107	1026	0	1542	14	0	1602	606	69	156	76	607	599	10	185	0	0	0	78	0	31	23	0	593	27	1634	379	0	68	15	0	0	0	0	0	6	6	0	0	0	0	0	0	13140	0	109	0	0	204	0	0	0	0	0	0	0	0	0	0	0	871	3	0	0	0	0	0	10	2	104	0	66	0	0	5	0	0	0	0	0	2483	0	0	10	0	0	173	25	0	10	0	0	2	0	0	0	6	36	0	0	0	0	0	12	2	5	0	7	7	33	6	9	9	0	22	0
4160.1.lib29	0	0	0	0	0	0	0	0	0	10	0	0	0	12251	13	995	0	8	694	0	0	132	973	0	0	0	0	0	498	0	0	0	0	0	0	0	0	346	0	0	0	0	0	0	0	0	0	0	0	0	0	0	0	161	1400	0	0	0	28	0	0	1720	12773	0	0	0	0	0	0	0	0	117	0	0	0	26	0	0	0	0	0	11	229	0	28	0	282	11	0	107	7	0	0	0	0	0	0	0	0	2947	6	65	0	0	0	6	0	0	4	0	0	0	0	0	0	0	0	0	0	0	0	0	0	3	0	26	0	0	0	0	0	0	0	0	0	128	0	0	0	19	0	0	0	0	0	0	0	0	0	0	0	0	0	0	0	0	0	0	0	0	0	0	0	0	0	0	0	0	0	0	0	0
4161.1.lib29	0	0	14	0	0	0	0	91	0	0	0	0	0	1418	0	0	0	0	0	0	0	0	0	0	0	0	0	0	67	377	0	0	17	0	0	0	0	144	0	0	0	0	0	0	396	0	21	0	0	0	0	0	0	24	4004	81	35	2323	0	1813	0	49	1395	45	49	0	0	922	0	0	1322	0	0	0	0	0	51	0	0	74	64	0	2713	0	182	0	16	0	0	0	0	0	32	0	0	0	0	0	0	566	0	239	95	0	500	0	0	0	0	0	0	0	0	0	0	0	80	0	0	0	0	0	0	0	0	173	0	85	0	6	0	0	0	0	0	0	668	17739	0	1344	0	0	109	5	0	0	0	0	0	0	0	0	0	0	0	0	0	0	0	0	0	3	0	0	0	0	0	0	0	0	0	0
4164.1.rerun.rep.lib32	0	0	14	419	0	0	0	0	0	0	0	0	0	0	0	0	0	0	0	0	0	0	0	0	0	0	0	0	0	0	0	0	0	0	0	0	0	0	846	0	0	193	0	0	0	536	84	0	0	0	0	0	0	0	0	0	0	0	0	0	0	0	0	0	0	0	0	0	0	0	0	0	0	0	0	0	0	0	0	0	0	0	0	0	0	0	0	0	0	0	0	0	0	0	0	0	0	0	0	0	0	0	0	0	0	0	0	0	0	0	0	0	0	0	0	0	0	0	0	0	0	0	0	0	0	0	0	0	0	0	18	0	0	0	0	0	0	0	0	454	0	0	0	1297	0	185	2	0	26	0	100	0	185	1466	0	0	0	0	0	31	110	176	226	673	211	1994	431	380	55	352	38	39
4166.1.lib27	0	6	0	0	0	0	21	193	10	0	0	5	0	13201	0	0	0	78	0	0	0	202	0	0	0	450	0	0	201	31	0	0	0	0	0	0	0	0	0	0	0	0	0	0	2	0	0	0	39	0	0	0	79	0	2433	802	590	996	7	42	95	2	443	4	43	11	96	53	322	7	3429	0	0	2	2	0	94	9	0	0	12	2524	1930	0	37	59	61	0	4	0	4	22	14	27	0	28	0	4	0	6952	0	100	0	0	2475	7	2	2	19	0	0	18	7	0	0	0	0	0	0	0	550	0	0	0	0	0	0	0	0	0	0	399	0	0	0	196	15	777	0	0	0	0	0	36	14	0	0	0	0	0	0	0	5	14	0	0	5	0	0	0	4	5	0	0	5	54	4	0	0	0	4	0
4167.1.rerun.lib32	0	506	0	0	0	0	0	228	4	0	0	11	27	7056	184	112	32	70	0	0	0	1282	262	4	553	173	937	0	0	7	0	0	0	3	0	0	0	0	0	0	0	0	0	0	16	0	7	0	7	0	0	0	688	23	793	0	359	206	0	166	3	0	557	26	2	0	0	37	2	4	440	0	0	0	0	0	132	34	14	43	11	277	1248	0	83	103	11	7	105	66	0	50	9	14	0	72	5	10	7	904	0	67	0	592	3420	8	0	3	26	23	0	7	11	0	6	0	43	0	18	0	1554	0	44	0	0	28	0	8	0	0	0	0	0	0	0	96	55	0	0	2	0	0	59	0	12809	0	0	0	0	0	0	0	3	15	0	22	2	0	78	0	0	0	0	0	0	9	0	4	0	0	0	0
4173.1.lib29	5	0	0	0	0	0	0	0	6	106	0	0	0	10304	0	0	0	0	0	0	0	3	0	0	0	0	0	0	1475	0	0	0	39	0	0	105	0	0	0	0	0	0	0	0	307	13	9	0	0	0	0	0	26	27	3250	0	0	553	0	101	0	194	47	101	0	0	0	0	0	0	701	112	0	0	0	0	15	0	0	0	19385	0	280	0	2	490	55	26	0	5	0	4	0	0	0	0	0	0	0	4076	0	47	0	0	0	111	0	2	0	0	0	0	0	0	0	0	132	0	0	0	0	0	0	0	10	27	0	0	0	0	0	0	0	0	0	0	0	15680	0	14	0	0	0	48	101	6	8	0	0	0	43	0	2	63	0	0	90	0	0	10	0	36	0	22	19	141	12	11	11	0	13	11
4174.1.lib27	0	74	0	5	0	29	14	1125	0	0	58	160	201	5782	101	8	0	0	37	0	0	13	251	9	0	0	0	0	3	97	0	151	2	0	0	0	0	0	0	0	0	0	0	0	162	3	0	0	39	0	0	0	367	191	3244	0	298	150	0	958	0	0	47	159	48	84	0	145	6	0	859	0	0	0	85	0	243	0	0	0	45	782	1305	22	64	7	0	4	0	0	3	0	0	0	0	2	0	0	0	8245	0	0	0	27	0	0	0	0	0	4	0	0	0	0	0	0	81	0	0	0	0	16	0	243	0	6	0	16	0	0	0	0	0	0	0	0	252	0	0	0	0	0	57	3	0	0	0	0	2	4133	0	0	0	3	35	0	0	0	0	0	0	0	0	0	0	11	0	3	5	0	0	0
4176.1.lib27	18	67	0	0	0	0	0	0	0	379	0	0	0	0	0	0	0	0	0	0	0	0	0	0	0	0	0	0	280	0	65	0	0	0	0	37	0	0	0	0	0	0	0	0	6	0	0	0	0	0	0	450	27	488	11376	0	309	2256	499	11435	0	417	2764	1306	0	34	0	0	0	0	3648	382	0	0	0	0	52	0	0	639	12988	4982	3017	0	253	0	104	0	0	63	0	0	0	0	0	23	0	0	0	22528	0	94	0	113	0	0	0	0	0	75	0	0	0	0	0	0	604	0	0	0	0	0	0	38	0	216	0	0	0	0	0	0	0	0	0	0	2307	136	0	236	0	0	151	60	0	8	0	0	12	0	2	0	53	59	0	0	0	0	0	0	6	62	33	11	68	309	0	65	66	0	34	17
4180.1.lib29	2	194	0	3	0	0	0	3	0	0	0	0	130	5024	82	0	0	0	0	0	0	48	428	0	0	29	0	0	17	70	0	0	0	0	0	0	0	0	0	0	0	0	0	0	34	0	0	0	36	2	0	98	207	66	1687	101	167	334	0	1450	30	0	130	11	60	39	131	53	0	33	1336	0	0	0	15	0	209	0	7	96	0	593	1435	11	121	9	2	6	3	2	0	70	20	4	11	9	0	0	0	3052	0	113	0	183	529	2	0	0	5	0	0	5	0	0	0	0	39	0	17	0	0	0	0	128	0	10	0	0	0	0	0	0	0	0	0	150	0	37	0	0	0	0	2	0	0	0	0	0	0	0	0	0	0	0	0	0	0	0	0	0	0	0	0	0	0	16	0	0	0	0	0	0
4183.1.lib27	0	177	0	0	0	0	0	256	0	60	0	0	0	6513	0	0	0	0	637	0	0	249	0	2	0	0	0	0	53	0	0	0	0	0	0	13	0	0	0	0	0	0	0	0	93	0	0	0	95	0	0	86	674	347	3911	506	477	942	37	2590	12	52	210	368	50	137	0	42	0	381	1362	0	0	6	97	0	66	0	2	0	54	905	1043	11	175	11	20	27	35	67	23	22	20	42	0	0	33	0	0	14519	0	452	0	93	1481	11	0	10	42	4	0	0	0	0	0	0	171	0	2	0	0	0	0	206	0	71	0	0	0	0	0	0	0	0	0	0	600	0	0	0	0	0	5	7	330	0	0	0	0	0	0	0	0	21	0	0	6	0	0	0	0	0	0	3	5	15	0	6	2	0	0	0
4184.1.lib27	2	2	0	0	0	0	0	204	9	31	0	0	0	25287	0	0	70	243	0	0	0	245	142	0	0	223	0	0	7	27	0	176	0	0	0	0	0	0	0	0	0	0	0	0	1784	0	0	0	41	0	0	258	52	26	2646	3	583	748	227	34	46	266	1186	35	0	0	0	205	7	25	5296	21	438	0	0	21	161	12	0	0	5504	4007	312	0	21	41	137	16	46	0	0	302	426	0	0	103	36	0	0	4639	0	134	0	0	1593	94	0	0	11	8	0	51	56	83	0	0	50	0	49	0	53	0	0	64	0	7	0	0	0	0	0	0	0	0	0	28	400	6105	0	7	0	0	3271	14	725	4	0	0	0	0	2	2	5	30	0	0	0	4	0	0	0	5	2	0	7	34	0	7	0	6	4	0
4187.1.lib27	0	20	4	0	0	0	0	96	0	0	21	0	0	3138	108	5	0	16	0	0	0	152	137	0	0	18	0	0	0	30	0	0	0	0	0	0	0	57	0	0	0	0	0	0	391	24	1	0	0	0	0	0	18	143	2411	432	248	632	0	197	92	0	202	0	54	24	17	123	101	68	20	0	0	0	19	0	161	7	0	20	0	780	265	0	6	0	0	4	0	0	0	77	27	22	0	6	0	0	0	2382	0	31	61	0	834	0	0	0	0	8	0	2	0	0	0	0	0	0	0	0	0	0	0	6	0	38	0	0	0	0	0	0	0	0	0	0	0	0	55906	9221	614	0	706	369	0	4	0	4	0	0	0	0	0	41	0	0	0	0	13	0	0	0	10	4	7	50	2	10	0	3	15	0
4188.1.lib27	2	128	0	0	3	0	0	45	0	0	0	0	96	6005	0	0	0	301	0	0	0	1139	568	0	0	156	0	0	97	0	0	0	11	14	0	0	0	56	2	0	0	0	0	0	112	0	0	0	744	0	74	1159	1030	14	3382	602	350	745	8	821	177	18	120	128	123	175	0	47	32	0	1235	0	0	0	310	0	121	11	82	0	1816	4751	2382	75	134	180	0	39	253	89	21	878	0	1407	453	115	5	4	40	7325	81	240	125	2417	1541	0	0	108	52	466	16	64	0	0	0	29	81	0	0	0	2890	0	13	3	2	0	0	23	0	0	0	0	0	0	0	0	84	22005	0	0	0	0	41	93	3268	0	0	0	0	0	0	0	3	21	0	0	0	0	4	0	0	0	0	7	0	32	4	11	3	0	5	0
4191.1.lib29	0	143	0	0	0	0	7	0	0	58	0	0	0	11191	0	88	0	238	0	6	0	1858	1210	4	0	117	0	0	149	0	83	0	31	8	15	2	0	210	4	132	0	0	19	0	144	10	0	0	28	0	149	136	173	14	1953	0	0	280	66	236	0	56	314	185	9	60	0	0	5	49	286	81	0	0	9	105	0	28	83	0	193	2854	1219	38	54	0	66	226	341	219	0	1720	11	0	0	13	32	7	157	1481	0	256	192	1188	3704	15	448	194	65	445	0	102	0	0	0	0	318	0	0	0	0	0	0	859	0	316	0	0	0	0	0	0	0	0	0	0	478	0	11085	0	0	0	5	47	72	0	1	0	0	0	0	0	0	0	0	0	0	0	0	0	0	0	0	0	0	0	0	0	0	0	0	0
4192.1.lib27	24	0	13	0	0	0	0	0	75	0	0	0	0	4899	857	0	0	97	0	0	0	808	74	0	0	0	0	0	0	26	0	117	0	0	44	0	0	0	0	0	0	0	0	0	267	0	1	0	46	0	0	0	82	34	955	0	123	182	60	69	0	0	107	69	10	27	75	57	7	42	14	0	0	0	62	0	106	33	5	22	0	218	1536	0	61	0	83	0	38	0	0	732	133	105	0	17	96	0	0	542	30	196	83	0	1069	61	0	21	7	69	0	20	0	0	0	26	0	18	0	0	580	0	0	0	0	50	0	19	0	0	0	0	0	0	0	32	0	0	0	119	0	0	27	365	0	67	106	0	30	160	29	15	23	139	0	25	0	346	0	8	35	33	78	18	144	822	170	180	179	0	281	17
4194.1.lib27	0	250	0	0	0	0	0	327	0	6	0	0	29	8070	571	0	28	180	0	0	0	167	225	0	0	194	0	0	78	0	12	0	0	0	0	0	0	0	0	0	0	0	0	0	261	0	3	0	0	0	0	0	0	955	6212	0	0	0	166	0	0	24	1419	44	0	0	0	313	159	0	115	48	0	0	0	20	0	0	0	0	369	1939	80	0	19	29	43	109	0	8	0	0	0	0	0	95	37	0	0	5387	0	108	0	10	1246	0	0	0	15	0	0	0	0	0	0	0	1923	15	0	0	0	0	0	98	0	79	0	0	0	0	0	0	0	0	0	12	566	6287	0	0	0	0	0	20	0	2	0	0	0	0	0	10	0	7	0	0	0	0	0	0	0	0	0	0	0	19	4	0	7	0	0	0
4195.1.lib29	0	85	0	0	0	0	0	0	0	0	0	0	0	0	0	0	0	0	0	0	0	0	0	0	0	0	0	0	8	105	0	0	3	0	0	0	0	4	0	0	0	0	0	0	29	0	0	0	0	0	0	3	5	153	855	0	0	15	0	0	0	74	1588	96	88	166	0	178	0	0	659	0	0	0	15	0	83	0	0	131	4683	7	23	0	31	0	0	0	0	0	0	0	6	0	0	0	0	0	0	1243	290	14	0	8	0	0	0	0	0	0	0	0	0	0	0	0	0	0	0	0	0	0	0	0	6	36	0	0	0	7	7	0	0	0	0	0	6	1794	0	153	0	0	22	0	0	0	8	0	0	0	2	0	0	0	0	0	0	0	0	0	0	0	2	0	0	0	0	0	0	0	0	7
