feature	Actinomyces	Bifidobacterium	Rothia	Atopobium	Olsenella	Collinsella	f__Coriobacteriales_Incertae_Sedis.g__uncultured	Adlercreutzia	Eggerthella	Enterorhabdus	Gordonibacter	Senegalimassilia	Slackia	f__Eggerthellaceae.g__uncultured	Bacteroides	Barnesiella	Coprobacter	f__Barnesiellaceae.g__uncultured	Butyricimonas	Odoribacter	Muribaculaceae	Alloprevotella	Paraprevotella	Prevotella_7	Prevotella_9	Prevotellaceae_NK3B31_group	Alistipes	Rikenellaceae_RC9_gut_group	Parabacteroides	Tannerellaceae	Gastranaerophilales	Bilophila	Desulfovibrio	f__Desulfovibrionaceae.g__uncultured	Anaeroplasma	Catenibacterium	Erysipelatoclostridium	Erysipelotrichaceae_UCG.003	Dielma	Holdemanella	Holdemania	Merdibacter	Turicibacter	X.Clostridium._innocuum_group	Izemoplasmatales	Abiotrophia	Granulicatella	Lactococcus	Streptococcus	o__Lactobacillales.f__unassigned.g__unassigned	RF39	Gemella	Christensenellaceae_R.7_group	f__Christensenellaceae.g__unassigned	Clostridia_UCG.014	Clostridia_vadinBB60_group	Clostridium_sensu_stricto_1	Anaerofustis	Defluviitaleaceae_UCG.011	Agathobacter	Anaerostipes	Blautia	CAG.56	Coprococcus	Dorea	Eisenbergiella	Frisingicoccus	Fusicatenibacter	GCA.900066575	Howardella	Hungatella	Lachnoclostridium	Lachnospira	Lachnospiraceae_FCS020_group	Lachnospiraceae_ND3007_group	Lachnospiraceae_NK4A136_group	Lachnospiraceae_UCG.001	Lachnospiraceae_UCG.003	Lachnospiraceae_UCG.004	Lachnospiraceae_UCG.010	Marvinbryantia	Oribacterium	Roseburia	Sellimonas	Tuzzerella	Tyzzerella	UC5.1.2E3	X.Eubacterium._eligens_group	X.Eubacterium._fissicatena_group	X.Eubacterium._hallii_group	X.Eubacterium._ruminantium_group	X.Eubacterium._ventriosum_group	X.Eubacterium._xylanophilum_group	X.Ruminococcus._gauvreauii_group	X.Ruminococcus._gnavus_group	X.Ruminococcus._torques_group	f__Lachnospiraceae.g__unassigned	Monoglobus	Butyricicoccus	UCG.009	Colidextribacter	Flavonifractor	Intestinimonas	NK4A214_group	Oscillibacter	Oscillospira	Pseudoflavonifractor	UCG.002	UCG.003	UCG.005	f__Oscillospiraceae.g__unassigned	f__Oscillospiraceae.g__uncultured	Anaerotruncus	Angelakisella	CAG.352	Candidatus_Soleaferrea	DTU089	Faecalibacterium	Fournierella	Incertae_Sedis	Negativibacillus	Paludicola	Ruminococcus	Subdoligranulum	UBA1819	X.Eubacterium._siraeum_group	f__Ruminococcaceae.g__unassigned	f__Ruminococcaceae.g__uncultured	UCG.010	X.Clostridium._methylpentosum_group	X.Eubacterium._coprostanoligenes_group	Peptococcus	f__Peptococcaceae.g__uncultured	Family_XIII_AD3011_group	Family_XIII_UCG.001	Mogibacterium	X.Eubacterium._brachy_group	Parvimonas	Intestinibacter	Peptostreptococcus	Romboutsia	Terrisporobacter	Acidaminococcus	Phascolarctobacterium	Dialister	Megasphaera	Veillonella	Fusobacterium	TM7x	o__Rhodospirillales.f__uncultured.g__uncultured	Parasutterella	Sutterella	Escherichia.Shigella	Haemophilus	Pseudomonas	Akkermansia	Corynebacterium	Libanicoccus	Campylobacter	Faecalitalea	f__Erysipelotrichaceae.g__unassigned	Enterococcus	Lacticaseibacillus	Lactobacillus	Ligilactobacillus	Limosilactobacillus	f__Lactobacillaceae.g__unassigned	Staphylococcus	Megamonas	Allisonella	Veillonellaceae	Methylobacterium.Methylorubrum	f__Xanthobacteraceae.g__unassigned	Sphingobium	Sphingopyxis	Neisseria	Klebsiella	f__Enterobacteriaceae.g__unassigned	Actinobacillus	Aggregatibacter
Cah8-300-IL	5	211	8	4	0	2131	0	0	2	49	8	294	41	64	4611	209	35	0	69	73	113	745	56	0	596	0	196	46	1334	0	64	107	33	8	0	231	0	13	0	170	0	0	0	0	0	0	0	2	60	7	0	0	36	0	13	0	0	2	3	142	94	2812	455	559	1633	11	0	225	10	51	0	338	16	60	118	25	0	0	15	259	43	0	485	0	0	0	0	6	0	168	9	0	0	0	0	1230	998	3	53	3	78	13	3	28	28	29	0	461	0	21	23	55	6	0	2	2	0	1846	11	51	16	4	390	893	6	12	4	27	0	0	33	0	0	14	10	2	16	4	0	0	6	0	39	220	0	0	13	0	6	13	10	730	0	25	0	20	0	0	0	0	0	0	0	0	0	0	0	0	0	0	0	0	0	0	0	0	0	0	0	0
Cah8-301-IL	26	13	2	2	0	327	0	76	12	0	0	0	0	0	6135	392	66	0	40	78	0	0	0	0	0	30	40	0	134	0	21	26	0	0	0	0	0	113	0	0	44	12	0	2	0	0	9	0	165	8	19	36	70	23	87	2	4	0	0	19	9	571	352	656	388	0	0	36	16	0	0	1668	0	4	16	47	0	0	63	276	7	0	398	0	0	0	0	2	3	86	0	0	0	11	639	410	1515	0	21	0	45	9	9	0	34	30	0	69	36	81	2	47	0	0	92	0	0	2567	0	36	98	0	8	426	8	0	0	20	15	0	19	12	0	8	0	12	14	12	0	63	2	0	0	220	0	0	3	4	2	49	0	431	0	24	0	0	0	0	0	0	0	0	0	0	0	0	0	0	0	0	0	0	0	0	0	0	0	0	222	0
Cah8-302-IL	34	0	23	7	0	46	0	0	53	3	28	36	10	0	5960	315	198	0	131	190	0	0	185	0	0	0	168	0	517	0	0	19	0	0	0	0	157	38	349	0	12	0	0	0	0	0	3	6	188	34	0	23	17	3	82	0	0	0	0	0	0	284	0	54	141	57	1789	12	15	0	2	691	0	7	38	5	0	0	30	37	29	6	27	20	297	0	0	0	8	42	0	0	0	0	0	1975	1438	0	33	0	126	291	28	0	120	2	3	62	74	54	11	145	5	8	0	0	0	859	0	29	4	0	8	109	235	0	2	7	0	8	4	0	21	5	0	0	0	0	0	13	0	0	0	435	0	0	10	0	5	194	24	286	3462	0	0	7	0	0	0	0	0	0	0	0	0	0	0	0	0	0	0	0	0	0	0	0	0	0	0	0
Cah8-303-IL	0	286	0	2	0	1179	0	50	0	0	8	0	0	0	3111	156	0	0	14	32	0	0	0	0	2	0	344	0	79	0	0	28	0	0	0	206	0	36	0	402	0	0	25	0	15	0	0	0	128	0	68	0	210	86	36	7	28	0	13	802	82	1222	178	749	242	0	0	644	26	0	0	222	160	37	55	43	9	0	22	12	28	0	279	0	0	0	0	127	0	261	0	33	0	25	0	125	245	66	24	3	34	6	21	12	22	0	0	230	19	156	15	46	0	0	1050	0	6	4035	0	26	2	0	122	717	19	0	3	13	23	0	101	0	0	4	9	0	0	0	55	0	158	0	0	116	0	0	4	0	0	0	212	49	0	2	0	61	0	0	0	0	0	0	0	0	0	0	0	0	0	0	0	0	0	0	0	0	0	0	0	0
Cah8-305-IL	4	340	4	0	0	1653	0	7	222	0	0	0	0	0	8451	0	127	0	0	25	0	0	0	0	0	0	103	0	0	0	0	11	0	0	0	0	72	304	0	823	20	0	0	0	0	0	0	0	36	0	0	2	0	0	0	0	0	0	0	60	981	2393	0	380	769	0	0	293	0	0	6	797	470	0	122	0	0	0	49	0	0	0	27	2	120	42	0	22	0	340	0	34	0	0	1118	960	252	13	66	0	122	29	19	0	71	0	0	0	0	4	0	29	0	0	0	0	0	1571	0	30	0	0	7	107	6	0	0	0	0	3	0	0	0	0	0	0	0	0	8	0	0	0	0	241	0	0	5	0	0	0	0	26	0	0	0	0	0	0	0	0	0	0	0	0	0	0	0	0	0	0	0	0	0	0	0	0	0	0	0	0
Cah8-307-IL	4	0	0	0	0	165	4	7	87	0	19	0	313	0	4335	650	21	3	216	89	57	2885	0	0	6	0	655	0	95	0	0	99	0	4	0	31	11	0	0	75	12	8	0	0	0	0	0	0	101	0	0	0	258	68	0	13	52	0	0	143	4	187	137	331	276	4	0	0	38	0	0	506	0	0	0	2	0	0	63	308	3	0	156	0	0	0	0	0	0	18	3	0	0	0	62	495	3395	0	17	0	33	24	21	18	128	0	0	703	13	1175	12	260	3	0	244	0	0	1826	16	38	107	4	30	150	21	29	17	16	0	10	162	60	0	34	6	0	0	0	68	0	71	1	0	189	32	0	2	3620	0	358	0	1756	68	16	0	296	0	0	0	0	0	0	0	0	0	0	0	0	9	0	0	0	0	0	0	0	0	0	0	0
Cah8-308-IL	0	19	3	0	0	145	15	7	20	0	30	0	0	0	4937	622	3	9	0	55	0	0	0	0	0	0	472	0	151	0	4	40	0	4	0	0	20	0	0	0	9	24	0	6	0	0	0	3	48	0	0	3	30	0	0	0	217	3	0	33	3	166	33	1040	103	0	0	29	3	0	0	381	0	0	18	4	0	0	32	6	0	0	22	93	0	0	8	3	0	0	0	0	0	0	142	1298	664	0	23	4	44	219	13	0	176	0	5	119	50	14	9	138	0	0	30	0	0	3613	0	81	176	5	49	68	2	0	2	15	0	0	6	0	0	6	8	0	0	0	224	0	177	1136	24	206	0	0	0	0	0	68	545	0	680	0	0	0	0	0	0	0	0	0	0	0	0	0	0	0	0	0	0	0	0	0	0	0	99	0	0	0
Cah8-309-IL	0	547	2	0	0	1393	6	0	0	24	0	0	13	0	4437	21	0	7	9	30	5	0	0	0	0	0	87	0	4	0	0	0	0	0	0	0	0	720	0	135	0	0	0	0	0	0	0	0	225	0	2	0	42	0	19	0	0	0	0	638	84	1511	0	585	296	0	0	650	10	0	0	161	24	13	423	6	0	0	26	0	8	0	122	0	0	0	0	86	0	89	0	21	0	102	0	3913	710	7	271	0	0	8	8	0	18	0	0	21	5	9	7	0	2	0	0	0	0	2154	0	54	0	0	189	484	0	0	0	5	0	0	0	0	0	0	2	0	0	0	9	0	0	0	0	40	0	0	0	0	0	0	33	380	0	0	0	0	0	0	0	0	0	0	0	0	0	0	0	0	0	0	0	0	0	0	0	0	0	0	0	0
run02-49	32	246	2	0	0	2205	0	0	0	0	0	108	115	0	4190	33	61	0	0	0	0	0	0	0	327	0	0	0	0	0	0	16	0	0	0	0	0	591	0	81	0	0	0	7	0	3	0	0	447	10	0	17	0	0	0	0	21	0	0	245	106	1138	366	794	2560	0	0	0	0	0	0	54	39	0	0	0	0	0	346	3	0	0	150	0	64	0	0	0	0	188	0	0	0	0	173	4253	971	6	203	0	0	132	8	0	0	0	0	0	0	0	0	0	2	0	0	0	0	4184	116	49	0	0	0	0	0	0	0	7	0	0	0	0	0	0	0	0	0	0	75	0	0	0	0	0	13	0	263	60	0	0	28	350	147	936	0	0	0	0	5	0	0	0	0	0	0	0	0	0	0	0	0	0	0	5	0	0	0	0	41	0
run02-50	0	411	2	0	0	807	11	37	7	2	4	0	100	0	2354	0	0	0	0	0	0	0	0	0	0	0	169	0	129	0	172	85	0	0	0	0	59	0	0	0	12	7	78	7	32	0	0	0	78	0	0	0	45	0	265	15	4	5	0	1961	69	1485	0	91	325	0	48	80	11	0	0	66	0	6	64	12	0	0	4	0	22	0	115	3	0	60	2	109	0	381	124	30	85	10	0	753	735	132	8	2	72	5	14	11	26	26	0	804	0	158	0	52	9	0	0	3	12	2229	0	68	28	0	1669	972	4	38	0	16	19	0	223	0	2	13	13	0	0	0	527	0	46	5	0	138	0	0	6	0	0	0	150	0	633	7	0	0	0	0	0	0	0	5	0	0	0	0	0	0	0	0	0	0	0	0	0	0	0	0	0	2
run02-51	0	20	0	0	0	1540	0	0	0	0	0	0	0	0	2530	4	0	0	0	0	0	0	217	0	2923	0	0	0	58	0	0	3	0	0	0	720	0	0	0	0	0	0	0	0	0	0	0	0	8	0	0	0	0	0	0	0	4	0	0	320	503	3012	318	129	436	0	0	457	75	0	0	712	0	29	0	9	0	0	85	50	9	0	10	0	0	0	0	413	0	268	0	0	0	171	0	517	883	0	110	0	15	0	0	0	4	0	0	6	22	0	0	2	0	0	0	0	0	2060	0	28	0	0	0	1250	0	0	0	0	0	0	0	0	0	0	0	0	3	0	0	0	0	0	17	0	70	0	22	0	0	0	107	0	0	2	0	0	0	0	0	0	107	0	0	0	0	0	0	0	0	10	0	11	0	9	0	0	0	0	0	0
run02-52	0	254	0	0	0	557	0	33	8	0	7	0	0	42	3334	96	135	0	0	94	0	0	0	0	0	0	133	0	27	0	12	0	7	0	0	0	0	238	0	0	0	7	0	0	0	0	0	0	14	0	0	0	53	0	14	0	0	0	0	64	9	1611	108	546	247	0	0	61	35	0	2	169	6	20	34	23	4	3	16	0	7	0	1705	24	0	0	0	3	0	108	0	6	0	47	59	782	449	2	91	5	18	20	14	36	24	9	0	273	27	39	2	31	0	0	10	0	0	894	0	39	0	0	27	369	13	0	0	5	0	0	11	0	0	15	0	0	2	0	10	0	0	0	0	153	0	0	0	9	0	36	15	110	517	6	0	1573	0	0	0	0	0	0	0	0	0	0	0	0	0	0	0	0	0	4	0	0	0	116	0	0
run02-54	39	144	12	22	0	2087	0	0	135	0	0	0	0	11	5438	548	0	0	0	0	0	0	0	0	79	0	480	0	120	0	21	401	0	0	0	0	0	321	0	651	0	0	0	5	0	0	0	0	125	5	0	9	0	0	0	0	0	0	0	100	17	488	0	168	972	0	0	75	0	45	0	214	0	0	4	0	0	0	283	387	0	2	291	6	10	0	0	2	0	97	0	0	0	0	437	3878	303	0	51	0	16	14	0	0	10	7	0	49	0	0	0	12	0	0	0	0	0	868	0	12	37	0	14	1909	10	0	0	4	0	0	27	0	0	37	0	4	8	9	14	5	0	61	696	0	184	0	44	7	0	0	0	1187	24	36	0	0	0	25	3	0	0	0	0	0	0	0	0	0	0	0	587	0	0	5	0	0	956	0	0	11
run02-55	2	194	4	0	84	837	12	9	0	11	0	112	62	0	2780	303	65	6	58	61	0	0	128	0	1397	0	551	0	336	0	117	47	270	10	0	0	20	0	0	50	4	3	5	0	0	0	0	0	326	0	0	0	45	0	116	6	176	0	0	456	7	1899	0	203	164	0	0	117	15	26	0	165	80	46	29	4	17	0	0	6	17	0	410	158	0	0	0	27	0	83	331	16	0	0	0	605	1207	4	7	0	13	4	0	123	18	36	0	486	37	189	47	83	0	0	0	0	2	2127	0	23	80	4	476	822	4	15	2	24	41	0	133	0	0	33	0	0	18	0	187	0	172	0	419	84	143	90	7	5	0	255	26	142	0	30	3	36	0	41	0	0	3	0	0	0	10	0	0	0	245	0	0	0	0	0	0	0	0	0	0	0
run02-56	6	962	0	2	0	0	0	0	142	0	0	0	0	0	1570	0	0	0	0	0	0	0	0	2	0	0	0	0	2296	0	0	0	0	0	0	0	0	0	0	0	0	0	0	94	0	0	0	0	34	0	0	0	0	0	0	0	59	0	0	0	200	3039	0	0	279	0	0	0	0	0	0	686	39	0	0	0	0	0	0	0	0	0	936	71	0	0	0	0	0	0	0	0	0	0	1192	0	713	0	12	0	0	8	0	0	0	0	0	0	0	0	0	0	0	0	0	0	0	0	0	4	0	0	0	0	0	0	0	0	0	0	0	0	0	0	0	0	0	0	38	0	7	3	0	291	0	2	828	0	0	0	0	0	0	6	0	0	0	0	3	0	0	0	0	75	0	0	0	0	0	0	0	0	0	0	0	0	31	242	0	0
run02-57	0	757	14	0	0	0	0	0	0	0	0	0	0	0	0	0	0	0	0	0	0	0	0	0	0	0	0	0	2	0	0	0	0	0	0	0	0	0	0	0	0	0	0	0	0	0	0	0	30	0	0	0	0	0	0	0	0	0	0	0	0	3	0	0	0	0	0	0	0	0	0	0	0	0	0	0	0	0	0	0	0	0	0	0	0	0	0	0	0	0	0	0	0	0	9	40	0	0	0	0	37	2	0	0	0	0	0	0	0	0	0	0	0	0	0	0	0	0	0	0	4	0	0	0	0	0	0	0	0	0	0	0	0	0	0	0	0	0	0	0	0	0	0	0	0	0	8	0	0	0	666	0	249	3	4	0	0	0	0	16	0	5368	81	0	0	0	0	4	0	0	0	3	0	3	0	0	9533	0	0	0
run02-58	197	30	15	3	0	1530	0	0	12	0	0	0	158	0	4826	271	525	0	83	98	0	0	0	0	0	0	173	0	54	0	122	146	0	85	0	0	0	0	0	1023	0	0	0	5	0	0	0	0	166	11	0	7	0	0	0	0	1479	0	0	0	33	1037	0	0	363	0	0	25	0	0	0	252	0	0	0	0	0	0	0	0	0	0	2525	0	0	0	0	59	0	72	0	0	0	26	243	2113	335	3	47	0	0	15	6	0	18	0	0	0	0	0	0	0	0	0	0	0	0	1606	0	76	0	0	0	1753	0	0	0	0	0	0	0	0	0	0	0	3	0	0	0	2	0	0	612	27	0	1	164	18	0	193	0	321	567	54	0	0	0	0	6	0	10	0	0	0	0	0	0	4	12	0	0	0	0	0	0	0	240	0	0	0
run02-59	203	1647	172	14	0	1252	0	0	72	0	0	70	109	0	3295	201	12	0	61	40	0	0	0	0	0	0	67	0	103	10	0	0	0	0	0	0	0	0	0	12	0	0	0	33	0	35	0	0	1988	222	0	57	0	0	0	0	32	2	0	0	192	940	0	78	2025	0	0	0	0	0	23	383	205	0	8	0	0	0	0	0	0	7	903	0	0	0	0	0	0	107	0	4	0	198	319	2209	713	0	2	0	0	33	0	0	36	0	0	52	0	0	0	5	5	0	0	0	0	13	0	28	0	0	0	66	0	0	0	0	0	0	0	0	0	0	0	9	5	49	151	3	82	17	0	185	0	2	681	1443	48	0	0	318	208	250	166	0	3	0	6	9	2	0	3	0	0	0	0	0	0	0	0	32	0	10	0	37	21	155	0	0
run02-60	13	762	29	0	0	2059	0	0	67	0	0	0	0	0	2690	0	0	0	0	0	0	0	0	12	0	0	0	0	251	0	0	0	0	0	0	0	0	399	0	0	0	2	0	23	0	0	0	0	481	8	0	4	0	2	0	0	65	0	0	32	64	1668	130	327	764	0	0	54	0	0	4	487	2	76	0	3	0	0	0	13	2	0	2424	11	0	0	2	6	0	202	0	62	0	177	365	622	1622	0	35	0	34	28	7	0	12	21	0	42	0	162	0	27	3	0	0	0	0	2827	0	54	0	0	105	2014	6	0	19	0	0	0	55	0	0	0	0	0	0	16	161	9	0	0	0	0	123	0	44	24	0	0	0	43	257	263	3	0	0	0	0	28	0	3	0	0	211	0	0	0	0	0	3	23	0	13	2	0	0	0	0	9
run02-61	7	369	0	0	0	930	0	6	0	0	15	73	35	64	2851	1500	54	31	0	361	0	0	0	0	1194	0	1519	0	590	0	133	216	220	0	0	0	2	72	0	0	0	0	6	0	0	0	0	0	27	0	202	0	162	0	42	152	8	0	0	102	204	1010	18	551	508	0	0	815	9	26	0	123	5	31	60	50	0	0	83	197	14	0	127	0	0	0	0	14	2	147	0	29	4	142	0	452	643	21	40	0	17	43	23	0	44	4	0	1285	117	377	4	166	3	0	0	0	0	1164	0	22	45	0	544	2298	8	14	24	36	16	0	393	0	0	91	0	6	8	0	460	0	47	0	0	809	111	0	27	0	0	507	4	447	0	0	0	30	0	0	0	0	0	0	0	0	0	0	0	0	0	4	0	0	0	0	0	0	896	0	0	0
run02-62	0	54	0	0	0	356	0	5	42	0	0	0	52	0	4187	134	23	0	0	0	0	0	0	0	0	0	188	0	212	0	0	63	0	0	0	0	0	485	0	1769	0	0	4	15	0	0	0	0	21	0	0	0	0	56	0	0	131	0	0	23	309	1542	0	43	1273	0	0	160	18	0	11	410	130	11	151	52	0	0	86	0	7	0	293	0	7	0	0	65	0	215	0	32	0	0	545	456	397	25	52	0	0	31	12	0	0	0	0	281	19	23	0	8	0	0	0	0	0	1116	0	49	0	0	189	174	11	0	0	0	0	0	16	0	0	1	0	0	0	0	1080	0	11	47	31	182	0	36	5	25	0	53	0	191	289	26	215	586	3	0	0	0	0	15	0	0	6	0	0	7	0	0	0	2	103	4	2	6	0	0	0	0
run02-63	2	268	2	0	0	213	0	102	0	0	5	0	174	0	3489	946	54	0	73	0	0	0	0	0	0	0	459	0	184	0	15	26	0	0	0	0	0	442	7	0	8	0	0	35	0	0	0	0	169	2	0	0	13	0	0	4	0	10	0	500	191	2289	0	131	270	7	0	0	18	0	3	83	0	7	67	143	0	3	43	140	39	0	451	0	0	0	0	89	0	395	0	8	0	0	36	1214	68	60	22	0	72	42	30	0	155	18	0	212	31	44	0	109	0	0	0	0	0	3782	0	13	39	0	79	37	9	0	0	11	0	0	50	0	0	0	0	0	0	0	0	0	13	0	0	0	37	0	5	0	0	0	3	123	18	14	0	0	0	0	0	0	0	0	0	0	0	0	0	0	0	0	0	0	0	3	0	0	0	0	0	0
run02-64	81	5089	16	0	0	612	27	68	0	0	15	0	13	0	1444	250	17	0	15	65	6	0	0	0	71	0	288	0	516	7	0	78	273	0	0	0	0	23	0	0	0	37	9	4	13	7	0	3	463	20	12	10	181	175	368	112	0	0	0	118	307	1040	3	455	258	0	0	127	10	0	0	35	0	9	22	28	4	0	0	8	13	9	42	0	0	0	0	28	0	122	0	30	0	75	0	38	108	0	12	4	21	0	10	137	0	0	0	641	14	617	121	60	0	0	0	0	0	506	0	23	36	9	636	414	0	2	5	88	41	0	507	0	22	35	0	7	0	13	9	0	75	0	0	119	0	0	40	2	6	0	33	0	159	256	2	1474	12	0	8	0	14	0	4	0	17	0	6	19	0	0	0	0	1056	46	0	34	0	0	0	107
run02-65	14	1311	19	3	10	875	0	0	0	0	0	55	16	5	987	120	0	0	0	16	0	20	2	0	2049	0	53	0	340	16	0	0	88	6	0	0	0	249	0	1077	0	0	0	0	0	0	2	0	330	4	0	4	0	0	0	0	4	0	0	108	19	1940	0	95	169	0	0	259	2	15	0	19	0	0	86	0	0	0	0	44	3	0	30	0	0	0	0	0	0	28	0	0	0	1630	0	52	83	0	11	0	3	2	0	4	21	0	0	60	0	9	0	11	0	0	0	0	0	719	9	17	17	0	9	146	0	0	0	0	0	0	0	9	0	4	0	5	2	0	0	0	4	0	0	410	0	0	119	5	0	0	10	42	113	144	0	5	0	37	3	0	119	0	0	0	0	0	0	0	0	0	0	0	0	0	0	0	0	11	32	0
run02-66	2	835	8	0	0	926	0	0	3	15	0	232	216	0	3381	13	2	0	0	0	0	0	100	0	1331	0	71	0	55	0	0	12	0	0	0	0	0	841	0	1009	0	0	0	3	0	0	0	0	23	0	0	3	2	0	0	0	0	0	0	444	170	3445	0	232	601	0	0	300	48	0	0	264	0	0	14	0	0	0	32	0	2	0	994	0	0	0	0	128	0	425	0	0	0	654	0	416	239	0	55	0	8	5	0	0	15	11	0	42	0	5	0	3	2	0	0	0	0	1796	0	63	0	0	5	1592	0	0	0	0	0	0	0	0	0	4	0	0	0	0	61	0	0	0	39	2	132	0	13	0	0	0	0	408	1948	9	2	0	0	0	0	0	0	0	0	0	0	0	0	0	145	0	0	0	0	0	0	3	35	0	0	2
run02-67	15	538	13	8	0	1181	0	0	0	0	15	0	16	0	4205	0	0	0	136	0	0	0	0	0	1633	0	119	0	1583	0	0	136	0	27	0	0	0	0	0	0	0	0	0	4	2	0	0	0	543	13	0	27	0	0	0	0	0	0	0	0	514	1699	0	7	544	0	0	104	0	0	18	642	103	0	139	0	0	0	620	65	0	2	40	80	9	0	0	72	0	108	0	0	0	169	323	1921	502	36	148	0	2	98	0	9	2	0	0	0	0	0	0	57	0	0	0	0	0	3221	0	8	0	0	0	0	37	0	0	0	0	0	0	0	0	0	0	42	14	20	280	1136	0	0	981	0	718	33	1290	47	4	0	0	458	64	467	0	0	4	0	0	0	0	0	0	0	0	0	4	0	0	0	381	0	0	0	0	4	0	270	0	12
run02-68	0	2129	0	2	0	1136	0	0	0	0	0	0	0	0	4449	0	0	0	0	0	0	0	0	0	0	0	0	0	0	0	0	85	0	0	0	0	0	116	0	88	0	0	26	3	0	0	3	4	1103	3	0	0	0	0	0	0	142	0	0	0	53	1204	0	573	417	0	0	190	0	0	2	142	105	28	76	0	0	0	0	0	3	0	702	0	3	8	0	0	0	74	0	108	0	94	1638	52	842	133	264	0	187	46	0	0	0	0	0	28	0	0	0	37	0	0	0	2	0	769	0	10	0	0	23	82	11	0	0	0	0	0	20	0	0	0	0	0	0	0	310	0	281	0	0	0	150	622	37	0	0	290	0	229	515	8	0	0	0	0	0	0	0	0	0	0	0	0	0	0	0	0	0	0	0	0	0	0	0	0	0	0
run02-69	4	83	2	0	0	0	0	326	0	0	0	0	0	0	3678	638	0	0	0	0	0	0	0	0	0	0	102	0	260	0	596	154	0	0	0	0	43	0	0	0	0	19	7	40	0	0	0	0	25	4	0	0	0	0	5	0	6	0	0	0	91	2681	0	1074	21	42	0	0	12	0	0	376	0	0	0	0	0	0	30	24	0	0	379	134	184	0	4	41	2	283	0	46	9	0	61	2930	1075	8	122	0	123	264	3	0	43	56	38	3	28	0	0	37	0	0	0	0	0	416	0	136	0	0	0	284	431	0	0	0	0	0	48	0	0	0	0	0	0	0	0	0	43	0	0	0	153	3	0	2	0	240	326	0	0	0	0	3351	0	0	0	559	0	0	0	0	0	0	0	0	0	4	0	0	0	2	0	0	0	0	0	0
run02-70	9	157	16	0	0	796	3	0	0	0	0	40	121	0	3800	122	0	0	0	0	0	0	69	0	0	0	239	0	65	0	0	119	0	0	0	0	0	424	0	0	4	0	78	9	0	0	0	0	1057	4	0	4	0	0	0	0	10	0	0	456	88	1655	254	388	367	0	0	92	0	0	0	134	14	15	53	0	0	65	0	14	0	2	405	0	16	0	0	0	0	78	0	22	0	0	0	1003	282	11	28	0	0	103	5	0	23	2	0	784	0	0	0	0	0	0	0	6	0	1594	0	30	0	0	0	580	10	0	0	19	0	0	6	0	0	0	0	0	0	0	9	4	725	0	0	126	0	0	24	504	0	0	0	247	122	150	0	0	0	0	0	0	0	29	0	0	0	0	0	0	0	26	0	2	0	6	4	0	0	0	0	0
run02-71	33	6	33	23	0	143	0	0	0	0	0	61	0	0	1040	13	23	0	0	16	0	0	0	19	0	0	37	0	37	0	0	0	0	0	0	0	0	40	0	0	0	0	0	0	0	0	0	0	432	66	0	84	0	0	0	0	5676	0	0	32	0	453	12	78	171	0	0	48	0	0	0	76	0	0	0	0	0	0	0	11	0	0	168	0	0	0	0	0	0	0	0	0	0	14	80	404	177	0	46	0	0	33	0	0	0	0	0	34	0	0	17	19	0	0	0	0	0	240	0	0	0	0	44	109	0	0	0	0	0	0	0	0	0	0	0	0	0	0	16	16	27	0	0	0	20	3	46	100	0	0	0	20	5376	57	117	34	13	0	0	0	0	14	0	0	0	0	0	0	0	0	0	10	0	166	65	0	9	0	0	0
run02-72	46	967	23	0	4	1127	0	2	0	4	0	126	70	50	1651	191	24	0	69	9	0	0	9	0	982	32	219	0	78	0	0	41	0	0	0	67	0	0	0	0	0	75	0	0	0	0	0	0	272	13	5	14	115	0	39	0	117	0	0	48	12	1291	25	394	119	0	0	33	48	0	0	3	0	26	5	0	0	0	16	69	23	0	146	0	4	0	0	12	0	216	0	0	0	0	0	1580	714	0	25	0	38	40	3	16	8	18	0	319	34	92	10	23	0	0	0	2	0	3428	0	37	15	0	7	534	2	3	3	9	0	0	36	0	0	10	0	0	0	0	0	0	0	0	23	7	133	0	13	3	0	77	0	157	0	99	0	0	0	3	2	0	0	0	0	0	3	0	0	0	0	0	0	0	0	0	0	6	0	26	10	5
run02-73	0	5	7	13	0	66	0	0	17	0	0	0	0	0	5187	0	0	0	0	0	0	0	0	0	0	0	3	0	210	0	0	34	0	0	0	0	10	0	0	0	0	0	0	14	0	0	0	0	667	6	0	0	0	0	0	0	0	0	0	17	50	1493	0	11	1663	0	0	0	0	0	0	662	0	0	0	2	0	0	0	0	2	0	5	0	4	0	0	0	0	30	0	0	0	0	4313	2212	39	0	0	0	0	2	0	0	0	0	0	0	0	0	0	0	0	0	0	0	0	0	0	58	0	0	5	2	0	0	0	0	0	0	0	0	0	0	0	0	0	0	0	0	5	0	217	199	0	14	726	0	0	10	0	490	1313	83	0	0	0	0	3	0	0	0	0	0	4	0	4	16	0	0	0	0	79	11	0	0	0	0	0	0
run02-74	31	394	156	3	0	79	0	0	0	0	0	16	0	0	436	8	9	0	0	13	0	0	0	0	0	0	19	0	15	0	0	0	0	0	0	0	177	27	0	0	0	0	0	141	0	0	0	0	1657	10	0	55	3	0	0	0	4	0	0	31	16	676	63	11	56	0	0	9	0	0	0	218	37	0	3	0	0	0	13	13	0	0	30	2	0	0	0	0	0	14	0	0	0	10	490	542	343	0	5	0	0	13	2	0	0	0	0	10	2	0	0	0	0	0	0	0	0	397	64	0	2	0	18	109	0	0	0	0	0	0	0	0	0	0	0	0	0	0	480	0	0	0	0	0	15	0	535	0	0	0	0	33	0	735	0	0	3	0	2	0	0	1458	4	10	0	35	59	0	0	0	0	0	0	4	0	0	0	3575	0	0
run02-76	23	500	16	0	0	409	0	0	0	0	0	0	0	0	4285	0	0	0	0	0	0	0	0	0	0	0	20	0	0	0	0	96	0	0	0	0	1	0	0	0	0	0	0	71	0	0	0	4	583	14	0	8	0	0	0	0	12	3	0	43	19	977	0	24	616	0	0	16	0	0	0	201	19	0	0	0	0	0	0	0	0	0	67	0	0	0	0	0	0	0	0	0	0	0	2313	3747	24	0	39	0	17	89	0	0	6	0	0	0	0	0	0	0	0	0	0	2	0	0	0	0	0	0	0	0	26	0	0	0	0	0	0	0	0	0	0	0	0	0	0	5	230	0	0	275	0	0	354	21	0	0	0	0	662	123	6	0	2	0	7	83	0	0	0	0	10	0	0	2	0	0	0	0	0	18	5	0	0	0	0	140
run02-77	19	1086	7	8	0	3222	0	13	11	0	0	0	120	0	3346	0	0	0	0	15	0	0	0	816	0	0	7	0	0	0	0	60	0	0	0	0	0	637	0	2357	6	0	0	13	0	0	0	0	485	5	0	0	15	0	0	0	0	0	0	0	95	2189	0	512	195	4	0	292	0	0	8	176	34	0	24	0	0	3	75	172	6	0	18	1	0	0	0	0	3	179	0	0	0	92	387	1068	388	56	29	0	31	17	0	8	7	0	0	61	48	0	0	32	0	0	0	4	0	1790	0	48	0	0	139	708	0	0	0	0	0	0	14	0	0	2	0	4	0	0	8	7	3	0	618	0	276	4	212	0	0	8	0	511	45	25	0	12	0	0	0	0	0	0	0	0	2	0	0	0	0	0	49	0	11	0	0	0	0	0	0	0
run02-78	311	22	75	3	0	309	0	0	0	0	0	0	0	0	1244	0	0	0	0	0	0	0	0	0	4	0	0	0	0	0	0	0	0	0	0	0	0	0	0	0	0	0	0	21	0	18	5	0	1529	196	0	68	0	0	0	0	1437	0	0	0	0	133	0	0	788	0	0	0	0	0	0	23	0	0	0	0	0	0	0	0	0	19	0	0	0	0	0	0	0	0	0	0	0	0	3354	4549	3	0	0	0	0	0	0	0	0	0	0	0	0	0	0	0	0	0	0	0	0	0	11	11	0	0	0	0	0	0	0	0	0	0	0	0	0	0	0	11	0	0	0	18	0	0	0	0	0	11	620	550	11	0	8	0	3643	599	7	0	142	0	24	0	13	9	0	0	0	0	0	3	0	0	0	0	0	19	0	42	4	0	3	6
run02-79	8	0	0	0	0	625	0	0	0	3	0	265	103	6	1573	0	0	0	21	0	0	2286	27	109	596	0	3	0	12	0	0	8	0	0	0	24	0	0	0	1172	0	0	0	0	0	0	0	0	31	0	0	4	0	0	0	0	1079	0	0	0	0	155	0	166	295	0	0	10	0	16	0	329	0	0	22	7	0	0	63	35	0	0	515	0	0	0	0	0	0	114	0	0	0	12	0	564	463	0	50	0	13	29	2	0	0	0	0	9	0	0	0	0	0	0	0	0	0	1204	0	12	0	0	0	1502	0	0	0	0	0	0	0	0	0	0	0	17	0	4	0	17	0	0	0	0	133	0	6	12	0	0	0	513	428	3	0	0	0	6	0	0	0	0	0	0	0	0	0	0	0	6	0	0	0	0	0	0	0	0	0	0
run02-80	7	948	0	0	0	1515	0	0	31	0	0	0	0	0	3775	0	0	0	0	0	0	0	0	0	0	0	0	0	289	0	0	0	0	0	0	0	111	0	0	0	0	0	5	10	0	0	0	0	115	0	0	11	0	0	0	0	43	0	0	940	190	1025	0	0	826	0	0	0	0	0	0	381	6	0	0	0	0	0	48	0	0	0	451	10	0	0	0	0	0	118	0	0	0	0	2023	504	4	0	126	0	0	48	0	0	10	0	0	0	0	0	0	0	0	0	0	0	0	992	0	52	0	0	0	0	4	0	0	0	0	0	0	0	0	0	0	0	0	0	448	0	72	0	0	0	89	0	10	2	0	0	99	0	246	59	0	0	0	0	0	234	0	2	0	211	0	0	0	3	2640	0	0	0	0	2	0	0	0	0	0	3
run02-81	90	162	111	0	0	0	0	0	0	11	0	0	0	0	142	0	0	0	0	0	42	0	0	0	0	0	17	0	0	46	0	0	0	0	0	0	0	0	0	0	0	0	74	0	0	0	0	0	447	59	23	62	0	0	36	24	0	0	0	0	31	0	0	0	0	0	0	0	30	0	0	0	0	0	0	200	60	0	0	0	29	0	0	0	0	27	0	0	0	0	0	0	40	0	0	0	182	0	0	0	0	0	0	0	0	0	0	0	30	0	0	34	0	0	0	0	0	0	0	0	0	0	92	0	0	0	0	0	0	0	0	0	0	0	0	0	0	0	0	0	111	0	0	0	0	0	2	0	0	33	0	0	926	0	129	0	2	0	0	0	0	4391	12	310	255	29	200	0	0	0	0	0	4508	269	0	0	0	0	0	0
run02-82	0	423	0	0	609	1700	0	55	41	0	2	0	0	0	3774	202	9	0	56	39	0	0	0	0	0	381	172	0	75	0	0	41	0	3	0	0	17	130	0	0	6	68	0	71	0	0	0	0	51	0	0	0	30	0	0	3	9	5	10	341	135	2434	0	158	399	3	0	190	7	0	0	216	193	0	30	0	0	0	5	25	0	0	470	2	0	0	0	29	0	575	0	13	0	172	179	593	404	48	73	0	323	22	9	85	43	98	2	132	4	55	0	61	2	0	0	0	12	1581	0	115	15	0	516	571	8	0	16	29	8	4	50	0	0	6	5	0	0	0	8	0	2	0	0	320	0	0	11	0	5	0	78	97	315	0	0	61	2	0	0	0	3	0	13	0	0	0	0	0	2	0	0	0	0	0	0	0	0	0	0	0
run02-83	2	25	0	0	0	259	0	0	0	0	0	21	23	0	4619	0	24	0	0	0	8	0	0	0	0	0	11	0	82	0	2	14	0	0	0	0	0	93	0	0	2	0	0	4	0	0	0	0	25	0	0	0	0	0	3	0	617	0	0	0	7	385	5	240	4188	0	0	68	0	0	0	298	0	7	13	11	3	0	8	68	8	2	142	0	0	0	0	0	0	38	0	0	2	2	466	372	215	0	23	0	4	9	0	0	0	0	0	11	0	0	0	5	0	0	0	0	0	608	0	6	0	0	3	152	11	0	0	0	0	0	3	0	0	0	0	0	0	0	0	0	94	109	35	122	0	0	38	12	0	0	3	0	1004	9	12	0	2	0	0	0	0	186	0	0	9	0	2	0	0	0	0	2	367	19	0	0	206	95	0	0
run02-84	10	373	18	7	0	663	0	0	11	24	0	116	0	0	6418	0	0	0	35	61	0	0	92	0	0	0	244	0	251	0	0	0	0	0	0	0	0	739	0	1378	7	0	2	43	0	0	0	0	288	13	0	0	0	18	0	0	0	0	0	20	172	1645	0	370	902	0	0	670	0	0	16	161	42	11	92	0	0	0	50	150	12	0	210	0	0	8	0	31	10	87	0	17	0	107	32	232	473	0	174	0	289	15	17	2	40	14	0	107	109	61	0	25	0	0	0	0	0	2185	11	32	34	0	52	1204	78	0	0	8	0	0	27	6	0	0	0	0	9	0	5	0	13	0	0	579	0	0	35	0	0	0	13	272	179	32	2	0	3	0	0	49	0	0	0	0	3	2	10	2	0	0	0	0	0	16	0	0	80	0	0	0
run02-85	0	574	0	0	0	1027	0	0	60	0	0	0	12	0	4553	18	158	0	0	51	0	0	0	0	384	0	2	0	208	0	0	0	0	8	0	0	0	582	0	0	0	0	0	0	0	0	0	0	36	0	0	0	5	0	0	0	452	0	0	196	98	1908	7	393	815	0	0	200	14	0	0	181	0	0	41	15	0	0	73	114	0	0	201	0	0	0	0	0	0	210	0	0	0	168	66	2098	202	0	92	0	0	2	0	0	0	0	0	2	6	0	0	0	0	0	0	0	0	1113	0	24	0	0	0	644	0	0	0	0	0	0	3	0	0	11	0	0	0	0	12	0	0	0	62	0	120	34	36	0	0	0	0	799	0	26	0	0	0	0	0	0	0	0	0	0	0	0	0	0	102	62	0	0	0	3	0	0	0	98	0	0
run02-86	32	264	4	0	0	1978	0	0	18	0	0	0	93	0	3172	0	38	0	8	0	0	0	3	0	0	0	6	0	162	0	0	27	0	6	0	0	217	0	0	0	2	0	0	10	0	0	0	0	127	13	0	33	0	0	0	0	7	0	0	103	98	748	0	199	356	0	0	107	0	0	0	117	7	0	0	0	0	0	8	4	0	4	8	0	57	0	0	0	0	183	0	0	0	0	1172	2187	811	0	25	0	0	18	3	0	0	0	0	0	0	0	2	0	0	0	0	0	0	4	0	29	0	0	0	637	0	0	0	0	0	0	0	0	0	2	0	0	0	0	0	5	453	15	0	77	0	0	70	0	0	0	0	305	0	94	0	0	0	0	0	278	2	25	0	0	0	0	0	0	0	0	0	0	0	2	0	5	0	82	68	3
run02-87	0	935	0	0	0	0	0	0	155	0	0	0	0	0	4183	0	452	0	0	0	0	0	0	0	0	0	316	0	0	0	0	0	0	0	0	0	179	0	0	0	0	0	0	143	0	0	0	3	14	0	0	0	0	0	0	0	0	0	0	0	900	1994	97	0	294	0	0	36	8	0	13	656	5	5	0	0	0	0	23	21	21	0	0	106	31	0	5	4	0	91	0	0	0	0	133	0	351	1	33	4	9	62	25	0	74	0	0	0	12	0	5	36	0	0	0	2	6	829	5	71	0	0	182	629	0	0	7	5	0	0	209	0	0	0	0	0	27	0	113	0	0	0	0	0	103	0	0	1209	0	0	0	0	256	3	0	0	3	0	0	0	0	0	0	346	0	36	0	0	0	0	0	0	0	0	0	0	0	0	0	0
run02-88	0	233	0	0	0	1732	0	73	0	0	0	0	0	0	4099	0	0	0	0	0	0	0	0	0	0	0	234	0	0	0	0	0	0	0	0	0	6	73	0	0	3	3	18	4	0	0	0	10	15	0	0	2	0	0	0	0	27	0	0	717	35	1004	56	594	150	0	0	252	8	0	10	418	56	12	26	2	0	0	0	22	6	0	216	26	0	0	0	17	0	100	0	22	0	23	346	626	384	13	0	0	23	63	20	0	67	30	0	167	8	0	0	28	2	0	0	2	0	968	0	25	0	0	1452	1330	5	0	0	0	0	0	141	0	0	0	0	0	0	0	287	0	22	0	0	0	156	0	10	0	0	0	0	173	24	0	0	0	0	0	0	13	0	0	0	0	2	0	0	0	0	0	0	0	24	3	0	0	2	51	0	0
run02-89	5	476	2	0	0	1297	0	0	0	0	0	0	0	0	2395	344	0	0	0	0	0	0	0	0	0	0	6	0	0	0	0	22	0	0	0	0	0	287	0	0	0	0	3	27	0	0	0	10	142	5	0	2	0	0	0	0	12	0	0	171	83	271	0	506	533	0	0	32	0	0	0	111	4	2	0	0	0	0	20	9	6	0	503	0	0	0	0	0	0	126	0	3	0	0	65	2847	862	0	39	0	0	26	0	0	3	0	0	34	0	0	0	0	0	0	0	3	0	1403	0	75	0	0	0	75	0	0	0	0	0	0	4	0	0	0	0	0	0	0	148	0	22	0	0	0	89	0	7	0	0	0	0	168	128	22	0	2	0	0	0	28	0	0	0	0	8	0	0	0	0	0	0	0	53	10	0	0	0	0	0	0
run02-90	5	647	0	0	6	536	0	0	0	11	0	72	26	15	920	179	10	0	40	26	0	0	66	397	3540	0	190	0	61	0	0	25	0	0	0	1005	0	14	0	673	2	0	0	0	0	0	0	0	101	0	0	0	43	2	104	0	0	0	0	2464	61	1244	5	150	285	0	0	49	15	21	0	93	10	14	40	11	4	0	18	29	2	0	295	0	0	0	0	31	0	86	0	23	50	134	0	170	1221	56	27	0	5	0	0	42	3	6	0	80	26	12	0	12	0	0	0	0	0	737	0	2	0	0	454	543	0	3	0	8	2	0	164	22	0	21	6	0	0	0	3	0	0	0	0	526	0	0	4	0	0	144	0	130	30	15	0	101	0	16	0	0	162	10	0	0	0	0	0	0	0	10	0	0	31	2	0	0	0	0	12	0
run02-91	121	27	857	0	0	0	0	0	0	0	0	0	0	0	5127	0	0	0	0	0	0	0	0	0	0	0	2	0	2	0	0	0	0	0	0	0	3	0	0	0	0	0	0	0	0	0	0	0	522	284	0	52	0	0	0	0	0	0	0	0	2	0	0	0	0	0	0	0	0	0	0	0	0	0	0	0	0	0	0	0	0	0	0	0	0	0	0	0	0	2	0	0	0	2	0	0	2	0	0	0	0	0	0	0	0	0	0	0	0	6	0	0	0	0	0	0	0	0	0	0	0	0	0	0	0	0	0	0	0	0	0	0	0	0	0	0	0	0	0	0	0	0	734	0	31	799	234	1235	0	0	0	463	2942	51	0	2400	0	0	0	0	0	0	20	0	2	0	5	0	0	0	169	0	0	3	0	0	3716	0	0	4
run02-92	51	131	16	5	0	507	0	6	0	0	4	0	33	0	1496	127	9	0	94	0	6	0	0	0	0	0	76	0	0	0	71	36	0	0	0	0	9	0	0	0	6	2	11	34	0	3	0	10	186	0	0	2	20	0	0	0	1027	0	0	100	53	268	0	16	30	0	0	9	0	8	0	106	0	17	4	52	0	0	0	0	5	0	27	9	80	0	8	0	0	90	0	7	0	5	7	124	60	5	3	0	27	14	28	24	27	28	0	224	0	0	0	9	4	0	0	6	0	342	0	32	117	0	200	60	0	0	31	5	0	0	120	0	0	7	0	6	10	0	4950	0	30	0	0	0	42	0	13	8	32	367	93	53	2099	114	15	9	6	0	0	8	0	4	0	0	18	4	22	9	0	0	7	9	206	45	2	5	5	97	0	0
run03-49	17	208	23	6	0	0	0	199	15	0	0	0	0	0	5467	0	165	0	0	0	0	0	0	3	7	0	0	0	0	0	0	0	0	0	0	0	6	0	0	0	0	0	24	6	0	0	0	11	174	12	0	0	4	0	0	0	85	4	0	42	137	2108	0	0	1324	10	0	499	0	0	21	274	25	0	357	0	0	5	64	8	0	0	3283	11	0	0	0	0	13	258	0	45	9	545	603	5012	1044	16	80	0	0	123	8	12	0	13	0	0	0	0	4	0	0	0	405	0	0	890	0	34	0	0	56	55	19	0	0	0	0	0	0	0	0	0	0	0	0	0	88	0	3	56	2	0	158	0	18	0	0	0	165	0	0	0	0	0	10	0	0	5	0	2	0	10	0	0	0	5	0	0	0	0	0	0	0	0	3	0	0	0
run03-50	81	31	57	2	0	685	0	0	0	0	0	56	0	0	3152	0	0	0	0	0	0	0	0	3	0	0	11	0	38	0	0	6	0	0	0	0	2	0	0	452	0	0	0	0	0	0	9	0	560	88	0	36	0	0	0	0	89	0	0	0	61	418	0	65	2047	0	0	0	0	0	0	16	321	0	0	0	0	0	58	28	0	5	0	0	0	0	0	0	0	0	0	0	0	0	3954	1526	31	0	333	0	0	4	0	0	0	0	0	0	12	0	0	0	0	0	0	0	0	467	0	20	0	0	0	0	0	0	0	0	0	0	0	0	0	0	0	7	2	0	544	3	0	0	0	94	0	0	180	668	0	0	0	345	918	99	0	0	19	0	5	0	12	2	0	10	0	0	0	0	0	0	0	0	0	0	0	0	0	0	0	4
run03-51	10	198	25	0	0	639	0	0	0	0	0	0	0	9	611	5	0	0	0	0	0	0	0	50	0	0	0	0	13	0	0	0	0	0	0	0	0	802	0	0	0	0	0	0	0	0	0	0	1599	65	0	32	2	0	0	0	21	0	0	512	474	1133	652	667	672	0	0	388	3	0	0	97	47	78	178	0	0	0	323	9	3	0	127	0	0	26	0	29	0	79	0	6	0	80	21	561	661	12	63	0	75	26	0	0	0	0	0	2	0	0	0	0	0	0	0	0	0	2659	0	40	0	0	0	158	0	0	0	0	0	0	0	0	0	0	0	0	0	0	105	0	32	0	0	0	0	0	55	0	0	0	0	87	1682	75	0	0	0	0	0	0	0	14	0	0	1167	66	8	30	0	0	13	0	0	0	0	5	3	12	24	12
run03-52	4	19	0	0	0	870	0	0	15	0	0	0	0	0	5602	4	85	0	0	24	0	0	0	0	0	0	4	0	27	0	0	118	0	0	0	0	0	16	5	0	4	0	0	45	0	2	0	0	21	2	0	0	63	0	0	0	25	0	0	0	20	235	0	99	564	0	0	30	0	0	29	463	0	0	11	36	0	0	312	27	0	0	51	0	140	0	0	0	0	72	0	0	0	37	1360	2637	54	0	28	0	3	19	0	0	0	0	0	0	14	0	0	0	2	0	0	0	0	715	0	44	0	0	0	604	0	0	0	0	0	0	0	0	0	4	0	0	0	0	0	912	0	0	0	41	0	0	42	109	0	0	0	58	572	334	50	0	0	0	49	0	0	0	0	0	0	0	0	0	0	0	211	0	0	0	0	0	0	913	4	61
run03-53	3	1494	0	0	0	0	0	0	1552	0	3	0	26	0	1051	0	0	0	4	0	0	0	0	0	0	0	530	0	0	0	0	0	0	0	0	0	13	0	0	0	0	13	0	130	0	0	0	187	2284	0	0	0	0	66	0	198	3	8	0	0	404	2220	0	0	329	91	5	23	0	0	172	1101	34	0	9	0	0	0	0	0	0	0	313	351	12	0	16	29	447	0	0	0	13	9	0	114	490	0	0	0	59	49	37	5	91	0	0	69	0	0	0	7	18	0	0	5	0	40	0	57	0	211	7	0	207	0	4	0	0	0	37	309	0	33	0	0	35	0	44	0	0	269	0	0	3	0	0	0	7	0	8	0	386	3	0	0	0	0	0	0	0	4598	43	2	0	0	0	4	0	0	0	0	0	0	0	0	0	0	0	3
run03-54	139	399	0	10	0	1335	0	25	5	0	0	63	202	0	5521	1311	35	0	127	0	0	0	0	0	688	0	1919	0	67	0	0	40	64	39	0	108	0	0	0	458	19	0	0	0	0	21	0	49	1173	86	0	4	0	0	0	0	0	5	0	105	110	3100	0	119	357	0	0	65	0	0	0	486	9	61	21	0	0	0	19	0	7	0	571	4	0	0	0	7	0	148	0	3	0	47	883	24	568	40	6	0	70	203	5	0	128	2	0	0	3	0	0	0	10	0	0	3	0	1933	0	7	87	0	0	516	6	0	0	2	0	0	127	0	0	0	0	0	14	3	97	0	0	0	671	338	0	406	95	306	11	134	13	528	35	9	0	0	0	9	264	40	3	0	0	0	38	0	0	0	348	32	0	0	0	0	0	0	3	0	2	0
run03-57	2	1105	0	0	12	0	153	39	0	0	0	0	0	0	6597	139	10	0	0	109	0	0	23	0	370	113	29	0	731	0	0	0	0	0	0	0	40	0	0	0	0	436	0	93	0	0	0	0	14	2	0	0	0	0	0	0	15	0	0	0	18	3664	0	0	95	0	0	0	102	0	0	1207	0	0	0	0	0	0	0	0	0	0	0	35	0	0	0	0	2	706	0	0	0	0	132	1407	213	0	77	0	85	160	7	0	30	34	0	69	0	35	0	62	7	0	0	0	0	1306	372	167	0	0	0	3385	510	0	0	0	0	0	0	0	0	13	0	0	0	0	37	0	7	0	0	0	181	0	9	0	0	0	4	391	2002	12	0	35	0	0	0	0	0	118	0	24	0	0	3	0	0	0	0	0	0	0	0	0	33	23	0	0
run03-58	14	296	5	0	466	1085	20	0	0	3	0	48	32	0	2761	407	18	0	83	143	33	0	5	0	732	8	375	0	70	0	9	24	0	0	0	9	0	0	0	20	0	28	6	5	0	0	4	0	176	9	12	17	159	0	246	0	9	0	0	0	0	1535	0	300	251	0	27	53	31	36	4	73	12	97	25	0	0	0	19	79	27	0	1462	13	0	0	0	3	0	92	48	32	7	10	15	143	1068	6	8	8	13	2	7	104	13	17	0	408	73	222	18	41	0	0	0	0	3	2883	0	11	17	4	51	596	0	10	16	4	8	2	145	17	0	29	0	203	6	0	2	3	0	0	103	0	120	354	0	0	0	83	4	143	497	10	0	296	0	8	0	0	182	2	0	0	0	0	0	0	0	8	0	0	0	0	0	0	0	0	12	0
run03-59	59	384	0	11	0	98	269	0	8	0	32	50	0	0	4325	1152	33	0	0	0	89	0	349	705	0	0	1086	301	1303	0	0	15	0	7	0	0	58	0	0	0	0	113	9	0	41	0	3	0	1116	4	35	11	352	12	104	144	482	14	3	840	12	2407	0	0	59	26	29	88	136	0	10	612	23	0	0	0	0	0	0	0	115	3	410	181	0	0	7	49	3	137	0	18	0	0	38	1192	737	13	42	4	240	153	194	257	123	64	92	4	0	122	97	168	26	0	0	0	37	1962	16	312	95	0	2214	1778	52	21	199	59	68	0	230	192	5	43	12	11	8	0	0	0	50	0	0	0	203	103	22	31	11	0	103	158	22	29	0	13	0	0	0	0	15	4	110	0	0	0	0	0	0	0	0	0	0	0	0	0	1698	0	0	0
run03-60	0	3	0	0	0	0	0	4	15	0	0	0	0	0	2162	4	0	0	0	3	0	0	0	0	0	0	0	0	2	0	0	10	0	0	0	0	0	0	0	0	0	0	0	3	0	0	0	0	13	0	0	0	0	0	0	0	350	0	0	0	0	20	0	154	0	0	0	0	0	0	0	183	0	0	0	0	0	0	5	0	0	0	123	0	0	0	0	0	0	0	0	0	0	0	1479	17122	11	0	3	0	0	2	0	0	3	0	0	10	0	0	0	0	0	0	0	0	0	191	0	13	0	0	0	78	0	0	0	0	0	0	0	0	0	0	0	0	0	0	0	3	6	0	0	0	0	0	0	0	0	0	0	28	4861	0	4	0	3	0	0	0	0	3	0	3	0	0	0	3	25	0	0	0	0	0	0	0	0	0	0	0
run03-61	28	26	7	2	0	0	0	0	0	0	0	0	0	0	0	0	0	0	0	0	0	0	0	0	0	0	0	0	0	0	0	0	0	0	0	0	0	0	0	0	0	0	0	209	0	0	0	0	131	6	0	0	0	0	0	0	413	0	0	193	52	5066	0	1053	1362	0	0	2172	65	0	0	644	426	8	0	0	0	0	732	0	0	0	602	38	0	0	0	4	0	267	0	17	6	95	2200	1538	474	0	0	0	0	243	0	0	0	0	0	0	0	0	0	0	0	0	0	0	0	0	0	81	0	0	32	54	243	0	0	0	0	0	0	0	0	0	0	0	0	0	1360	0	13	0	0	0	328	6	420	81	0	0	0	0	1223	121	0	8849	0	0	15	0	0	27	0	0	0	0	0	0	0	0	331	0	0	0	0	0	785	0	0	0
run03-62	10	266	0	0	4	1457	0	0	32	0	0	0	114	0	2117	0	0	0	0	0	0	0	0	0	351	0	11	0	11	0	14	35	0	0	0	0	0	519	0	0	0	0	0	15	0	0	0	0	173	0	0	8	0	0	2	0	21	0	0	57	19	1161	126	422	173	0	0	166	0	0	2	698	0	0	10	26	0	0	18	4	0	0	114	4	0	0	0	0	0	184	0	0	0	123	431	1811	107	0	26	0	5	2	0	0	0	0	0	9	0	0	0	0	0	0	0	0	0	18	0	16	0	0	0	3012	3	0	0	0	0	0	0	0	0	0	0	0	0	6	86	0	0	0	0	0	0	186	23	0	2	0	3	103	156	22	0	0	0	0	0	0	2	0	0	2	8	0	2	0	244	0	0	0	0	0	0	0	0	0	0	0
run03-63	0	0	0	0	0	768	0	0	0	0	0	169	64	0	3260	0	0	0	30	0	134	7	0	0	309	0	152	0	82	0	0	0	0	0	0	0	0	0	0	0	0	6	0	0	0	0	0	2	114	0	0	27	5	0	0	0	0	0	0	112	33	2056	0	865	1254	0	0	51	119	145	0	618	0	10	14	49	0	0	115	355	7	0	1949	0	0	0	0	3	0	173	0	0	0	25	189	2020	796	0	97	0	52	93	77	77	24	5	0	318	27	32	9	102	0	0	0	0	0	1263	0	2	22	0	0	321	4	0	0	3	0	0	23	35	0	36	0	0	104	0	0	0	0	0	0	125	0	0	2	0	0	0	0	0	539	69	0	0	0	0	0	0	0	0	0	0	0	0	0	0	0	9	0	0	0	0	0	0	5	12	11	0
run03-64	0	0	3	0	0	2264	0	0	0	8	0	292	42	0	3350	105	0	0	15	12	0	0	0	0	132	0	16	0	9	0	0	56	0	8	0	0	0	228	0	2281	0	0	0	0	0	0	0	3	31	7	0	0	12	0	0	0	0	0	0	0	43	3259	147	1718	892	0	0	216	150	0	0	401	0	180	7	31	0	0	196	357	27	0	27	0	0	0	0	0	0	577	0	0	0	88	40	2480	1328	0	60	0	154	9	4	45	0	0	0	348	109	20	0	38	0	0	0	0	0	3900	0	168	46	0	0	2055	0	0	6	5	0	0	4	0	0	20	3	0	0	0	2	6	0	0	0	25	18	0	15	12	0	0	0	880	1843	103	0	0	7	0	0	0	0	0	0	0	0	0	0	4	14	8	0	3	0	0	0	0	0	0	20	9
run03-66	13	15	5	0	0	768	0	18	2	2	2	17	36	32	4070	220	93	7	48	90	10	0	79	0	0	0	518	0	182	0	108	103	278	11	0	0	0	17	0	0	0	7	0	2	0	0	0	0	201	2	0	10	41	0	34	0	245	0	0	420	18	1257	88	394	486	0	0	181	51	0	0	173	9	25	30	11	0	0	11	10	15	0	957	13	32	0	6	10	0	71	0	99	0	49	29	329	670	4	25	0	37	2	5	119	11	12	0	293	53	88	2	78	2	0	999	6	0	1654	0	58	58	0	12	389	5	0	5	12	0	0	22	0	7	3	4	0	13	0	4	0	18	0	70	199	0	0	0	0	0	55	75	49	212	288	0	111	0	0	0	3	0	6	8	0	7	0	0	0	65	2	0	0	0	0	0	0	0	27	0	0
run03-67	5	2335	0	0	0	1162	0	24	0	0	0	73	47	72	1730	75	189	23	70	43	457	0	0	0	8048	0	718	0	158	0	188	42	0	10	0	0	0	38	0	542	0	9	272	0	0	0	0	0	287	0	144	0	112	0	515	0	464	0	0	80	117	1188	204	764	649	0	0	181	35	76	0	190	50	53	174	16	22	0	17	0	32	0	602	0	0	0	2	45	0	191	341	17	60	56	0	479	1885	71	53	0	54	0	4	171	21	0	0	514	70	223	81	77	0	0	1310	4	0	2410	0	105	8	0	348	845	0	13	14	28	2	0	353	0	0	21	14	0	10	0	227	0	20	0	0	453	0	0	35	0	0	58	0	199	214	40	0	19	0	0	0	0	0	0	8	0	0	0	0	0	342	5	0	0	0	0	0	0	0	0	0	0
run03-68	0	145	8	0	0	821	0	2	0	0	0	116	33	0	2687	78	744	0	120	21	0	0	0	0	131	0	955	0	593	40	333	128	0	4	0	92	0	74	0	605	0	2	24	0	0	0	0	0	113	4	6	6	188	2	139	0	15	0	0	373	18	1771	88	460	454	0	0	67	34	0	0	221	0	11	95	0	0	0	24	246	53	0	301	0	0	0	0	25	0	384	0	30	10	117	0	942	642	11	36	0	52	0	9	86	23	3	0	754	95	115	4	79	0	0	585	0	0	1940	0	114	191	6	8	894	5	35	0	23	5	0	104	8	0	69	13	237	5	0	107	0	16	0	0	263	0	0	2	0	0	393	3	839	146	126	0	2696	0	0	0	0	0	0	7	0	2	0	0	0	0	3	0	0	0	0	0	12	0	0	0	3
run03-69	3	655	0	0	0	351	0	0	79	0	0	0	0	0	10719	222	183	0	49	4	0	0	0	0	0	0	32	0	59	0	0	79	0	0	0	0	0	0	0	0	0	0	0	11	0	0	0	0	46	0	0	5	0	0	0	0	286	0	0	3	2668	1790	0	370	1212	0	0	587	0	0	0	445	8	0	164	10	0	0	172	199	0	0	1593	0	0	0	0	0	0	122	0	0	0	0	0	23	906	0	129	0	0	21	0	0	60	0	0	0	38	0	0	12	0	0	0	0	0	1454	0	56	0	0	0	991	0	3	0	0	0	0	0	0	0	0	0	0	0	6	115	3	0	0	0	106	0	0	2	0	0	0	0	418	570	0	0	17	0	0	0	0	0	7	0	0	0	0	0	35	0	0	178	0	0	0	0	0	0	40	0	0
run03-70	18	554	2	0	3	1992	0	46	0	0	0	0	2	0	10296	0	0	0	0	0	0	0	0	0	0	0	0	0	1096	0	0	0	0	0	0	0	0	0	0	0	0	0	0	44	0	3	5	0	417	13	0	25	0	0	0	0	0	0	0	0	5	3027	0	16	3172	0	0	0	0	0	0	898	346	0	0	0	0	0	0	0	0	0	539	0	16	0	0	0	0	3	0	0	0	0	2154	171	1467	0	116	0	0	87	56	0	4	0	0	0	0	0	0	0	0	0	0	0	0	0	0	5	0	0	14	1093	0	0	0	0	0	0	0	0	0	0	0	2	3	12	0	19	0	0	0	0	200	0	454	201	0	0	46	843	1067	348	0	0	0	0	0	37	0	0	20	0	181	0	0	0	0	0	0	0	0	0	0	4	0	0	8	9
run03-71	196	1756	139	12	5	1467	0	0	4	0	0	255	230	8	7570	0	0	0	0	0	0	0	0	2	0	0	94	0	441	0	0	36	0	0	0	0	0	1005	0	0	0	0	0	10	0	0	0	0	2054	113	0	189	0	0	0	0	12	0	0	979	247	1352	0	462	1992	0	0	0	0	0	2	222	19	32	0	0	0	0	0	11	0	9	1903	0	0	0	0	14	0	241	0	16	0	322	883	194	144	0	90	0	0	6	0	0	18	0	0	0	0	0	0	0	0	0	0	0	0	664	0	62	0	0	0	0	0	0	0	0	0	2	34	0	0	0	0	117	0	0	7	0	11	0	1295	0	43	0	165	0	0	0	0	923	84	156	0	0	0	38	5	0	0	218	0	26	10	0	0	0	0	0	0	0	0	0	0	0	0	0	143	0
run03-72	8	1865	4	0	138	3116	0	0	0	0	0	86	18	17	475	6	4	0	8	22	0	0	62	0	2797	0	35	0	70	0	0	28	33	0	0	222	0	83	0	651	0	6	0	0	0	0	0	0	402	2	10	4	18	0	25	0	0	4	0	981	24	2961	0	518	806	0	0	47	24	0	0	20	14	28	50	51	0	0	15	9	24	0	480	0	0	0	0	40	0	151	0	12	5	409	0	3	810	17	45	0	25	0	35	51	11	8	0	217	41	131	2	9	0	0	0	0	0	1719	9	44	0	0	32	502	6	9	0	9	0	0	22	0	0	3	0	0	0	2	0	0	15	0	74	0	318	544	93	0	0	0	0	66	2454	14	0	0	0	68	0	0	0	308	0	0	0	0	0	0	0	0	0	0	0	0	0	0	0	4	0	7
run03-73	2	0	23	0	0	1148	0	0	0	0	0	0	0	0	6152	0	0	0	291	0	0	0	0	0	0	0	0	0	11	0	0	0	0	0	0	0	22	5	0	0	0	0	0	737	0	0	0	0	111	5	0	7	0	0	0	0	195	0	0	0	132	338	0	0	1723	0	0	0	0	0	103	524	0	0	0	0	0	0	328	0	0	0	2	0	612	0	0	0	0	0	0	0	0	0	529	3569	85	0	4	0	0	368	0	0	0	0	0	0	267	0	0	0	0	0	0	0	0	0	0	31	0	0	0	0	0	0	0	0	0	0	0	0	0	0	0	0	0	0	274	0	0	0	0	0	0	0	0	3	0	0	0	666	1808	59	0	0	0	0	0	0	0	2	0	0	0	0	0	0	0	0	0	0	0	0	0	0	0	21	0	0
run03-74	721	151	93	254	0	184	0	0	33	0	0	0	25	0	785	54	45	0	12	0	0	0	0	45	0	0	26	0	0	0	44	41	0	0	0	0	7	0	0	0	0	0	0	47	0	316	12	0	3626	357	0	883	0	0	40	0	0	0	0	4	46	744	0	0	0	0	0	20	25	0	0	62	0	0	0	0	0	0	0	2	10	590	12	76	87	0	0	0	0	11	0	0	0	0	317	622	627	0	2	0	10	9	2	0	21	9	4	0	0	0	0	0	2	0	0	0	0	0	88	30	49	0	3	121	9	0	0	0	0	0	0	0	0	0	0	171	0	94	0	596	0	0	0	0	44	185	1263	398	200	65	113	0	78	1644	0	0	9	0	41	0	230	0	0	2	0	0	0	9	0	0	0	0	0	0	0	5	0	0	0	63
run03-75	0	455	3	0	0	5049	0	0	0	0	7	76	62	10	5016	0	0	0	0	0	0	0	0	0	0	0	0	0	681	153	0	0	0	0	0	0	149	0	0	0	0	38	0	234	0	0	2	0	397	0	0	0	0	0	0	0	119	11	0	2108	303	3216	0	211	849	0	0	593	16	0	0	189	77	124	0	0	0	0	20	11	0	0	81	67	0	0	0	0	6	215	0	15	0	4	131	774	989	42	26	11	0	62	0	4	91	0	0	45	38	0	0	73	0	4	0	0	23	2750	0	152	36	0	19	46	75	0	16	9	0	0	385	0	0	0	0	0	48	0	671	0	49	0	0	0	369	0	8	0	0	0	220	0	754	59	0	0	0	218	0	0	21	62	5	190	0	5	53	0	0	0	0	0	0	20	3	6	0	0	3	0
run03-76	84	72	53	0	0	472	0	14	0	0	0	232	172	0	2698	1351	17	0	0	0	0	0	62	0	0	0	494	0	411	0	37	143	0	0	82	0	5	118	0	722	5	0	0	14	0	0	0	0	475	17	0	11	86	0	243	0	3	0	0	32	31	2414	0	135	389	0	0	163	9	0	0	49	19	9	84	0	2	0	38	75	3	0	193	0	4	0	0	15	0	210	0	0	0	72	14	1704	437	6	34	0	68	12	9	0	22	3	0	86	15	4	0	37	0	0	0	2	0	3889	0	32	0	0	0	79	0	0	0	3	0	0	27	0	0	14	0	5	0	5	42	2	0	0	78	243	0	4	78	302	6	2	0	331	0	348	0	0	0	44	0	0	6	0	0	0	0	0	0	0	57	0	0	0	0	0	0	0	0	0	0	4
run03-77	33	17	3	0	0	348	0	10	0	0	0	0	2	0	7296	0	0	0	0	0	0	0	0	0	0	0	3	0	0	0	0	0	0	0	0	0	6	650	0	0	0	4	0	13	0	2	0	0	212	13	0	8	493	0	0	0	0	0	0	29	78	565	0	229	2277	0	0	75	0	0	0	185	22	22	14	0	0	0	0	0	25	0	31	16	0	0	0	0	0	82	0	12	4	0	661	98	719	3	31	0	36	11	10	0	5	3	0	62	23	0	12	2	0	0	0	0	0	1335	0	88	29	0	0	435	47	0	0	8	0	0	7	0	0	0	0	0	0	0	4	4	0	0	0	3	102	0	18	6	2	0	0	703	0	26	5	0	0	0	0	0	0	0	0	0	0	0	0	0	0	0	0	0	0	20	2	0	889	0	0	0
run03-78	106	304	53	9	0	709	142	30	0	0	0	0	0	0	8332	0	0	0	0	0	0	0	0	0	0	0	121	0	0	0	0	0	8	0	0	0	11	310	0	0	0	0	0	174	0	3	5	0	702	57	0	48	0	0	0	0	340	0	0	0	320	2545	0	0	559	0	0	1	0	0	3	582	0	0	0	0	0	0	0	164	0	0	2	119	11	0	0	0	0	0	0	0	0	0	2167	1681	2310	0	84	0	88	340	0	0	35	0	0	0	0	0	0	0	0	0	0	8	0	578	0	24	0	0	0	0	131	0	0	0	0	4	0	0	0	0	0	0	2	5	5	0	0	13	395	373	0	6	90	3	3	0	0	193	370	117	4	0	3	0	0	165	6	0	0	0	0	0	0	0	0	0	4	0	0	26	0	0	0	0	0	0
run03-79	6	865	0	0	0	0	0	0	0	0	0	0	0	0	3	0	0	0	0	0	0	0	0	0	0	0	0	0	0	0	0	0	0	0	0	0	0	0	0	0	0	0	0	0	0	0	0	0	8059	2	0	0	0	0	0	0	269	0	0	0	0	0	0	0	0	0	0	0	0	0	0	0	0	0	0	0	0	0	0	0	0	0	0	0	0	0	0	0	0	0	0	0	0	0	0	0	0	0	0	0	0	0	0	0	0	0	0	0	0	0	0	0	0	0	0	0	0	0	0	0	0	0	0	0	0	0	0	0	0	0	0	0	0	0	0	0	0	0	0	0	0	0	0	0	0	0	111	0	3	0	291	0	2664	0	5	0	0	0	0	0	0	3176	0	12	3	3	0	0	0	0	0	0	0	18	0	0	1295	55	0	0
run03-80	11	370	0	3	0	0	0	0	172	0	13	0	0	15	6514	0	316	0	87	0	0	0	0	0	0	0	961	0	8	0	0	0	1008	188	0	0	112	0	0	0	0	0	0	89	0	0	0	0	166	6	0	6	0	0	0	0	12	6	0	0	10	1797	0	396	1009	0	0	72	0	0	0	981	0	0	0	0	0	0	0	65	0	0	156	52	0	0	0	16	0	0	0	0	0	0	1057	1556	94	0	59	10	0	200	151	0	28	112	0	0	0	0	0	47	0	0	0	2	147	724	95	158	0	0	0	2526	328	0	0	0	0	0	0	0	0	0	0	2	0	0	397	10	10	0	0	315	15	6	26	23	0	961	184	0	362	44	0	0	0	0	0	111	10	0	0	5	0	0	0	0	0	0	0	0	0	2	0	0	0	0	0	0
run03-82	1	231	7	0	0	2752	0	0	0	0	6	141	192	0	6914	2083	430	12	0	504	0	0	0	0	0	0	103	0	136	0	2	0	0	6	0	516	0	0	0	395	15	0	0	7	0	0	2	18	509	22	0	32	0	0	0	0	0	0	0	0	148	1084	0	309	690	0	0	61	0	0	0	434	10	9	0	0	0	0	5	173	6	0	74	0	0	10	0	0	0	517	0	10	3	0	0	929	1845	0	112	0	59	0	0	0	41	69	0	7	22	17	0	166	0	0	0	0	0	909	0	102	15	0	0	1717	0	0	0	0	0	0	344	0	0	0	0	2	0	0	4	4	24	0	624	194	0	0	0	2	0	37	2	1090	0	53	8	171	0	0	0	0	0	0	0	0	0	0	0	0	0	0	0	0	0	42	0	4	0	35	10	0
run03-83	0	800	14	0	0	3587	0	0	19	0	0	138	0	0	3758	23	0	0	0	0	0	0	0	0	0	0	0	0	145	0	0	0	0	0	0	0	154	0	0	0	0	0	0	114	0	0	0	0	171	0	0	0	0	0	0	0	85	0	0	0	20	3041	0	0	230	0	0	38	0	0	0	299	0	0	0	0	0	0	29	62	0	0	196	0	0	0	0	0	0	87	0	0	0	262	29	120	683	0	66	0	0	0	0	0	0	0	0	0	3	0	223	0	0	0	0	0	0	1474	0	12	0	0	17	116	0	0	0	0	0	0	0	0	0	0	0	0	0	12	0	0	0	0	0	0	0	0	152	13	0	0	13	0	47	196	12	0	0	0	12	0	0	0	0	0	47	0	61	11	0	0	0	0	0	37	0	0	0	0	0	0
run03-84	96	348	428	7	0	1351	0	12	49	0	0	0	0	0	3584	324	0	0	6	35	0	7	34	0	0	0	478	0	5	0	0	141	9	0	0	0	0	515	4	0	0	0	0	17	0	4	3	3	430	88	0	144	2	0	0	0	0	0	0	68	156	1731	196	1528	581	9	0	121	0	0	15	364	9	6	14	14	3	0	144	215	0	4	1444	3	0	0	0	17	0	358	0	7	0	0	59	1868	1072	5	75	0	0	3	8	15	6	0	0	364	92	23	0	101	3	0	0	0	0	1668	0	67	3	0	19	780	5	0	0	4	0	0	13	0	0	0	3	19	0	82	8	54	6	0	0	0	52	2	226	127	0	3	5	521	141	74	12	8	3	0	169	12	41	0	0	0	0	0	0	0	0	0	0	0	0	28	11	51	0	0	8	0
run03-85	0	1288	0	0	0	1647	0	28	0	0	0	0	0	0	1370	133	0	0	0	0	0	0	0	0	0	0	50	0	0	0	0	0	0	0	0	0	0	152	0	0	0	0	3	2	0	0	0	0	14	0	0	0	72	0	0	0	199	0	0	388	78	535	7	64	83	0	0	450	4	0	0	79	238	5	64	3	0	0	16	3	4	0	218	0	0	0	0	67	0	73	0	7	0	16	10	116	102	9	56	0	15	0	0	0	0	0	0	58	28	9	0	3	0	0	0	0	0	1195	0	23	0	0	73	397	0	0	0	0	0	0	30	0	0	0	0	0	0	0	29	0	215	0	0	0	632	0	9	0	0	0	80	0	15	58	0	0	0	0	0	0	0	0	0	0	0	0	2	0	0	0	0	0	0	0	0	0	0	161	0	0
run03-86	15	5891	16	0	0	523	0	0	0	0	0	275	0	0	43	2	0	0	0	0	0	0	0	0	0	0	0	0	2	0	0	0	0	0	0	0	0	0	0	0	0	0	23	2	0	0	0	0	3282	0	0	2	0	0	0	0	16	0	0	14	168	1148	0	115	29	0	0	0	0	0	0	35	10	0	13	0	0	0	4	0	0	0	0	20	0	0	0	0	0	122	0	0	0	0	0	0	160	0	7	0	0	2	0	0	3	0	0	0	0	0	0	0	0	0	0	0	0	804	0	0	0	0	20	0	0	0	0	0	0	0	0	0	0	0	0	0	0	0	3	0	0	0	539	0	36	0	36	0	0	0	0	24	0	5	0	0	0	0	0	0	0	0	0	6	8	33	0	0	0	0	0	0	0	0	0	0	0	0	0	0
run03-87	3	547	0	0	0	0	0	0	63	0	8	0	0	0	3118	0	129	0	49	0	0	0	99	0	0	0	53	0	87	0	0	29	0	3	0	0	56	0	0	0	0	0	2	52	0	0	0	0	149	3	0	0	0	0	0	0	49	0	0	0	22	145	0	0	465	18	0	0	5	0	3	540	0	0	0	0	0	0	0	10	0	0	5	11	0	0	0	0	3	2	0	34	0	0	597	898	182	0	32	0	3	49	102	0	31	63	0	0	0	0	0	0	0	0	0	2	2	2	11	15	0	0	8	47	12	0	0	0	0	0	0	0	0	0	0	0	0	0	81	0	9	0	1264	1046	0	0	36	0	0	38	97	197	948	2	0	0	0	0	0	200	0	3	0	0	0	0	0	0	0	0	0	0	0	2	0	0	0	2	0	0
run03-88	0	0	0	0	0	0	0	0	0	0	0	0	0	0	5437	0	0	0	0	0	0	0	0	0	0	0	488	0	0	0	0	193	16	0	0	0	3	0	0	0	0	0	0	47	0	0	0	0	18	0	0	0	0	0	0	0	6	0	0	26	10	540	0	516	375	0	0	179	0	0	0	501	83	0	62	0	0	0	0	6	2	0	925	6	0	0	0	2	0	78	0	17	3	19	182	506	249	112	139	0	19	43	0	0	2	0	0	15	19	3	0	0	0	0	0	8	0	321	0	19	0	0	26	198	6	2	0	0	0	0	30	0	0	2	0	0	0	0	15	0	0	0	907	0	149	324	2	0	0	0	0	227	211	0	0	2	0	0	0	0	0	0	0	0	0	0	0	0	0	0	0	0	0	0	0	0	0	0	0	0
run03-89	7	234	0	0	0	2046	0	26	16	0	4	110	0	28	4898	806	116	0	0	51	0	0	0	0	0	0	252	0	168	0	0	133	0	53	0	0	0	73	0	0	9	4	4	6	0	0	0	100	131	0	0	0	2	0	0	2	48	0	0	171	41	2138	0	7	1031	4	63	151	0	0	3	155	6	0	76	40	0	0	0	0	0	0	833	15	0	0	33	8	0	282	0	9	11	0	163	2008	492	11	53	0	12	73	10	17	42	0	0	398	109	2	4	46	0	0	0	0	3	1825	0	58	0	0	48	2257	16	0	0	1	0	0	99	0	0	0	0	0	0	0	187	4	38	0	0	506	0	0	2	0	0	1286	60	147	286	105	0	8	2	0	0	87	0	0	0	0	0	0	0	4	0	9	0	0	0	0	0	0	0	0	7	0
run03-90	34	685	36	0	0	0	0	0	72	0	0	0	0	0	5527	288	0	0	44	0	0	0	0	0	0	0	7	0	0	0	0	11	0	0	0	0	2	1996	0	0	0	27	0	17	0	0	2	4	734	14	0	7	8	0	0	0	222	0	0	919	218	1376	0	200	210	0	0	816	0	0	0	174	143	0	376	82	0	0	0	2	0	0	1036	18	0	0	0	0	0	146	0	0	37	0	118	259	485	71	3	0	27	26	11	0	0	7	0	25	84	2	0	0	0	0	0	0	0	2679	0	3	13	0	45	497	2	0	0	14	0	0	2	0	0	0	0	2	0	4	94	0	780	0	0	0	223	0	78	4	0	0	259	0	0	199	0	0	0	0	0	0	0	78	0	0	0	0	0	0	0	0	0	0	0	0	0	2	0	0	0	0
run03-92	85	139	141	7	0	776	0	3	44	0	0	0	0	0	2477	240	0	0	19	36	0	5	20	3	0	0	216	0	4	0	0	105	6	0	0	0	0	304	0	0	0	0	0	13	0	0	0	9	182	30	0	67	0	0	0	0	5	0	0	0	126	1400	128	1144	436	0	0	75	0	0	0	250	20	4	22	0	0	0	148	137	0	0	806	3	0	0	0	0	0	266	0	0	0	0	50	1511	820	0	30	0	0	13	0	8	0	3	0	167	77	11	0	60	0	0	0	0	0	931	0	32	6	0	0	541	0	0	0	6	0	0	0	0	0	0	16	0	0	83	10	14	0	0	0	0	27	0	92	124	0	0	3	351	72	18	5	20	0	0	76	0	11	0	0	0	0	0	0	0	0	0	0	7	0	19	0	14	0	0	0	0
run04-52	10	914	4	0	0	2005	0	0	14	0	0	105	0	0	2624	0	0	0	32	83	0	0	0	0	0	0	51	0	128	0	0	77	0	0	0	0	0	286	0	0	0	0	5	8	0	0	0	19	51	0	0	0	47	0	0	0	0	4	0	6	86	3123	9	454	476	0	0	76	0	0	0	131	40	11	22	18	0	0	173	7	7	0	227	0	48	0	0	4	5	141	0	9	0	94	0	339	330	5	16	3	12	20	0	0	29	23	0	652	111	33	0	31	3	0	0	0	4	2317	0	44	0	0	0	384	13	0	0	0	0	0	152	0	0	0	0	0	0	4	43	10	89	0	261	0	259	0	0	17	0	11	23	98	27	3	0	0	0	0	14	33	0	0	0	29	0	0	0	0	0	0	14	0	0	0	0	0	2	0	0	0
run04-53	63	0	49	0	11	0	0	27	0	3	0	0	0	0	6576	167	288	0	0	0	0	0	0	0	0	0	8	0	126	0	0	81	0	0	0	0	5	0	0	0	0	30	0	0	0	0	12	0	88	23	0	34	0	0	22	0	0	0	0	0	135	1112	0	385	4648	0	0	93	0	0	0	1447	0	0	0	61	0	0	453	0	0	0	37	0	29	0	0	0	0	330	0	0	0	72	1860	2335	1773	0	28	0	2	0	33	0	6	0	19	0	0	0	0	59	0	0	0	0	0	1830	357	173	60	0	0	1224	0	0	6	9	0	0	72	5	0	0	0	9	16	38	2	36	0	0	0	68	0	0	15	24	0	0	634	0	0	73	6	0	0	0	8	3	0	3	0	0	0	0	0	12	0	0	0	0	0	34	0	20	0	0	0	0
run04-54	7	530	0	0	803	1465	12	0	0	10	0	193	32	0	4960	541	81	5	167	185	0	0	126	0	1591	0	260	0	520	0	0	198	1385	45	0	57	0	214	0	0	18	13	0	7	0	0	0	0	932	0	0	0	41	0	0	10	0	5	0	893	6	2934	0	0	0	88	0	0	15	0	4	147	0	0	0	181	0	0	0	92	0	0	2018	56	0	0	0	101	15	72	0	32	0	1075	0	1052	1652	0	20	2	20	29	113	78	56	53	4	430	0	173	130	98	0	0	0	6	21	5602	35	175	225	0	0	394	38	2	12	11	0	5	276	0	0	15	0	232	7	0	0	0	0	0	304	294	0	0	0	0	0	0	7	129	1133	6	0	0	0	91	0	0	0	0	0	65	0	0	5	0	439	0	0	0	0	3	0	0	0	101	0	0
run04-67	0	76	0	0	0	0	0	0	13	0	0	0	0	0	900	0	0	0	0	0	0	0	0	0	0	0	0	0	0	0	0	0	0	0	0	0	0	0	0	0	0	0	0	0	0	0	0	0	14	0	0	0	0	0	0	0	0	0	0	0	0	0	0	0	0	0	0	0	0	0	45	0	0	0	0	0	0	0	0	0	0	0	4	0	0	0	0	0	0	0	0	2	0	0	0	0	5	0	0	0	0	0	0	0	0	0	0	0	0	0	0	0	0	0	0	0	0	42	0	0	0	0	0	12	0	0	0	0	0	0	0	0	0	0	0	0	0	0	0	0	0	0	0	0	0	0	24	0	0	0	0	604	0	11	6	0	0	0	0	0	0	28114	0	0	0	0	0	7	0	0	0	0	0	43	6	0	221	0	0	0
run04-68	16	1309	19	0	0	362	0	27	5	0	0	0	0	0	2838	0	0	0	0	0	4	0	0	0	0	0	354	0	81	0	0	0	0	0	0	0	0	88	0	0	2	3	15	28	0	0	0	15	1608	0	0	0	2	0	0	0	382	0	0	400	3598	3202	150	305	585	10	0	367	0	0	0	242	187	69	88	9	0	0	44	80	18	0	193	3	0	5	0	0	0	55	0	7	0	82	0	171	1377	30	75	0	0	14	9	0	27	11	0	171	0	0	0	50	0	0	0	0	0	2243	0	34	5	0	55	1427	7	0	8	15	0	0	80	0	0	0	0	0	19	0	105	3	211	0	636	13	141	0	174	6	0	0	182	0	831	64	3	0	0	0	5	0	0	133	0	158	0	9	0	2	0	0	0	0	57	16	2	0	40	2	0	0
run04-69	5	98	0	0	0	0	0	0	297	0	62	0	0	0	9066	0	0	0	0	0	0	0	0	0	0	0	0	0	0	0	0	0	0	0	0	0	11	181	0	0	0	3	0	438	0	0	0	0	40	5	0	8	0	0	0	0	3284	8	0	0	166	5865	0	417	1165	38	0	0	0	0	62	614	95	0	0	0	0	0	146	0	0	0	182	35	4	0	0	46	0	5	0	0	0	0	6678	2876	3185	63	122	0	32	94	0	0	0	45	0	0	0	0	0	39	0	0	0	0	0	0	52	226	0	0	48	198	29	0	6	17	0	5	0	0	0	0	0	0	0	0	591	0	1479	0	0	0	215	0	50	0	0	0	0	0	0	101	0	0	0	0	0	1789	0	0	0	177	0	0	0	0	0	5	0	0	261	0	0	0	0	0	0	0
run04-70	0	2181	6	0	0	2294	0	0	0	0	0	213	0	0	4200	32	31	0	4	10	0	1663	0	0	1540	0	5	0	229	0	0	0	0	0	0	0	0	1630	0	0	0	0	0	12	0	0	0	0	52	0	0	3	0	0	0	0	15	0	0	1263	200	3568	41	366	1231	0	0	553	0	0	0	59	130	102	0	204	0	0	13	7	15	0	25	0	0	0	0	0	0	486	0	0	0	508	55	3552	543	2	52	0	0	8	0	0	0	0	0	0	25	0	0	0	0	0	0	0	0	2151	0	49	0	0	0	1243	0	0	0	0	0	0	4	0	0	0	0	0	0	0	28	0	6	0	295	0	683	0	19	265	0	0	0	125	0	66	0	0	0	0	0	0	0	0	0	0	0	0	0	0	0	2	0	0	0	0	0	0	0	515	0	0
run04-71	49	1676	9	10	16	809	0	42	11	4	0	0	65	42	5731	71	537	6	69	33	145	0	0	0	0	0	358	0	489	3	56	95	0	0	0	0	0	80	0	0	0	9	4	0	0	4	34	0	478	38	0	59	120	0	24	0	0	0	0	218	68	2875	111	2126	685	0	0	432	20	0	0	253	0	152	82	45	0	0	136	278	17	2	3145	3	0	0	0	0	0	346	0	21	43	44	0	947	922	5	135	0	29	4	5	175	14	16	0	258	67	49	4	105	0	0	0	0	3	4167	0	115	16	0	431	759	0	5	0	17	0	0	26	0	0	18	7	0	4	0	522	0	879	0	0	17	164	4	59	12	16	225	11	334	72	176	0	128	0	0	2	0	418	0	0	0	0	0	0	6	0	32	0	0	42	4	0	0	0	0	3	0
run04-72	6	2463	0	0	209	3214	0	0	0	24	0	84	157	273	2738	140	0	0	54	0	0	0	0	0	0	0	126	0	63	0	113	0	0	0	0	0	0	483	0	0	0	81	0	0	0	0	0	0	123	0	0	2	35	0	0	4	63	3	2	1402	884	4930	0	324	875	0	0	953	0	0	0	110	37	32	116	77	0	0	11	31	9	0	279	2	0	5	0	125	0	207	0	233	0	276	51	199	245	21	76	0	14	4	11	53	16	48	0	167	15	213	0	53	0	0	0	0	15	2120	0	84	14	0	1596	1130	0	0	0	0	0	4	224	5	0	10	5	0	2	0	21	0	21	0	446	0	118	714	12	0	0	190	46	388	56	2	0	0	0	0	0	0	0	0	0	2	22	0	0	0	0	6	0	0	0	0	0	0	568	0	0	0
run04-74	17	505	12	0	0	3	0	0	118	0	0	0	0	0	2122	0	0	0	0	42	0	0	0	0	0	0	0	0	0	0	0	201	0	0	0	0	11	0	0	0	5	0	0	17	0	0	0	0	286	9	0	0	0	0	0	0	16	0	0	140	25	590	0	59	46	0	0	0	0	0	29	427	41	0	0	4	0	0	0	0	0	0	0	4	0	0	0	6	0	0	0	3	0	0	0	438	215	0	0	0	0	22	0	0	25	0	0	0	0	0	0	0	0	0	0	0	0	2879	0	21	5	0	0	0	20	0	0	0	0	0	10	0	0	0	0	3	0	2	311	87	3	0	0	230	0	0	116	5152	3	0	0	865	2553	391	13	589	0	0	0	98	6	130	0	0	0	0	0	0	0	50	0	0	0	0	0	0	39	0	0	0
run04-75	122	271	45	23	0	0	0	0	0	0	0	0	0	0	5893	0	484	0	0	0	0	0	0	0	0	0	222	0	0	0	0	0	0	0	0	0	13	258	0	0	0	0	0	144	0	33	0	129	2672	76	0	45	0	0	0	0	35	0	0	178	180	2124	0	723	1208	0	0	901	0	0	329	1300	61	0	0	0	0	0	202	0	4	17	0	113	2	0	0	0	0	630	0	0	0	0	4386	745	329	8	0	0	0	90	0	0	0	0	0	0	0	0	0	0	0	0	0	0	0	1925	0	86	0	0	11	0	168	0	0	0	0	0	0	0	0	44	0	12	0	13	114	38	0	0	0	480	0	7	940	1615	4	0	461	0	1033	2474	0	0	0	0	4	0	41	9	0	10	155	61	169	4	0	0	0	0	0	0	0	0	0	0	70	0
run04-76	29	1001	11	0	0	1440	12	3	8	0	4	66	19	0	3000	148	37	0	12	45	0	0	0	0	0	0	104	0	137	0	18	37	99	58	0	0	4	0	0	495	0	0	216	0	0	0	4	0	594	9	0	18	9	0	0	0	181	0	0	1698	43	1587	22	455	186	0	0	110	0	0	0	208	86	23	16	21	0	0	4	0	23	2	1162	7	0	0	3	27	2	324	0	54	0	0	26	470	451	25	14	0	19	5	2	27	24	0	2	55	44	29	0	20	0	0	0	0	0	1379	0	86	2	0	888	519	2	0	0	0	0	0	65	0	0	2	0	0	4	0	77	0	876	0	332	76	0	0	98	16	8	47	0	137	0	66	0	0	0	0	0	0	0	0	0	0	0	0	0	0	2312	0	0	0	12	0	0	7	0	0	5	18
run04-77	252	170	42	133	0	181	0	0	0	0	0	13	2	0	1034	3	4	0	0	0	0	0	0	0	20	0	3	0	60	0	0	10	0	0	0	0	0	64	0	3	0	0	0	26	0	2	0	0	2240	59	0	57	0	0	0	0	0	0	0	25	85	256	0	34	342	0	0	0	0	0	0	758	0	0	0	0	0	0	0	0	0	22	343	0	0	0	0	0	0	0	0	0	0	9	1473	225	47	0	6	0	0	0	4	0	0	0	0	0	0	0	0	7	0	0	0	0	0	243	0	4	0	0	0	108	0	0	0	0	0	0	0	12	0	0	0	42	3	34	0	136	1052	0	0	0	14	124	47	514	72	0	0	91	0	713	10	0	15	0	0	0	101	2	0	0	7	0	0	0	2	0	0	2	42	21	10	0	0	0	6	79
run04-78	36	607	46	5	0	1030	0	0	0	0	0	0	4	0	5087	0	0	0	0	0	0	0	0	0	0	0	426	0	0	0	0	0	0	0	0	0	86	0	0	2285	0	0	8	29	0	0	10	0	384	75	0	31	0	0	0	0	67	11	0	445	203	2246	0	159	846	0	0	138	0	0	157	499	0	95	55	0	0	0	0	0	46	4	2087	157	385	0	0	3	0	606	0	16	0	0	236	5153	232	0	41	0	15	136	0	98	29	0	7	0	14	0	0	0	0	0	0	0	4	2402	0	84	0	0	15	1587	20	0	61	0	0	0	262	0	0	11	0	0	0	0	43	0	69	0	0	0	284	6	284	15	0	0	214	0	116	288	0	67	9	0	10	0	0	4	0	0	0	0	0	0	0	76	0	0	0	6	0	18	414	0	179	34
run05-64	0	0	0	0	0	0	0	0	56	0	12	0	0	0	4559	0	0	0	0	0	0	0	0	0	0	0	127	0	0	0	283	0	0	0	0	0	0	956	0	0	0	6	0	9	0	0	0	0	454	0	0	0	4	0	332	0	0	5	0	3105	584	8808	0	400	122	0	23	1389	0	0	0	387	69	0	0	121	0	0	121	16	6	0	174	45	0	15	0	0	0	288	0	22	10	23	67	887	1500	9	14	0	16	0	0	0	10	23	2	38	0	0	0	3	4	0	0	0	0	3871	10	9	5	0	151	0	5	0	0	0	0	0	82	0	0	0	0	0	0	0	382	2	235	0	0	0	601	0	0	0	0	0	0	0	288	10	0	0	0	0	0	39	0	7	0	0	0	0	0	0	0	0	0	0	0	0	0	0	0	0	0	0
run05-73	7	0	8	0	0	272	0	8	2	0	2	0	74	50	4163	252	103	0	42	108	0	0	54	0	0	0	716	0	202	0	150	76	445	11	0	0	6	0	0	0	7	0	0	0	0	0	0	2	250	0	0	7	106	0	9	0	490	0	0	680	0	1423	212	289	592	0	0	317	98	0	0	99	7	37	69	18	0	1	25	6	19	0	1805	19	60	0	4	13	0	108	0	166	0	48	0	182	986	8	57	0	80	4	6	179	0	5	0	345	65	141	9	134	5	0	1416	3	0	1173	0	21	97	0	0	700	0	3	9	3	0	0	41	0	0	0	7	0	32	0	0	0	24	0	0	177	0	0	2	0	0	10	3	88	363	4	0	101	0	0	0	0	0	20	6	0	0	0	0	0	0	0	0	0	0	0	0	0	0	52	0	0
run05-75	2	171	0	2	0	1368	0	7	16	0	6	91	0	18	2692	454	43	0	0	24	0	0	0	0	0	0	114	0	63	0	0	88	0	32	0	0	0	45	5	0	0	3	7	3	0	0	0	66	58	4	0	0	0	0	0	0	23	0	0	195	45	2015	0	0	1008	5	68	122	0	0	3	149	7	0	75	31	0	0	0	4	0	0	863	14	0	0	28	9	0	241	0	10	11	0	166	1915	497	4	53	0	2	45	13	17	28	5	0	283	74	6	0	37	2	0	0	0	0	1898	0	42	0	0	44	2151	16	0	2	19	0	0	67	0	0	0	0	0	0	0	157	0	26	0	0	358	0	0	7	2	2	745	33	122	181	67	2	5	0	0	0	39	0	0	0	0	0	0	0	0	0	7	0	0	0	0	0	0	0	0	3	0
run06-90	0	84	0	0	16	1137	0	0	0	5	0	109	48	6	587	13	0	0	4	2	0	717	0	0	927	0	30	0	98	0	0	4	21	2	0	231	0	27	0	377	0	0	14	0	0	0	0	0	43	0	0	4	15	0	0	0	38	0	0	436	51	1088	37	278	339	0	0	650	12	16	0	380	157	12	78	31	0	0	7	63	26	0	87	3	0	39	0	3	0	106	0	0	0	285	17	1358	270	0	30	0	26	11	19	0	8	0	0	4	3	6	0	0	0	0	0	0	0	766	0	23	0	0	0	164	0	0	0	4	0	0	0	0	0	8	3	0	0	0	276	0	19	0	0	228	0	40	0	0	0	0	0	82	0	0	0	0	0	39	0	0	0	0	0	0	0	0	0	0	0	3	0	0	0	0	0	0	0	0	0	0
run06-93	0	54	0	0	0	831	4	10	8	0	0	114	0	0	2177	35	15	2	0	24	47	0	0	0	0	0	56	0	0	0	6	30	0	0	0	0	0	150	0	0	0	10	0	0	0	0	0	0	3	0	0	0	33	0	8	0	2	0	0	142	146	1409	19	83	268	0	0	159	3	0	0	456	6	57	53	9	0	0	46	2	9	0	172	0	41	0	0	0	0	123	5	0	0	12	230	879	1002	2	18	0	20	85	17	10	18	0	0	163	71	44	13	14	0	0	0	2	0	1116	0	108	75	0	127	419	9	0	0	2	2	0	12	0	0	8	0	0	4	0	35	0	0	0	26	178	0	21	0	0	0	176	166	2	0	0	0	0	0	0	0	4	0	0	0	0	0	0	0	0	0	8	0	0	0	0	0	0	0	0	0	0
run06-94	86	36	20	8	2	228	0	0	3	2	0	20	0	0	1634	0	48	0	0	6	0	0	0	0	0	0	14	0	54	0	0	2	0	0	0	0	0	189	0	57	0	0	0	4	0	0	0	0	298	10	0	19	0	0	2	0	0	0	0	0	11	287	0	238	14	2	0	11	0	0	3	476	0	3	0	0	0	0	28	0	0	0	230	0	4	0	0	0	0	6	0	0	0	0	2014	140	783	0	18	0	5	5	0	0	15	0	0	2	0	0	0	2	0	0	0	0	0	679	0	49	0	0	0	66	12	0	0	0	0	0	0	0	0	0	0	11	12	14	0	71	0	0	3	15	0	5	65	3	5	12	0	425	1571	3	0	55	0	0	0	0	7	0	0	0	0	0	0	0	7	0	0	0	0	0	0	0	0	0	0	0
run06-95	62	584	0	23	18	922	0	0	0	17	0	86	35	6	2134	0	13	0	4	17	5	0	2	154	108	0	80	0	141	2	0	0	17	4	0	9	0	75	0	0	0	9	2	0	0	2	0	0	336	37	0	19	0	0	0	0	6	0	0	108	27	573	59	203	267	0	0	43	3	0	0	151	3	29	9	2	0	0	25	19	0	5	750	6	0	0	0	0	0	98	0	0	0	2	0	670	47	0	45	0	0	4	39	9	4	2	0	84	0	13	3	3	0	0	0	0	0	984	0	58	4	0	59	525	3	7	0	8	0	0	31	7	0	3	0	109	11	19	3	6	10	0	49	106	0	47	16	5	11	70	0	205	0	11	0	0	4	0	0	0	2	0	0	0	30	0	0	0	0	0	0	0	0	0	0	0	0	0	0	0
run06-96	9	401	5	3	0	1079	0	0	21	0	0	0	0	34	2793	14	9	0	0	2	0	0	0	0	0	0	6	0	14	0	0	8	0	0	0	0	0	409	0	0	0	0	0	0	0	2	4	0	155	0	0	19	15	0	0	0	0	0	0	209	731	1097	0	232	604	4	0	607	19	0	0	703	166	36	191	201	0	0	38	25	0	0	250	0	0	0	0	3	0	41	0	2	0	255	67	131	470	4	63	0	0	0	0	0	5	0	0	2	0	0	0	0	0	0	0	0	0	1059	0	38	0	0	0	720	0	2	0	0	0	0	0	0	0	0	0	0	0	0	3	17	5	0	11	0	11	0	43	0	6	196	0	591	1694	10	0	0	0	0	0	0	0	0	0	0	2	0	0	0	0	0	0	0	0	0	0	0	0	0	0	0
run07-Cah7-55	5	77	16	0	11	267	0	13	17	0	0	135	0	0	3247	110	258	0	68	51	0	0	101	0	0	0	147	0	373	0	0	11	0	0	0	0	2	101	0	159	5	0	0	5	0	0	0	0	70	17	0	19	0	0	134	0	0	0	0	11	57	1048	93	474	675	0	0	158	0	0	0	1003	0	5	11	0	0	0	68	232	0	3	87	0	4	0	0	0	0	124	0	5	0	0	198	3413	4521	0	48	0	1117	227	0	0	19	0	0	0	3	0	0	55	0	0	0	14	0	749	0	94	96	7	0	60	9	0	0	11	0	0	0	0	0	11	0	0	0	13	0	13	0	0	331	193	0	0	11	0	8	51	0	1090	1220	3	0	0	0	14	0	0	0	0	0	0	0	0	0	0	0	0	0	0	0	0	0	0	0	0	0	0
run07-Cah7-56	7	0	2	0	0	136	0	2	74	0	0	26	13	0	12779	221	62	0	20	23	0	0	0	0	0	0	59	0	133	0	3	47	0	0	0	0	32	181	102	0	18	0	0	62	0	0	0	0	101	4	5	0	0	0	0	0	0	0	0	0	0	10	0	103	166	3	0	22	2	0	11	459	0	0	0	70	0	0	28	10	0	0	120	0	86	0	5	9	0	12	0	0	0	0	395	3164	838	0	13	0	69	111	18	0	29	22	76	17	6	0	0	26	0	0	0	0	0	65	2	19	28	0	195	12	168	0	0	2	0	0	0	0	28	2	0	5	0	0	0	5	0	0	0	35	0	0	2	0	0	0	0	325	0	6	0	51	0	0	0	0	0	0	0	0	0	0	0	2	0	0	0	0	0	0	0	0	0	0	0	0
run07-Cah7-59	4	336	2	0	0	702	13	27	0	51	0	0	20	181	3408	482	17	0	121	23	0	735	327	53	223	11	540	18	178	0	0	35	445	0	0	0	2	100	0	0	0	11	0	0	8	0	0	0	0	0	48	0	48	21	78	47	31	4	10	205	938	1719	45	568	303	5	0	436	12	0	0	1155	12	34	184	0	4	0	18	67	43	0	84	0	0	0	0	99	4	216	12	0	0	35	0	571	773	13	33	0	62	43	89	0	137	26	0	549	13	136	38	96	3	10	0	0	0	3348	0	44	10	0	62	267	17	0	10	40	18	0	81	0	5	30	26	37	0	0	0	0	0	0	0	184	0	0	0	0	0	0	0	912	0	0	0	0	0	0	0	0	0	0	0	0	0	0	0	3	0	0	0	0	0	0	0	0	0	0	0	0
run07-Cah7-60	2	419	16	0	0	775	0	0	20	0	0	0	0	0	4357	19	0	0	0	9	0	0	0	0	0	0	3	0	77	0	0	26	0	0	0	0	0	837	7	0	19	0	0	52	0	0	2	0	103	6	0	7	0	0	0	0	0	0	0	0	3120	3437	0	1963	252	0	0	42	25	0	3	537	11	15	0	127	0	0	307	0	12	0	582	19	24	17	0	0	0	209	0	0	0	0	3704	1785	68	2	78	0	47	40	0	0	0	5	0	0	0	0	0	3	0	0	0	0	0	2785	0	18	0	0	0	0	3	0	0	6	0	0	0	0	0	0	0	0	0	3	5	0	52	0	0	0	0	0	15	0	0	0	0	521	0	11	0	0	0	0	0	0	0	0	0	0	0	0	0	4	0	0	0	0	0	0	0	0	0	0	0	0
run07-Cah7-61	103	349	69	15	0	214	14	58	0	0	14	187	77	0	1753	184	248	3	60	60	0	1372	112	0	0	682	382	0	361	0	60	137	0	0	0	0	8	0	0	0	5	0	0	2	0	0	0	0	654	109	0	56	0	6	302	4	0	0	0	0	76	1482	0	438	472	4	0	314	4	0	6	189	0	101	0	14	0	0	0	108	14	26	178	25	0	0	2	0	2	198	0	28	0	0	0	11	475	12	58	5	126	80	12	0	85	17	0	149	51	23	0	52	3	0	134	7	9	4058	0	110	65	0	11	299	8	7	12	15	0	0	69	0	0	9	3	142	0	7	0	88	0	0	900	0	190	0	2	0	5	210	151	422	791	162	0	0	2	0	0	3	0	0	0	0	0	0	0	186	0	0	0	0	0	0	0	0	2	0	0	0
run07-Cah7-62	0	255	0	0	0	0	0	0	45	0	0	0	0	0	5665	0	0	0	22	0	0	0	357	0	0	0	0	0	40	0	0	61	0	0	0	518	0	0	0	0	0	0	0	0	0	0	0	11	117	6	0	0	0	0	0	0	0	0	0	143	381	2036	0	259	890	0	0	83	0	0	0	3533	99	0	4	0	0	0	29	0	3	0	55	0	0	0	0	0	0	353	0	0	0	85	754	312	787	0	77	0	0	11	0	0	0	0	0	0	0	0	0	0	0	0	0	0	0	114	0	12	0	0	0	0	0	0	0	0	0	0	0	0	0	0	0	0	0	0	88	0	0	0	0	0	0	0	33	0	0	0	531	0	113	0	0	0	0	0	0	0	0	0	0	0	0	0	0	0	0	8	0	0	0	0	0	0	0	8	0	0
run07-Cah7-63	59	126	0	0	0	400	0	0	57	0	14	38	0	0	6386	0	0	0	0	63	0	0	0	0	0	0	99	0	59	0	0	18	0	0	0	0	7	417	0	0	0	0	0	32	0	0	0	0	204	21	0	2	0	0	2	0	0	0	0	154	46	1040	0	0	41	0	0	118	10	0	2	504	5	0	47	7	0	0	160	0	0	3	0	177	0	0	0	0	6	88	0	0	0	0	3290	1983	24	0	130	0	249	58	26	0	145	0	0	0	0	0	0	2	0	0	4	2	4	68	0	12	0	0	0	0	4	0	0	13	0	0	0	0	0	0	0	0	0	13	276	11	0	0	0	0	0	0	32	0	11	0	65	0	0	0	0	98	0	0	0	0	0	0	0	0	0	0	0	0	0	0	0	0	0	0	0	0	0	0	0	0
run07-Cah7-66	78	106	0	0	0	727	10	9	18	0	0	0	0	0	2212	624	7	0	6	83	0	0	0	0	0	31	464	0	647	0	80	19	18	4	0	0	0	70	0	0	0	0	0	0	0	0	9	4	150	8	19	36	115	11	262	62	2	0	0	0	34	2278	6	148	263	0	0	34	0	0	0	874	0	0	0	0	0	0	39	60	106	0	29	0	0	0	0	0	0	112	0	0	0	0	0	145	402	0	5	0	9	7	14	0	78	4	0	321	26	39	13	21	0	0	0	0	0	542	0	4	0	0	0	161	0	0	0	3	13	0	7	0	0	38	0	0	2	7	20	10	0	0	0	84	0	0	4	58	5	21	12	80	238	23	0	204	81	0	0	0	0	164	0	0	0	0	0	3	0	0	0	0	0	0	0	0	0	0	74	0
run07-Cah7-69	3	18	0	2	0	256	3	33	214	0	24	0	0	0	2730	67	188	0	29	75	0	0	0	0	0	0	366	0	519	0	139	101	0	2	0	0	0	29	2	0	6	4	0	0	8	0	0	0	21	0	0	0	62	79	12	11	0	0	0	46	12	779	0	0	322	3	88	29	32	0	0	2274	0	4	0	0	2	0	62	469	0	0	19	89	0	4	0	0	3	105	0	0	0	0	0	263	2021	0	18	0	401	56	60	0	33	26	0	63	37	138	13	183	0	0	0	0	0	6062	0	50	89	2	77	6	6	0	0	9	0	0	23	0	5	21	0	0	0	0	0	8	0	3	0	0	0	0	2	0	0	70	57	291	41	0	0	690	0	0	0	2	0	0	0	0	0	0	0	0	54	0	0	0	0	0	0	0	0	0	0	0
run07-Cah7-72	4	78	4	0	0	233	0	0	0	0	0	40	37	0	2194	173	192	0	11	64	0	0	0	0	0	0	486	0	209	0	0	43	0	12	0	0	0	0	0	0	0	20	0	0	0	2	0	0	10	0	8	2	137	59	32	2	0	0	0	0	11	235	35	520	172	0	0	27	0	41	0	386	0	15	17	8	0	0	64	122	10	0	27	0	0	0	0	0	0	68	0	0	0	0	0	11089	735	0	25	6	20	10	27	16	13	6	0	214	21	70	7	0	0	0	0	0	0	2001	0	11	36	0	33	435	1	2	0	5	31	0	22	0	5	8	3	0	0	0	17	0	0	0	82	0	7	0	0	0	0	127	107	129	0	5	0	1967	0	0	0	0	0	0	0	0	0	0	0	0	0	0	0	0	0	0	0	0	0	0	0	0
run07-Cah7-73	5	82	0	0	0	1424	7	5	0	7	0	256	27	13	2280	7	0	0	10	56	78	0	3	0	1218	0	21	2	136	0	41	71	157	0	10	153	0	3	0	78	0	0	0	0	0	2	0	0	41	0	0	3	81	2	61	4	0	0	0	193	37	1106	520	640	643	0	0	21	20	115	0	320	10	74	15	11	0	0	39	244	20	0	261	0	0	0	0	7	0	163	17	35	0	9	0	1838	425	2	44	0	51	0	52	29	5	0	0	224	47	57	22	0	0	0	60	0	0	1559	7	16	0	0	59	242	0	0	0	7	19	0	52	2	0	32	0	9	0	0	115	3	22	0	0	270	26	0	5	4	0	0	7	301	0	4	0	128	0	22	0	0	0	0	0	0	0	0	0	0	0	0	0	0	0	0	0	0	0	0	0	0
run07-Cah7-75	112	311	103	24	0	1616	2	3	0	2	0	86	30	0	5058	240	104	6	54	150	0	0	0	0	0	0	226	0	340	0	34	93	0	46	0	0	0	172	0	0	5	0	0	0	0	0	22	0	839	35	2	96	153	0	19	0	3	2	0	39	232	2529	224	1416	610	0	0	205	16	0	0	829	0	20	141	21	5	0	95	170	68	45	604	0	0	0	0	46	0	474	0	25	0	124	0	521	1115	0	78	0	30	32	10	2	11	0	0	87	29	2	0	86	0	0	67	0	0	2368	0	46	33	3	0	864	0	0	0	7	0	0	7	0	0	3	0	5	0	2	6	30	9	0	18	0	30	14	26	15	23	80	49	108	0	941	0	0	0	0	0	6	0	4	0	0	0	0	0	0	0	0	0	0	0	0	0	0	0	0	46	0
run07-Cah7-77	8	1517	3	0	8	813	0	0	0	9	0	32	18	0	1283	29	11	0	25	4	18	424	86	13	10	0	124	0	495	0	130	0	0	0	0	0	0	169	0	44	0	0	0	0	0	0	0	0	85	0	14	2	44	0	115	0	0	2	0	219	45	1734	11	226	364	0	0	145	10	15	0	175	5	18	85	5	0	0	15	26	59	0	71	6	0	0	0	0	0	169	0	0	0	708	0	2371	340	3	13	0	20	19	24	4	6	2	2	72	17	60	5	0	0	4	0	0	0	2405	3	25	8	0	54	113	0	3	2	9	0	3	30	37	0	2	0	6	3	0	0	0	0	0	0	10	16	37	7	0	0	93	0	248	0	0	0	6	0	22	0	0	153	0	0	0	0	0	0	0	0	0	0	0	0	0	0	0	0	0	0	0
run07-Cah7-78	0	104	0	0	0	1178	0	3	0	0	7	0	0	9	9387	19	16	0	50	16	0	0	0	0	0	0	86	0	168	0	0	18	17	0	0	0	5	224	4	0	7	0	0	13	0	0	0	0	3	0	0	0	6	0	0	0	0	0	0	23	152	894	57	318	430	2	0	162	0	0	0	1143	3	6	35	2	0	0	63	41	0	0	141	0	0	0	0	0	0	130	0	5	0	18	1490	1475	1012	0	44	0	3	40	14	0	88	6	0	12	0	0	0	0	0	0	0	0	0	1706	0	28	0	0	41	232	3	0	0	4	0	0	0	0	0	5	0	0	0	0	97	0	0	0	0	0	0	0	0	0	0	0	0	765	705	0	0	38	3	0	0	0	0	0	0	0	0	0	0	0	0	0	0	26	0	0	0	0	0	0	0	0
run07-Cah7-79	2	331	0	0	12	558	0	0	0	31	0	14	16	32	6125	234	20	0	50	77	0	0	80	0	0	403	254	0	211	4	0	0	0	5	4	0	0	211	0	37	2	0	0	0	0	0	2	0	42	4	0	0	130	5	4	0	16	3	2	173	30	520	24	1566	137	0	0	243	4	31	0	455	14	40	82	29	0	0	38	2	20	0	122	0	0	0	0	0	0	90	0	17	0	28	0	586	1432	3	34	0	23	41	27	3	11	6	4	31	12	41	34	11	0	0	74	0	0	4327	0	11	13	0	48	318	2	0	4	9	0	0	42	99	0	0	0	3	0	0	8	0	4	0	387	27	0	95	0	3	0	0	2	594	0	4	0	0	0	22	0	0	0	0	0	0	0	0	0	0	0	2	0	0	0	0	0	0	0	0	0	0
run07-Cah7-80	9	13	3	0	2	54	0	0	0	0	0	6	0	7	336	32	3	0	2	2	0	0	0	0	0	0	18	0	9	0	0	4	0	0	0	0	0	105	0	0	0	0	0	0	0	0	0	0	102	3	0	0	21	0	0	0	0	0	0	25	13	216	10	63	26	0	0	10	0	0	0	24	0	0	6	7	0	0	3	3	2	0	9	0	0	0	0	0	0	8	0	0	0	8	0	215	104	0	2	0	0	13	0	0	6	0	0	36	0	2	0	7	0	0	2	0	0	308	0	0	0	0	0	11	0	0	0	0	0	0	3	0	0	0	0	0	5	2	21	0	0	0	0	0	0	0	12	0	0	0	0	18	0	167	0	0	0	0	0	0	0	0	0	0	0	0	0	0	0	0	0	0	0	0	0	0	15615	0	0	0
run07-Cah7-81	29	93	0	4	0	1491	0	0	3	0	0	32	6	12	5448	43	185	0	25	4	0	0	224	0	7	0	65	0	187	0	0	2	0	10	0	63	56	119	0	86	0	0	0	12	0	0	0	0	53	4	0	0	2	0	0	0	0	0	0	23	13	1440	10	284	377	0	0	222	0	8	0	761	3	0	13	19	0	0	16	28	5	0	173	0	0	0	0	8	0	58	0	0	0	83	7	2765	1222	0	253	0	4	54	93	0	145	2	0	11	13	0	0	2	0	0	0	0	0	1413	0	0	0	0	0	258	6	0	0	2	0	0	0	0	0	0	3	0	2	0	0	0	0	0	0	7	0	0	32	0	11	0	2	553	0	2	0	0	0	0	0	0	0	0	0	0	0	0	0	0	1185	0	0	0	0	0	0	0	0	0	0	0
run07-Cah7-82	11	230	0	0	0	1172	50	63	38	0	17	0	0	0	2214	567	103	14	47	34	0	0	0	0	0	0	431	0	106	0	0	23	0	0	0	0	0	292	0	0	2	0	4	0	0	0	10	22	451	10	0	8	68	0	0	0	14	0	0	397	245	1198	336	305	386	0	0	613	35	0	0	515	24	29	78	7	0	0	52	41	27	0	112	0	0	0	0	5	0	306	0	35	0	38	34	989	889	11	47	0	21	10	10	30	0	9	0	166	41	49	0	38	0	0	0	0	0	3080	0	24	0	3	8	322	0	0	0	3	0	0	89	0	0	8	8	0	0	0	536	6	80	22	0	268	0	0	11	2	0	113	0	345	0	19	0	0	2	0	0	0	0	0	0	0	0	0	0	0	0	0	0	0	0	0	0	0	0	0	0	2
run07-Cah7-83	573	292	72	41	0	742	0	3	82	0	9	0	0	0	3287	422	0	0	12	127	0	0	0	0	0	0	238	0	203	0	0	14	0	0	0	0	0	298	2	156	4	2	0	0	0	0	29	0	2928	117	0	32	7	0	35	0	0	0	0	412	314	2083	21	319	222	6	0	379	2	0	0	657	15	32	0	5	0	0	66	14	0	3	22	0	0	0	0	10	2	101	0	5	0	206	56	254	681	2	84	0	173	99	19	0	78	35	0	24	15	0	0	65	0	0	0	8	0	1952	0	0	0	0	29	345	16	0	6	11	0	0	9	0	0	0	0	6	26	9	19	0	0	0	0	0	22	0	185	4	26	139	0	338	0	3	0	0	71	0	0	0	0	0	0	0	0	0	0	0	0	0	0	0	0	0	0	0	0	0	0	0
run07-Cah7-84	25	458	12	3	0	928	0	0	5	8	0	319	0	37	4633	392	3	0	124	5	0	0	0	414	0	0	273	0	476	0	19	143	0	14	0	0	3	161	0	0	2	0	0	0	0	0	0	0	92	15	0	10	396	0	31	0	0	0	0	53	350	1108	219	1654	456	0	0	223	13	0	0	732	0	22	47	14	0	5	163	240	4	0	151	0	0	2	0	8	0	447	0	10	2	82	8	695	1553	5	130	6	61	50	39	34	89	3	5	210	48	220	23	150	0	0	52	0	0	4335	7	73	14	0	333	242	5	0	0	23	0	0	31	0	0	62	4	0	17	5	23	3	15	0	92	0	79	2	13	0	4	102	631	2	0	10	0	284	0	0	0	0	0	0	0	0	0	0	0	0	0	0	0	0	0	0	0	0	0	0	0	0
run07-Cah7-85	0	1566	9	0	0	1676	0	0	31	0	0	273	0	0	2103	35	0	0	5	4	0	0	0	0	0	0	54	0	0	0	0	4	0	0	0	0	0	1376	0	0	0	0	0	0	0	0	0	0	34	0	0	0	16	0	0	0	0	0	0	584	851	3096	205	546	614	0	0	641	0	0	0	867	198	22	265	43	0	0	34	0	29	0	300	3	0	52	0	0	0	314	2	5	4	0	130	28	122	15	61	0	0	6	3	0	9	2	0	0	2	0	0	0	0	0	32	0	0	2079	0	4	0	0	13	569	0	0	0	0	0	0	6	0	0	0	0	0	0	0	40	0	0	0	33	0	0	0	4	0	0	0	158	4	37	0	0	0	0	0	0	0	0	0	0	0	0	0	0	0	0	0	0	0	0	0	0	0	0	0	0	0
run07-Cah7-86	6	717	0	3	0	1802	0	20	33	0	0	142	214	0	2489	0	0	0	0	0	0	0	0	0	0	0	269	0	0	0	0	40	0	0	0	0	0	85	0	0	0	52	0	0	0	0	0	0	550	0	0	0	18	0	0	0	0	0	0	211	143	1537	415	610	523	0	0	249	41	0	0	184	77	73	68	38	0	0	58	213	7	0	347	0	0	0	0	0	0	249	0	4	0	28	0	655	1218	14	64	0	34	7	17	0	6	0	0	180	23	2	23	5	0	0	0	0	0	2820	0	80	0	0	134	646	6	0	11	8	0	0	39	0	0	14	0	0	8	0	0	0	27	0	0	0	125	0	10	0	0	0	94	32	0	2	0	0	29	0	0	0	0	0	0	9	0	0	0	0	0	0	0	0	0	0	0	0	0	0	0	0
run07-Cah7-87	0	103	4	0	0	0	4	9	2	12	2	58	0	0	4243	94	29	0	20	24	83	0	161	125	0	0	115	0	138	0	7	19	0	0	0	0	18	312	0	70	4	0	0	0	0	0	0	87	18	3	0	0	87	10	73	18	5	0	2	83	25	560	21	1574	204	0	0	88	31	0	5	236	32	30	13	26	0	20	96	102	0	0	283	0	0	2	0	19	0	50	0	21	0	57	0	82	1571	0	101	0	35	19	15	0	69	0	0	373	77	1112	14	70	7	0	210	2	0	6156	3	60	4	0	109	206	7	0	8	37	6	5	45	7	0	21	0	0	0	0	3	0	8	0	0	73	0	0	13	0	0	22	157	0	0	4	0	33	0	0	0	0	0	0	0	0	0	0	0	0	0	0	0	0	0	0	0	0	0	0	0	0
run07-Cah7-88	2	8	0	0	0	342	0	21	97	46	50	0	0	0	3538	436	74	8	0	135	0	0	0	0	0	0	377	0	113	0	591	140	0	0	0	0	3	357	14	187	25	0	0	0	0	0	5	0	175	4	0	2	4	0	61	5	0	0	11	39	140	861	27	501	363	0	39	188	4	0	0	793	0	15	96	14	0	0	11	93	6	0	9	0	0	0	0	0	0	267	0	2	0	17	13	484	2196	10	29	0	27	31	75	0	50	14	12	39	3	33	0	110	0	0	0	16	0	1989	0	74	38	0	61	111	15	8	0	13	0	10	11	0	0	3	3	0	0	0	0	0	0	0	0	0	0	0	3	0	0	224	611	0	54	16	0	13	0	0	0	0	0	0	0	7	0	0	0	0	0	0	0	0	0	0	0	0	0	0	0	0
run04-51	13	523	35	2	15	0	0	50	59	0	0	0	0	0	3690	0	0	0	0	9	0	0	0	0	0	0	0	0	78	0	0	0	0	0	0	0	0	196	0	0	0	0	0	25	0	0	0	0	113	9	0	20	0	0	0	0	0	8	0	0	265	3376	0	643	18	0	0	89	0	0	9	620	21	0	0	5	0	0	347	0	0	0	1517	118	0	0	0	7	0	179	0	5	0	4	0	778	555	3	88	0	0	134	0	0	0	0	0	0	110	0	0	37	0	0	0	0	0	3742	47	25	0	0	0	0	0	0	0	0	0	0	24	0	0	0	0	0	0	0	433	0	0	0	0	0	218	3	107	0	0	0	0	314	191	24	7	0	0	0	0	20	0	0	0	0	0	0	0	7	0	0	97	0	0	31	2	0	0	491	0	0
run03-91	9	27	3	0	0	1484	0	6	0	0	0	360	0	0	1995	0	0	0	0	0	0	0	0	0	0	0	8	0	3	0	12	0	0	0	0	0	24	1665	0	0	0	0	0	6	0	0	0	0	48	16	0	9	0	0	64	0	72	0	0	113	43	2988	0	478	92	0	0	71	0	0	0	1013	869	26	0	0	0	0	57	0	4	0	2	0	0	0	0	0	6	358	0	0	0	4	216	1472	589	0	8	0	0	0	0	0	0	0	0	3	22	0	5	0	0	0	0	0	0	342	0	13	0	0	22	1268	0	0	0	0	0	0	0	0	0	0	0	0	2	0	0	5	0	0	0	62	0	2	16	0	0	40	0	254	244	11	3	0	0	0	0	0	0	0	0	0	7	0	0	0	0	0	0	0	0	14	2	0	0	0	0	0
run02-75	35	560	314	5	0	0	0	0	0	0	0	0	0	0	0	0	0	0	0	0	0	0	0	0	0	0	0	0	0	0	0	0	0	0	0	0	266	0	0	0	0	0	0	200	0	0	0	0	2481	10	0	107	0	0	0	0	0	0	0	0	0	701	0	0	2	0	0	2	0	0	0	269	41	0	0	0	0	0	0	0	0	0	0	6	0	0	0	0	0	0	0	0	0	0	750	838	462	0	0	0	0	11	0	0	0	0	0	0	0	0	0	0	0	0	0	0	0	0	98	0	0	0	0	3	0	0	0	0	0	0	0	0	0	0	0	0	0	0	755	0	0	3	0	0	0	0	801	4	0	0	0	33	0	1006	0	0	0	0	0	0	0	2119	7	19	0	73	74	0	0	0	0	0	0	0	0	0	0	4483	0	0
run06-81	0	3	0	0	0	223	2	0	0	18	6	0	0	0	832	29	87	0	3	22	0	0	0	0	0	0	118	0	0	0	0	2	0	0	0	0	2	0	0	0	0	0	0	0	0	0	0	0	5211	0	0	0	4	0	0	0	26	0	0	382	28	832	299	526	178	0	0	71	0	0	0	108	16	19	116	0	0	0	73	0	66	0	76	0	0	0	0	14	0	374	0	12	23	3	0	0	1798	71	23	0	26	0	10	457	116	0	0	131	38	48	2	30	0	0	0	0	2	375	0	26	0	0	626	108	0	0	0	0	4	0	0	0	0	0	0	0	0	0	40	0	0	0	0	43	203	3	298	3	0	81	10	0	966	0	0	249	0	0	0	0	0	7	0	0	0	0	0	0	0	0	0	0	0	0	0	0	0	9	0	0
4002.I.1.lib30	3	144	0	0	0	89	0	0	0	0	0	0	0	0	3217	2	0	0	0	0	0	0	0	0	0	0	357	0	0	0	607	212	0	0	0	0	8	176	0	0	0	0	0	0	0	0	0	0	4	0	0	0	0	0	0	0	0	0	0	88	835	4218	0	0	16	0	0	336	0	0	12	1224	267	0	0	0	0	0	0	43	0	0	89	90	0	0	0	0	0	14	0	0	0	0	306	3130	947	9	51	0	8	123	4	0	80	0	0	0	149	0	0	0	8	0	0	0	0	9230	0	0	0	0	0	246	0	0	0	0	0	0	18	0	0	0	0	0	0	0	0	0	0	0	0	0	73	0	98	0	0	590	0	26	270	0	22	0	0	0	0	0	0	0	0	0	0	0	0	0	0	0	0	0	0	0	0	0	0	154	0	0
4004.I.1.lib30	9	5	13	0	0	38	0	0	6	34	0	0	13	66	5506	363	60	0	24	103	0	0	0	0	0	0	311	0	256	0	0	0	0	0	0	0	7	41	0	0	0	0	0	0	0	0	0	0	478	12	0	4	11	0	0	0	223	0	0	46	10	574	6	102	361	71	0	48	8	0	25	144	28	14	0	0	0	0	68	2	36	0	3362	15	0	0	0	24	0	75	0	0	0	65	0	170	1894	0	63	0	26	0	28	5	7	4	0	540	71	25	0	54	2	0	0	0	0	3207	0	33	14	0	8	131	0	0	3	71	0	18	3	0	5	6	0	0	0	0	58	0	0	0	0	771	0	2	265	49	0	0	0	311	1335	333	3	0	0	0	0	0	3	0	0	0	0	0	0	0	0	0	0	0	0	0	0	0	0	0	0	0
4012.1.rerun.lib32	0	39	0	0	0	81	0	26	8	0	0	0	0	39	3989	1246	0	0	0	0	0	0	0	0	0	0	736	0	376	0	141	357	0	0	0	0	0	45	0	0	4	0	0	0	8	0	0	0	11	0	0	0	1530	0	211	122	68	0	0	45	73	1532	12	320	83	15	0	358	52	0	0	155	51	54	81	122	0	110	118	134	269	0	92	0	0	0	0	0	0	153	0	17	26	24	0	201	1644	87	84	0	25	3	30	102	37	175	0	659	39	499	15	50	8	0	154	3	0	3970	8	112	18	0	1063	259	70	24	15	97	75	11	37	147	7	118	15	0	0	0	0	0	0	0	0	0	247	0	22	0	0	44	46	67	43	0	0	5952	0	0	0	0	0	6	0	0	0	0	0	0	0	0	0	0	0	0	0	0	369	255	0	0
4021.1.rerun.lib32	0	0	9	0	0	0	0	0	54	0	0	0	0	0	311	0	0	0	0	0	0	0	0	0	0	0	37	0	0	0	0	0	0	0	0	0	3	0	3	0	0	0	0	0	0	0	0	0	40	2	0	0	0	0	0	0	69	0	0	27	170	1063	484	54	1075	0	0	82	3	0	0	430	9	17	19	15	0	12	585	0	20	0	34	29	0	0	0	7	0	35	0	0	6	0	0	70	199	0	19	0	9	104	0	0	0	0	0	0	62	0	0	74	0	0	0	0	0	2410	0	121	0	0	0	7443	0	0	0	0	0	0	0	0	0	0	0	0	0	0	275	0	0	0	0	0	12	0	103	0	0	0	0	0	163	395	0	0	8	0	7	2	0	0	0	0	0	0	0	0	0	0	0	0	0	0	0	0	0	0	17	3
4029.1.rerun.lib32	858	0	0	0	0	0	0	0	0	0	0	0	0	0	515	0	0	0	0	0	0	0	0	0	0	0	0	0	0	0	0	0	0	0	0	0	0	0	0	0	0	0	0	0	0	0	0	0	0	0	0	0	0	0	0	0	0	0	0	0	0	0	0	0	0	0	0	0	0	0	0	0	0	0	0	0	0	0	0	0	0	0	0	0	0	0	0	0	0	0	0	0	0	0	1390	0	0	0	0	0	0	0	0	0	0	0	0	0	0	0	0	0	0	0	0	0	0	0	0	0	0	0	0	0	0	0	0	0	0	0	0	0	0	0	0	0	0	0	0	0	0	0	0	0	0	0	0	0	0	0	0	0	10431	0	0	0	0	0	0	0	0	0	0	0	0	0	0	0	0	0	0	0	0	0	0	0	0	16	0	0
4031.1.lib29	5	0	8	0	0	155	0	0	31	0	0	0	0	0	5362	644	0	0	162	0	0	0	0	0	1134	0	234	0	0	0	0	0	0	0	0	0	0	87	2	0	5	8	13	10	0	0	0	0	246	4	6	10	496	0	178	6	0	0	0	1646	0	3576	143	475	458	62	0	577	123	0	31	263	205	0	18	129	0	9	133	12	64	0	1450	26	119	0	0	350	0	0	0	33	0	543	0	436	923	95	877	4	40	12	254	11	62	44	9	444	52	57	0	10	0	0	0	0	0	2454	53	92	78	13	116	1492	21	44	7	158	7	8	0	0	14	0	34	8	0	137	0	0	0	8	0	0	0	6	15	2	0	0	408	0	56	16	0	0	0	0	6	0	0	0	0	6	0	0	0	0	0	0	0	0	0	0	0	0	0	0	0	0
4032.1.lib29	0	280	0	0	0	0	0	0	0	0	0	0	0	0	7983	0	0	0	0	0	0	0	0	0	0	0	317	0	1509	0	0	0	0	0	0	0	0	33	0	0	0	5	35	0	0	0	0	0	222	2	0	0	498	0	0	0	151	0	0	177	37	1771	771	313	236	0	0	246	15	0	24	152	59	29	84	30	0	0	90	3	38	0	380	18	0	30	4	0	0	152	0	10	10	19	0	385	2091	49	205	0	57	0	50	250	15	3	0	326	73	114	3	9	0	0	0	0	0	4713	0	66	3	0	386	1867	0	0	2	23	0	2	34	0	8	0	0	0	0	0	75	0	0	0	0	0	346	0	99	0	0	0	0	0	0	17	0	0	0	0	2	0	0	0	0	0	0	0	0	0	0	0	0	0	0	0	0	0	0	242	0	0
4038.1.lib29	0	28	0	0	0	0	0	0	13	0	0	0	0	0	7985	38	0	0	15	18	0	0	0	0	0	0	229	0	140	0	142	90	6	0	0	0	29	117	0	0	0	0	0	0	0	0	0	0	37	0	0	4	23	0	0	0	0	0	0	126	15	1083	76	367	1089	37	0	59	0	0	4	1001	19	25	6	0	0	0	51	0	0	0	425	27	0	0	0	40	0	106	0	0	0	0	74	946	456	0	62	0	16	3	5	4	9	3	19	21	0	0	0	4	0	0	0	0	0	2513	0	70	0	0	11	3735	10	0	0	0	0	0	0	0	0	0	0	0	0	0	0	0	0	0	0	0	119	0	0	5	0	0	68	635	2730	0	0	667	0	0	0	4	0	8	0	0	0	0	0	0	0	0	0	0	0	0	0	0	0	0	0	0
4039.1.lib29	0	2	0	0	0	47	0	0	13	0	0	0	0	0	3471	0	0	0	23	0	0	0	0	0	0	0	9	0	728	0	0	0	0	0	0	0	79	0	9	0	0	0	0	0	0	0	0	0	6	0	0	0	0	0	0	0	0	0	0	0	38	1061	242	299	598	0	0	0	38	0	23	417	7	0	91	24	0	0	95	0	0	0	37	0	0	0	0	0	0	6	0	0	0	0	2601	70	158	0	15	0	0	5	0	0	0	0	0	0	11	0	7	5	0	0	0	0	0	741	0	82	0	0	0	298	0	0	0	0	0	0	0	0	0	3	0	0	0	0	308	0	0	0	0	0	0	0	0	2	0	0	0	28	9569	3	0	0	0	0	0	0	0	0	0	0	0	0	0	0	0	0	0	2	0	0	0	0	0	0	0	0
4045.1.lib29	11	271	10	0	0	361	0	6	0	0	0	0	59	0	6972	159	0	0	292	0	0	0	139	2147	0	0	338	0	434	0	0	32	0	0	0	0	58	25	0	20	0	0	0	0	0	0	9	0	215	20	0	7	57	0	0	0	0	0	0	687	115	1909	566	397	623	0	0	167	20	0	6	217	24	56	11	21	0	0	177	170	4	0	682	0	0	9	0	0	0	261	6	0	16	76	0	472	1092	16	37	0	30	0	0	48	2	0	0	346	69	0	0	167	0	0	0	0	0	4443	0	47	0	0	198	564	0	0	0	8	0	0	19	0	0	7	0	0	0	0	0	0	41	0	0	0	766	0	48	122	0	0	0	350	4115	371	0	505	0	0	0	0	0	18	0	0	0	0	0	0	0	0	0	0	0	0	0	0	85	0	0	6
4047.1.lib29	5	3	7	0	0	438	0	0	0	0	0	16	11	0	1913	304	6	0	13	31	0	0	255	0	4212	0	371	0	82	0	0	119	0	0	0	0	0	34	0	0	3	0	0	0	0	0	0	0	54	12	0	4	114	0	8	0	1042	0	0	72	361	1200	543	209	1074	0	0	48	29	0	4	348	15	53	16	14	0	0	127	11	155	0	103	0	0	0	0	8	0	145	0	8	0	139	0	62	405	0	148	0	30	2	31	22	10	0	0	116	24	25	5	0	0	0	0	0	0	1266	0	28	0	0	0	1067	2	0	0	29	2	0	9	0	0	3	17	0	0	0	0	0	0	0	0	827	114	0	11	3	0	0	3	528	2537	14	0	81	0	0	0	0	0	0	0	0	0	0	0	0	0	0	0	0	0	0	0	0	20	0	2	0
4050.1.lib29	0	12	0	0	0	234	0	7	8	0	0	0	0	0	15562	0	0	0	0	0	0	0	0	0	0	0	0	0	0	0	0	426	0	0	0	0	16	30	0	0	0	0	0	0	0	0	0	0	773	0	0	3	146	0	64	0	0	0	0	177	56	906	411	145	617	35	0	105	296	0	18	427	3	10	48	86	0	12	204	102	18	0	153	3	0	0	0	21	0	102	0	0	0	126	0	0	2193	5	67	0	158	12	41	0	16	51	0	48	19	19	0	3	0	0	0	0	0	2966	0	97	0	0	6	685	3	0	5	15	6	0	16	0	0	7	0	0	0	0	57	0	0	0	0	0	68	0	42	5	0	0	0	0	1084	515	0	6004	2	0	0	4	0	0	0	0	0	0	0	0	0	0	0	2	0	0	0	5	0	15	0	0
4052.1.lib29	2	177	0	0	40	446	0	0	0	0	0	29	5	84	1407	58	8	0	233	72	0	0	0	852	4100	0	81	0	300	12	42	8	618	57	0	0	0	43	0	0	15	20	0	0	0	0	0	0	23	0	0	0	65	13	0	0	2	0	0	16	17	1558	370	347	506	0	0	184	0	0	0	435	15	40	48	19	0	0	49	100	37	0	331	17	3	6	0	0	0	134	86	43	16	37	0	25	1279	20	28	0	28	27	28	20	47	7	0	477	16	44	0	66	0	0	0	0	31	3800	0	54	12	0	248	398	2	0	0	20	0	0	144	129	0	4	10	27	7	0	0	0	0	0	0	1239	0	0	4	0	0	16	17	197	2111	8	0	5180	0	14	0	0	0	6	0	0	44	0	0	0	0	6	0	0	0	0	0	0	375	0	6	0
4055.1.lib29	0	161	0	0	17	289	0	0	0	0	0	18	3	63	1018	50	2	0	214	49	0	0	0	476	2775	0	72	0	218	8	17	6	766	81	0	0	0	39	0	0	4	22	0	0	0	0	0	0	20	0	0	0	62	27	0	0	12	0	0	15	25	1716	254	237	460	0	0	116	0	0	2	317	29	18	36	14	0	0	47	134	17	0	245	21	2	15	0	0	0	69	134	74	27	31	0	21	1155	30	19	0	34	19	59	24	101	14	5	740	21	59	0	92	5	0	0	4	25	2298	0	64	7	0	479	275	6	0	2	27	0	0	205	64	0	12	18	15	3	0	0	0	8	0	0	771	0	0	3	0	0	10	19	158	1698	8	0	1871	0	14	0	0	0	8	0	0	61	0	0	0	0	13	0	0	0	0	0	0	256	0	8	2
4059.1.lib29	0	31	9	0	0	0	0	0	12	0	0	0	0	0	2152	0	0	0	0	0	0	0	0	0	0	0	0	0	0	0	0	0	0	0	0	0	0	24	0	0	0	0	0	0	0	0	0	0	120	0	0	0	0	0	0	0	0	0	0	41	8	134	0	33	372	0	0	18	4	0	0	161	62	22	16	0	0	0	115	0	29	0	161	18	5	0	0	0	0	76	0	0	0	13	86	757	204	0	30	0	0	64	0	0	0	0	0	0	215	0	0	42	0	0	0	0	0	1380	0	51	62	0	0	314	0	0	2	0	0	0	0	0	0	0	0	0	0	0	0	0	0	0	0	156	2	0	2	662	0	0	0	0	3612	118	0	46	0	0	76	0	0	27	0	0	0	0	0	0	0	0	81	5	0	0	0	0	0	0	0	0
4069.1.lib29	4	21	169	11	0	0	0	0	0	0	0	0	0	0	8124	0	0	0	0	0	0	0	0	0	0	0	88	0	297	0	0	0	0	0	0	0	4	0	0	0	0	0	0	0	0	0	0	0	11691	0	0	0	0	0	0	0	0	0	0	137	97	2501	117	181	212	0	0	989	0	0	0	270	211	47	117	0	0	489	125	0	105	0	5458	0	21	0	0	130	0	416	0	70	0	0	0	0	1185	0	0	0	0	15	0	0	13	0	0	0	180	0	0	8	0	0	0	0	0	5109	0	0	0	0	49	4138	0	0	0	0	0	0	6	0	0	0	0	0	0	0	0	0	0	0	0	0	0	0	796	0	0	215	0	0	0	420	0	0	0	0	4	0	0	0	0	0	0	0	0	0	0	0	0	3	0	0	0	88	0	808	0	0
4074.1.lib29	0	0	0	0	0	0	0	0	0	0	0	0	0	0	0	0	0	0	0	0	0	0	0	0	0	0	0	0	0	0	0	0	0	0	0	0	21	0	0	0	0	0	0	20	0	0	0	0	191	0	0	0	0	0	0	0	3	0	0	0	15	1588	0	0	432	0	0	950	0	0	0	34	332	0	9	0	0	0	0	0	0	0	1552	0	4	0	29	78	0	0	0	7	0	0	427	3051	300	0	0	0	4	40	3	0	0	12	9	0	0	0	0	0	0	0	0	0	0	5276	326	54	7	0	0	0	0	0	0	0	0	0	0	0	0	0	0	0	0	0	525	0	0	0	0	405	0	0	347	0	0	0	0	0	5515	8	0	0	0	0	0	0	0	4	0	0	0	0	0	0	0	0	0	0	0	0	0	0	16	0	0	0
4078.1.lib29	0	95	0	3	0	260	0	0	0	0	0	36	57	0	10866	0	0	0	0	0	0	0	0	0	29	0	0	0	4	0	0	0	0	0	0	0	0	36	0	0	0	0	0	0	0	0	0	0	59	14	0	0	0	0	0	0	0	0	0	0	15	1729	0	215	622	0	0	14	0	0	0	205	0	10	0	0	0	0	78	0	0	0	9252	0	0	0	0	39	0	0	0	0	0	92	3424	272	540	0	88	0	17	0	0	0	0	0	0	0	0	0	0	0	0	0	0	0	0	380	0	180	4	0	0	1200	0	0	0	8	0	0	0	0	0	0	0	0	0	0	0	0	0	0	0	31	0	0	7	0	0	0	0	206	19106	0	6	0	0	0	0	0	0	73	0	0	0	0	0	0	0	0	0	0	0	0	0	0	6	0	0	0
4082.1.lib29	0	14	0	0	0	21	0	0	5	0	0	0	0	0	3101	0	0	0	30	12	29	14	0	0	110	0	39	0	87	0	0	0	0	0	0	0	4	79	0	10	0	0	0	0	0	0	0	0	36	0	0	13	32	0	37	0	0	0	0	60	23	1462	38	214	1006	23	0	144	54	0	13	730	37	102	0	29	0	0	238	6	37	0	1019	0	0	7	0	9	0	79	0	8	0	92	21	1159	608	7	28	0	6	3	12	7	2	0	0	220	48	4	0	12	0	0	0	0	0	2968	0	98	2	0	9	3038	5	0	0	2	0	5	11	15	0	2	0	0	0	0	366	19	0	0	0	163	48	97	0	3862	0	3	16	183	331	14	0	237	0	0	0	0	0	0	0	0	0	0	0	0	0	0	0	0	0	0	0	0	0	0	2	0
4084.1.lib29	0	18	8	0	0	106	0	18	0	0	0	9	0	108	2318	0	0	0	270	0	8	0	0	2905	0	389	247	0	34	0	0	0	465	0	0	0	0	11	0	0	0	0	5	0	0	3	0	0	158	15	36	5	248	3	19	0	473	0	0	360	10	779	318	278	193	0	0	553	33	0	0	78	29	38	43	43	0	22	28	62	37	0	1343	0	0	0	5	53	0	38	69	21	28	0	0	187	1589	20	32	9	29	0	80	64	4	0	0	778	101	124	31	30	0	0	0	0	0	11489	0	0	0	32	410	370	4	14	0	210	156	3	33	21	0	31	43	0	0	0	7	0	35	2	0	490	0	0	11	0	2	143	288	25	3234	44	0	16	0	0	0	0	0	0	0	0	0	0	0	0	0	0	0	0	0	0	0	0	0	0	8	0
4094.1.lib29	0	87	3	0	0	250	0	7	46	0	0	0	0	0	4720	0	0	0	0	25	0	0	64	0	0	0	100	0	5121	0	0	0	0	0	0	0	39	299	0	0	0	0	0	0	0	0	0	0	9	0	0	0	53	0	0	0	889	0	0	99	541	3095	342	525	905	0	0	905	0	0	0	605	993	17	108	64	3	31	322	36	82	0	1286	0	0	18	0	122	0	106	0	0	0	0	71	3389	2560	21	547	0	0	0	5	0	3	0	0	53	26	5	0	12	0	0	0	0	0	9820	0	35	0	0	22	2201	0	2	0	12	0	0	0	0	0	0	0	0	0	0	101	0	0	0	0	0	24	0	34	0	0	0	0	0	0	0	0	0	0	0	0	0	0	14	0	0	0	0	0	0	0	0	0	0	0	0	0	0	0	0	0	0
4095.1.lib29	9	59	0	2	0	48	0	0	6	0	0	163	0	0	4508	0	0	0	0	0	0	0	0	0	2943	0	0	0	81	0	0	0	0	0	0	0	165	0	0	0	8	0	0	0	0	0	0	0	164	0	0	0	0	0	0	0	1266	0	0	34	180	1757	810	346	417	0	0	469	0	0	2	465	153	24	69	0	0	0	122	17	16	0	2367	0	33	0	0	0	0	91	0	0	0	283	247	522	557	0	89	0	0	4	0	0	2	0	0	0	6	0	0	0	0	0	0	0	0	2207	0	87	0	0	0	1087	0	0	0	0	0	0	0	0	0	0	0	0	0	0	4274	0	0	0	0	0	0	0	969	0	0	0	5	163	42	46	3	3	0	0	0	0	0	2	0	0	0	0	0	0	0	0	0	3	0	0	0	0	0	4003	0	0
4106.1.lib29	0	3	0	0	0	0	0	0	28	0	0	0	0	0	4893	0	0	0	0	0	0	0	0	0	0	0	199	0	0	0	0	46	0	0	0	0	38	0	0	0	0	0	0	6	0	0	0	0	26	0	0	0	58	0	0	0	0	0	0	0	4	2345	0	173	12	0	0	132	0	0	16	446	343	0	43	227	0	0	112	0	0	0	1684	5	0	0	0	126	4	102	0	0	0	0	7	75	1310	20	125	0	21	36	5	0	23	0	0	0	0	0	23	41	2	0	0	0	0	2414	0	26	0	0	3	447	22	0	0	0	0	2	0	0	0	0	0	0	0	0	0	0	0	0	0	0	225	0	4	0	0	0	0	208	2969	0	0	0	0	0	0	0	0	0	0	0	0	0	0	0	0	0	0	0	0	0	0	0	0	32	0	0
4108.1.lib29	0	0	0	0	0	26	0	0	0	0	0	0	0	0	1952	0	0	0	0	0	0	0	0	0	0	0	2	0	0	0	0	35	0	0	0	0	0	66	0	0	0	0	0	0	0	0	0	0	84	0	0	0	0	0	0	0	27	0	0	0	3	863	13	2	259	0	0	33	0	0	15	224	88	77	0	0	0	0	34	0	0	0	2439	0	0	0	0	0	10	7	0	0	0	153	4	486	206	0	70	0	0	0	0	0	0	0	0	13	3	0	0	0	0	0	0	0	0	1330	0	35	0	0	0	170	0	2	0	0	0	0	0	0	0	0	0	0	0	0	53	0	0	0	0	0	0	0	36	0	0	0	0	26	1651	0	0	0	0	0	0	0	0	0	0	0	0	0	0	0	0	0	0	0	0	0	0	0	0	0	0	0
4109.1.lib29	4	583	4	0	0	261	0	0	30	0	0	0	0	0	8537	196	21	0	0	0	0	0	862	0	0	0	3	0	0	0	0	0	0	0	0	0	2	51	0	0	0	0	0	0	0	4	0	0	305	0	0	0	0	0	40	0	11	0	0	987	816	3700	694	586	814	156	0	538	0	0	55	497	40	99	45	8	0	0	245	0	0	0	430	0	0	0	0	12	12	183	0	15	0	1504	12	361	560	0	132	0	8	10	0	3	0	0	0	0	0	75	0	5	3	0	0	0	0	8136	0	139	4	0	103	2515	5	0	0	0	0	18	0	0	0	0	0	10	0	79	176	0	0	0	0	0	148	0	119	68	0	0	0	214	6127	115	0	0	0	0	0	0	0	13	0	0	0	0	0	0	0	0	0	0	0	0	0	0	0	16	0	0
4115.1.lib29	3	0	0	0	0	0	0	0	0	0	0	0	0	0	7269	0	0	0	0	0	0	0	0	0	0	0	0	0	17	0	0	3	0	0	0	0	174	168	0	0	0	0	0	0	0	0	0	0	100	7	0	6	0	0	0	0	1837	0	0	0	0	0	0	0	0	0	0	0	0	0	0	0	82	0	0	0	0	0	0	0	0	0	71	0	0	0	0	0	0	0	0	0	0	0	6234	166	0	0	0	0	0	5	0	0	0	0	0	0	0	0	0	0	0	0	0	0	0	0	0	9	0	0	0	0	0	0	0	0	0	0	0	0	0	0	0	0	0	0	12	0	0	0	0	0	0	6	308	1246	0	0	0	170	32915	0	0	0	0	0	0	0	0	0	0	0	0	0	0	0	0	0	56	0	0	0	0	0	0	2	0	0
4122.1.lib29	7	0	0	0	0	0	0	0	29	0	0	0	0	0	7431	0	0	0	0	0	0	0	0	0	0	0	101	0	3365	0	0	111	0	0	0	0	209	7	0	0	22	21	0	23	0	0	0	0	265	0	0	0	0	0	13	0	577	0	0	0	76	1176	0	13	2646	35	0	9	0	0	54	376	0	0	2	0	0	0	0	0	0	0	19	31	216	0	44	3	0	14	0	0	0	0	4377	5925	124	0	47	0	5	21	2	0	32	0	0	0	0	0	0	0	2	0	0	0	0	1008	195	72	0	0	0	0	26	0	0	0	0	0	0	0	0	4	0	0	0	0	77	0	0	0	0	72	0	0	52	5104	0	14	0	851	1308	73	0	0	0	0	0	0	0	0	0	0	0	0	0	0	0	0	0	6	0	0	0	0	0	335	0	0
4134.1.lib29	0	0	0	0	0	1161	0	0	20	0	0	0	0	0	12061	0	0	0	0	0	0	0	198	0	3342	0	174	0	1684	0	0	0	0	0	0	0	141	0	0	0	0	0	0	6	0	0	0	0	49	0	0	8	0	0	0	0	0	0	0	164	32	2658	0	171	2464	0	0	447	0	0	8	2040	2942	0	0	0	0	0	0	0	39	0	2924	0	444	0	0	7	0	318	0	26	0	373	71	1187	166	0	24	0	0	22	0	0	0	0	0	0	0	0	0	0	0	0	0	0	0	364	0	66	0	0	0	1183	5	0	0	0	0	0	0	0	0	0	0	0	0	0	0	3	0	0	0	0	27	0	12	0	0	0	0	2124	269	6	0	0	0	0	0	65	0	0	2	0	0	0	0	0	3546	0	0	2	0	0	0	0	684	361	0	0
4135.1.lib29	25	225	60	0	0	0	0	0	0	0	0	0	0	0	10672	0	0	0	0	0	0	0	0	0	0	0	0	0	14	0	0	0	0	0	0	0	0	0	0	0	0	0	0	29	0	0	0	0	2514	0	0	0	0	0	0	0	0	0	0	0	131	1695	0	634	1623	10	0	310	5	0	293	3300	0	0	0	0	0	0	0	0	0	0	3846	0	0	0	0	673	2	0	0	68	0	59	1713	475	3642	0	0	0	0	353	35	0	682	0	0	8	0	0	0	0	0	0	0	0	0	0	0	263	0	0	0	0	58	0	0	0	0	0	0	0	0	0	0	0	0	0	539	0	17	0	0	0	0	0	2329	0	0	0	0	1184	0	0	7	0	0	0	0	0	0	92	6	161	525	53	62	0	0	0	0	0	0	0	0	0	0	0	0	0
4136.1.lib29	0	2	0	0	0	0	0	0	0	0	2	0	0	0	4115	0	1265	0	0	0	0	0	0	0	0	0	251	0	997	0	0	0	0	0	0	0	27	0	0	0	0	0	0	32	0	0	0	0	16	0	0	0	0	0	0	8	0	0	0	0	7	3166	0	0	0	822	0	201	0	0	2440	494	0	0	0	627	0	0	28	5	0	0	467	0	114	0	95	0	529	172	0	0	0	755	237	3463	477	0	10	0	130	91	501	385	104	66	0	7	5	44	19	307	5	0	0	0	4	4865	13	438	257	0	0	489	254	5	0	2	0	4	0	0	0	0	0	0	0	0	38	0	0	0	0	0	0	0	0	0	0	0	215	0	1273	12	0	0	0	0	0	0	0	513	0	0	0	2	0	3	0	0	0	8	0	0	0	0	0	1276	0	0
4143.1.lib29	34	89	0	0	0	34	0	0	0	0	0	0	0	0	1865	100	0	0	0	60	0	0	0	0	0	0	282	0	0	0	0	102	0	0	0	0	0	6	0	0	0	0	0	0	0	0	4	0	166	0	0	28	8	0	3	0	0	0	0	134	0	923	49	255	164	0	0	10	91	0	0	29	5	0	20	18	3	0	56	130	0	0	152	0	0	0	0	0	0	42	0	0	26	0	0	393	232	0	9	0	36	6	58	31	0	0	0	215	48	2	0	3	0	0	0	0	0	1182	0	32	7	0	72	904	0	0	0	0	0	0	3	0	0	57	0	0	0	0	26	0	0	0	0	0	232	49	12	0	0	0	32	0	207	0	253	13	0	0	0	0	0	0	0	0	0	0	0	32	0	0	0	45	0	0	0	0	0	178	0	0
4153.1.lib29	64	15	7	6	0	184	0	15	12	0	0	0	0	0	0	0	967	0	0	0	1289	0	0	0	0	0	249	0	0	0	0	0	0	0	0	0	0	27	0	0	6	0	0	9	0	0	1	0	2153	105	0	64	92	0	10	0	0	0	0	31	95	2222	14	170	247	24	0	309	0	0	0	171	51	41	79	115	0	0	701	5	10	0	2149	74	9	0	5	22	0	78	0	0	2	0	59	1656	3564	0	51	0	21	19	30	7	23	28	0	26	20	26	0	41	0	0	0	0	0	2458	0	80	76	0	12	1436	0	5	3	17	0	0	0	0	5	0	0	0	0	0	2105	0	0	0	0	0	0	5	43	103	12	28	308	0	2836	70	0	59	1	0	0	2	9	3	0	0	0	0	0	6	0	0	0	8	0	0	0	0	0	1179	21	0
4160.1.lib29	0	0	0	0	0	0	0	0	10	0	0	0	0	0	12251	13	995	0	0	8	0	0	694	0	0	0	132	0	973	0	0	0	0	0	0	0	498	0	0	0	0	0	0	0	0	0	0	0	0	0	0	0	0	0	0	0	0	0	0	0	161	1400	0	0	0	28	7	0	0	0	1720	12773	0	0	0	0	0	0	0	0	0	0	0	117	0	0	0	0	26	0	0	0	0	0	0	11	229	0	28	0	0	282	11	0	107	7	0	0	0	0	0	0	0	0	0	0	0	2947	6	65	0	0	0	0	6	0	0	4	0	0	0	0	0	0	0	0	0	0	0	0	0	0	0	0	3	0	26	0	0	0	128	0	0	0	0	0	0	0	0	0	0	346	0	0	0	0	0	0	0	0	0	0	0	0	0	0	0	19	0	0
4161.1.lib29	0	0	0	0	0	91	0	0	0	0	0	0	0	0	1418	0	0	0	0	0	0	0	0	0	0	0	0	0	0	0	0	0	0	0	0	0	67	377	0	0	17	0	0	0	0	0	14	0	396	0	0	21	0	0	0	0	0	0	0	0	24	4004	81	35	2323	0	0	1813	0	0	49	1395	45	49	0	0	0	41	922	0	0	0	1322	0	0	0	0	0	0	51	0	0	0	74	64	0	2713	0	182	0	0	16	0	0	0	0	0	0	32	0	0	0	0	0	0	0	0	566	0	239	95	0	0	500	0	0	0	0	0	0	0	0	0	0	0	0	0	0	80	0	0	0	0	0	0	0	173	85	0	0	0	668	17739	109	5	0	14	0	0	0	0	144	0	0	0	0	0	0	0	0	0	6	0	0	0	0	0	1344	0	0
4191.1.lib29	0	143	0	0	7	0	0	0	58	0	0	0	0	0	11191	0	88	0	0	238	0	0	0	6	0	0	1858	0	1210	0	0	117	0	0	0	0	149	0	0	0	31	8	15	2	0	0	0	0	144	10	0	0	28	0	0	149	136	0	0	173	14	1953	0	0	280	66	101	236	0	0	56	314	185	9	60	0	0	0	0	5	49	0	286	81	0	0	0	9	105	0	89	28	83	0	193	2854	1219	38	54	12	0	66	226	341	219	0	0	1720	11	0	0	13	32	0	0	7	157	1481	0	256	192	0	1188	3704	15	448	194	65	0	0	445	0	0	102	0	0	0	0	318	0	0	0	0	0	859	0	316	0	0	0	0	478	0	5	47	72	0	0	4	83	0	210	4	132	0	0	19	0	0	0	0	0	0	0	0	0	11085	0	0	0
4195.1.lib29	0	85	0	0	0	0	0	0	0	0	0	0	0	0	0	0	0	0	0	0	0	0	0	0	0	0	0	0	0	0	0	0	0	0	0	0	8	105	0	0	3	0	0	0	0	0	0	0	29	0	0	0	0	0	0	0	3	0	0	5	153	855	0	0	15	0	0	0	0	0	74	1588	96	88	166	0	0	0	178	0	0	0	659	0	0	0	0	15	0	83	0	0	0	131	4683	7	23	0	31	0	0	0	0	0	0	0	0	0	6	0	0	0	0	0	0	0	0	1243	290	14	0	0	8	0	0	0	0	0	0	0	0	0	0	0	0	0	0	0	0	0	0	0	0	0	0	6	36	0	0	0	0	6	1794	22	0	0	0	0	0	0	0	4	0	0	0	0	0	0	0	0	0	7	7	0	0	0	0	153	0	0
M001.TI	0	0	0	0	0	171	0	17	0	2	0	0	54	58	5526	0	194	0	178	74	24	0	0	0	0	0	546	0	325	0	244	0	0	0	0	0	80	119	8	0	9	0	0	0	0	0	0	0	0	0	6	0	139	0	26	4	0	0	0	0	61	2378	129	249	1243	15	146	182	69	0	4	2122	34	21	73	1	0	0	59	144	87	0	85	0	0	0	8	7	0	108	0	0	0	0	755	177	2567	3	162	3	36	120	261	11	43	28	0	60	19	28	28	13	0	0	0	15	0	2272	0	18	25	6	14	293	9	3	10	106	0	18	19	5	33	3	0	0	0	0	9	0	0	0	0	448	0	0	0	0	0	144	1867	0	0	0	0	0	0	0	0	0	0	0	0	0	0	0	0	0	0	0	0	0	0	0	0	0	0	0	0	0
M002.TI	0	106	0	0	0	71	0	4	27	0	0	0	0	30	7597	985	0	7	206	42	0	0	170	0	0	0	268	0	1151	0	0	0	716	0	0	0	177	0	13	0	46	0	5	0	0	0	0	0	176	35	0	2	0	0	0	0	514	0	0	1280	30	1018	0	34	95	70	0	0	0	0	37	1502	0	0	0	0	0	0	3	15	4	0	0	0	11	0	18	0	0	47	0	3	0	0	31	1305	3792	0	14	0	1775	273	401	0	287	80	0	13	0	7	0	76	121	0	0	2	0	0	0	100	282	5	0	0	98	0	0	92	0	0	74	0	13	13	0	0	14	0	50	0	0	87	26	582	0	0	18	22280	0	0	0	877	570	17	0	22	0	0	0	0	0	0	0	0	0	0	0	0	0	0	0	0	0	0	0	0	0	0	0	0
M003.TI	0	0	0	0	0	0	0	5	20	0	0	0	0	0	2611	338	0	0	9	96	15	0	0	0	0	0	165	0	261	37	32	58	0	11	0	0	47	291	0	0	2	0	0	0	0	0	0	0	37	2	0	0	5	0	0	0	0	0	0	390	23	509	0	271	339	0	0	270	9	0	0	1286	70	0	31	0	0	0	60	101	22	0	225	0	0	26	0	0	0	76	0	5	0	0	0	867	196	11	68	3	26	12	30	0	18	11	0	2	0	0	0	26	4	0	0	3	0	672	7	58	13	0	4	29	0	0	0	0	0	3	0	0	0	0	4	0	4	0	0	0	0	0	403	371	0	0	55	0	0	34	98	0	3860	0	0	0	0	0	0	0	0	0	0	0	0	0	0	0	0	0	0	0	0	0	0	0	1177	627	0	0
M004.TI	0	0	0	0	0	374	0	6	0	0	3	0	13	16	2379	265	0	0	0	38	0	0	0	91	0	0	119	0	229	0	5	74	0	0	0	0	0	52	0	0	6	0	0	0	0	0	0	0	0	0	0	0	190	0	113	4	0	0	0	0	177	1167	10	100	70	0	7	128	4	0	0	1297	0	10	7	2	0	0	77	73	46	0	83	0	0	2	0	0	3	404	0	7	0	53	0	105	1013	0	28	0	8	6	41	0	30	36	0	13	2	6	11	16	3	0	0	0	0	1759	0	15	0	0	12	205	0	0	0	10	3	2	0	0	13	0	11	0	0	5	0	0	0	0	0	0	4	0	0	0	0	0	169	0	53	0	0	0	0	0	7	0	0	0	0	0	0	0	0	0	0	0	0	0	0	0	0	0	0	0	0	0
M005.TI	0	0	0	0	0	61	5	3	0	0	0	29	0	0	3646	747	164	0	24	28	50	0	0	0	0	0	117	0	88	0	4	52	158	0	0	0	8	20	4	0	0	0	0	0	0	0	0	0	12	0	0	0	14	0	32	0	0	0	0	2	6	113	0	57	168	0	0	10	3	0	0	819	0	0	0	2	0	0	181	529	0	0	2294	0	0	0	0	0	0	45	0	0	0	15	42	1235	1529	0	0	0	87	50	76	0	47	0	22	68	30	6	0	32	10	0	0	0	0	1673	0	51	110	0	0	13	37	0	0	17	0	0	34	0	0	0	0	0	0	0	0	0	0	0	0	78	0	0	9	0	0	105	5	621	0	0	0	2151	0	0	0	0	0	0	0	0	0	0	0	0	0	0	0	2	0	0	0	0	0	0	0	0
M006.TI	3	158	6	0	0	178	16	0	3	0	0	24	0	44	3385	132	0	0	7	23	0	0	0	0	0	0	242	0	238	0	0	45	0	2	0	0	2	640	0	0	0	0	0	0	0	0	0	0	81	0	0	5	35	0	27	0	0	0	0	868	1226	2761	224	388	340	19	0	63	41	0	0	2922	74	14	88	46	0	0	115	195	25	2	519	0	6	0	5	61	0	273	0	60	0	0	89	263	1150	6	139	5	69	28	12	8	27	6	0	57	0	42	0	17	12	0	0	0	4	4705	0	72	0	0	3	361	10	0	8	10	3	12	10	0	0	3	18	0	0	0	15	0	25	0	92	0	10	0	35	0	16	0	0	2374	48	16	0	0	0	0	0	0	0	0	0	0	0	0	0	0	0	0	0	0	0	0	0	0	0	6	0	0
M007.TI	2	0	3	0	0	0	0	0	0	0	0	0	0	0	3141	69	0	0	0	12	0	0	36	0	0	0	44	0	363	0	0	43	0	0	0	0	88	0	0	0	2	0	788	9	0	0	0	0	154	9	0	2	0	0	0	0	3	0	0	0	0	155	0	0	0	0	0	0	0	0	7	1121	0	0	0	0	0	0	0	4	0	0	44	0	217	0	0	0	0	0	0	0	0	0	773	1280	159	0	0	0	38	4	0	0	0	0	0	0	0	0	0	0	19	0	0	0	0	0	0	12	0	0	0	0	47	0	0	0	0	0	0	0	0	0	0	0	0	0	0	8	1696	0	0	12	0	10	6	2706	0	0	0	51	708	0	0	0	0	0	0	0	0	0	0	0	0	0	0	0	0	0	0	0	0	0	0	0	0	0	0	0
M008.TI	0	40	0	0	0	60	0	0	0	0	0	15	0	0	12276	0	0	0	0	880	0	0	0	0	0	0	1400	0	336	0	0	173	0	0	0	0	0	272	0	0	0	59	475	0	0	0	0	0	9	0	0	0	1326	390	162	0	92	0	0	1103	42	1367	48	1625	271	23	0	272	17	0	0	1559	0	28	0	294	0	0	383	950	0	0	1558	0	0	0	0	0	0	118	0	3	0	13	11	1019	4210	0	77	0	0	23	44	94	16	0	68	841	243	905	52	76	0	0	0	0	0	10743	0	0	1	0	545	426	0	0	82	75	658	0	645	17	0	4	0	0	0	0	60	0	728	0	0	397	89	0	0	0	0	679	0	302	1002	0	0	2095	0	0	0	0	0	0	0	0	0	0	0	0	0	0	0	0	0	0	0	0	0	0	0	0
M010.TI	0	9	0	0	0	69	0	9	0	0	0	30	0	2	4106	164	0	6	20	56	0	0	128	0	0	0	213	0	26	23	8	0	8	0	540	0	5	40	0	0	5	0	0	0	0	2	3	0	7	2	0	0	226	0	8	0	7	0	0	115	0	365	451	404	557	2	0	95	58	0	0	958	35	62	10	40	0	0	237	150	9	0	52	0	0	0	0	23	0	30	0	9	3	9	0	422	2695	10	23	11	157	0	0	2	0	0	0	111	58	29	3	60	0	0	0	7	0	5979	15	33	7	0	56	205	1	4	0	32	0	0	12	0	27	5	9	0	0	0	140	0	11	0	0	0	8	0	1	0	0	66	114	0	3720	0	0	10	0	0	0	0	0	0	0	0	0	0	0	0	0	0	0	0	0	0	0	0	0	0	0	0
M011.TI	0	72	0	0	0	0	0	0	6	0	0	0	0	0	2270	107	78	0	0	28	0	0	0	0	0	0	67	0	832	0	48	12	0	0	0	0	6	24	0	0	0	15	16	0	0	0	0	0	4	0	0	0	95	0	201	3	122	0	0	1211	275	910	0	36	129	8	43	19	4	0	0	523	52	15	7	16	0	0	60	148	0	0	487	11	0	0	0	27	0	105	0	0	0	19	0	129	2612	5	21	0	38	81	17	0	38	0	25	50	3	26	0	17	4	0	0	0	0	8385	6	115	6	0	0	863	7	0	0	20	0	0	0	0	16	0	0	0	0	0	164	0	0	0	0	0	0	0	0	0	0	78	0	266	30	0	0	32	0	0	0	0	0	0	0	0	0	0	0	0	0	0	0	0	0	0	0	0	0	0	0	0
M012.TI	3	71	0	0	0	199	56	0	28	0	0	0	0	0	5815	628	0	0	0	66	0	0	1518	0	0	0	476	0	1318	0	73	53	0	4	0	0	50	1219	0	0	29	20	0	0	0	0	0	0	123	0	0	0	33	11	58	39	0	0	0	882	83	1796	0	1381	507	46	0	1513	36	0	0	4428	417	0	276	0	0	0	71	40	93	0	1732	20	272	0	5	95	0	355	0	12	0	0	1517	1533	2313	16	224	0	129	126	157	23	48	73	20	49	0	21	2	29	5	9	39	3	21	4054	0	191	100	0	14	348	5	120	6	105	0	20	20	5	2	3	0	0	0	2	20	0	0	0	0	648	0	4	168	15	0	437	9	5875	0	7	0	27	0	0	0	0	0	0	0	0	0	0	0	0	0	0	0	0	0	0	0	0	0	0	0	0
M013.TI	0	164	56	1	12	192	0	0	0	0	0	54	94	0	2011	28	0	0	0	13	29	0	133	0	0	0	104	0	712	349	3	8	0	2	0	0	0	330	0	0	0	0	0	0	0	0	0	0	1135	46	0	25	686	0	36	4	21	0	0	391	312	1765	469	1233	993	0	0	286	277	0	0	824	52	114	484	168	0	161	499	198	156	6	244	0	0	73	0	14	0	221	13	46	0	259	0	885	4363	0	129	0	21	21	2	19	0	3	0	75	64	77	0	17	0	0	0	0	0	16850	0	89	0	6	176	790	0	0	0	0	0	0	59	27	0	0	24	0	0	0	0	0	0	0	0	3	23	0	310	0	0	8	191	0	202	127	0	8	0	0	0	0	0	0	0	0	0	0	0	0	0	0	0	0	0	0	0	0	0	0	0	0
M014.TI	0	329	6	0	0	0	2	0	0	0	9	22	0	0	2136	210	0	0	16	36	0	1769	130	0	0	425	146	0	122	0	0	25	0	3	0	0	0	135	0	0	0	0	0	0	0	0	0	0	47	0	0	0	284	0	216	19	117	0	0	2079	142	979	74	204	95	0	0	186	78	0	0	1191	138	24	63	104	13	0	239	20	7	0	438	0	0	0	0	96	0	59	0	0	0	98	0	0	2325	20	34	3	53	24	74	6	23	12	10	248	91	53	41	2	0	0	0	0	0	4715	15	35	0	0	359	138	0	152	6	5	11	0	4	0	10	13	4	0	0	0	0	0	3	12	0	462	0	0	53	0	0	129	567	0	0	125	0	0	0	0	0	0	0	0	0	0	0	0	0	0	0	0	0	0	0	0	0	7	0	0	43	0
M015.TI	0	208	0	0	0	91	8	12	0	0	0	0	0	0	2032	656	0	20	0	30	15	0	411	0	0	0	329	18	207	0	81	57	0	10	0	0	0	33	0	0	0	3	0	0	0	0	0	0	0	0	18	0	455	35	220	31	0	0	6	495	112	1030	321	1332	337	0	0	273	24	0	0	1445	15	49	207	13	14	40	186	66	159	0	158	0	0	0	0	61	0	93	0	71	15	88	0	121	2658	33	84	0	27	0	30	82	18	14	0	221	82	122	43	6	3	0	0	0	22	7831	0	64	0	3	614	902	0	0	0	38	65	0	81	9	0	13	12	0	0	0	0	0	21	0	0	0	103	0	0	0	0	277	238	139	0	0	0	54	0	0	0	0	0	0	0	0	0	0	0	0	0	0	0	0	0	0	0	0	0	0	0	0
M016.TI	0	24	0	0	0	18	0	4	0	0	0	0	3	0	3095	317	51	3	0	26	0	0	0	0	235	0	220	0	254	0	21	45	0	0	0	0	0	17	0	0	3	0	0	0	0	0	0	0	27	6	0	0	81	0	18	0	0	5	0	48	202	259	17	167	277	7	0	32	2	0	0	278	0	9	0	17	0	0	39	77	8	0	29	0	0	0	0	0	0	21	7	0	0	0	33	4691	385	0	0	11	27	7	4	13	0	5	0	137	53	38	5	28	0	0	0	0	0	6257	2	76	0	0	2	241	7	0	0	26	0	0	4	0	0	6	6	0	0	0	0	0	0	0	0	36	0	2	5	4	4	147	0	823	133	5	0	19	3	0	0	0	0	0	0	0	0	0	0	0	0	0	0	0	0	0	0	0	0	0	0	0
M017.TI	0	824	0	0	0	326	141	60	0	54	0	0	131	0	5807	0	0	0	155	166	0	0	0	0	0	0	2315	0	147	0	639	101	0	0	0	0	9	48	0	107	2	31	0	0	34	0	2	0	8	0	0	0	547	91	777	14	10	0	0	519	69	2088	86	2654	270	15	12	460	75	0	0	1518	35	50	130	159	0	0	134	158	74	0	24	20	0	108	3	65	0	301	0	29	64	44	0	307	1442	52	26	15	126	36	343	93	94	37	6	761	86	193	75	6	13	5	272	6	48	10285	14	95	29	14	397	793	10	88	6	213	46	13	145	0	27	42	121	0	11	0	31	0	0	0	0	616	59	0	14	0	6	100	25	497	35	0	13	1425	0	0	0	0	0	0	0	0	0	0	0	0	0	0	0	0	0	0	0	0	0	0	0	0
M022.TI	0	855	0	0	0	242	0	11	2	0	0	0	0	31	6983	1384	0	0	118	291	0	0	0	0	0	0	4183	0	384	0	0	76	0	0	0	0	0	75	0	0	2	6	0	0	1036	0	0	17	200	0	23	0	3973	161	940	437	7	0	14	1096	307	642	85	2191	361	0	0	971	15	0	0	390	73	40	61	1977	0	0	162	118	16	0	26	0	0	120	4	14	0	139	0	207	0	60	0	28	1153	111	0	4	50	0	40	325	47	0	0	2185	120	1833	144	75	25	0	0	8	7	9548	2	95	0	17	573	1644	15	89	0	117	473	0	313	0	92	64	39	0	0	0	0	0	61	0	0	1369	0	0	399	13	0	372	0	2198	0	56	0	0	0	0	0	0	0	0	0	0	0	77	0	0	0	0	0	0	0	0	0	0	0	0	0	0
M023.TI	0	0	0	0	0	94	0	2	0	13	0	17	56	173	4255	131	70	29	53	53	0	0	0	0	0	0	484	0	305	0	73	8	0	0	0	0	0	347	0	88	0	0	0	0	0	0	0	0	9	0	0	0	352	4	339	5	0	0	0	201	436	1477	12	1253	639	0	25	191	10	0	0	643	147	9	147	59	0	183	254	190	59	0	390	0	0	0	0	288	0	63	0	22	0	133	0	204	4034	60	238	0	69	34	87	0	12	0	12	330	66	38	12	40	0	0	0	3	0	13340	0	49	15	0	43	436	0	0	0	18	5	4	12	0	68	14	46	0	0	0	0	0	12	0	0	980	0	0	0	0	0	698	13	1618	0	0	0	0	0	0	0	0	0	0	0	0	0	0	0	0	0	0	0	0	0	0	0	0	0	0	0	0
P301TI1R.lib20	0	125	0	2	0	212	0	75	0	12	0	87	0	0	3983	915	0	0	14	30	276	0	0	0	0	0	429	0	119	0	67	85	0	0	0	0	37	172	0	0	4	2	75	3	0	0	0	0	2	0	0	0	24	0	0	6	134	0	0	65	14	496	0	277	353	0	0	200	10	0	0	424	0	9	38	0	0	0	37	79	9	0	86	0	0	0	2	0	0	21	0	0	5	61	0	1210	925	0	38	0	22	69	306	6	83	64	38	51	16	25	9	71	2	2	0	5	75	1164	6	370	94	0	45	299	6	0	2	41	0	70	13	7	16	8	6	0	0	0	59	0	14	0	0	764	0	0	0	2	0	357	38	543	25	0	0	142	0	0	0	0	0	0	0	0	0	0	0	0	0	0	0	0	0	0	0	0	0	0	0	0
P302TI1R.lib21	0	207	2	0	0	171	7	29	2	0	0	0	178	0	1966	0	0	0	0	0	0	0	0	0	0	0	261	0	258	12	362	75	0	2	0	0	95	738	3	0	18	0	0	13	0	0	0	43	2	0	0	0	49	0	99	4	0	0	0	60	167	884	29	73	274	0	0	355	3	0	3	455	2	5	76	10	0	0	41	17	5	0	10	0	2	5	0	4	0	134	2	0	6	127	0	5663	1067	5	49	0	33	34	87	0	27	14	0	52	23	10	0	34	7	0	0	0	0	2299	0	25	0	0	67	126	4	37	0	13	3	9	0	0	0	7	17	0	0	0	0	0	0	0	0	0	3	0	0	0	0	85	5	529	55	0	0	3	0	0	0	0	0	0	0	0	0	0	0	0	0	0	0	0	0	0	0	0	0	0	0	0
P304TI1R.lib21	0	240	0	0	0	211	0	0	0	3	0	80	0	105	3194	18	11	0	6	9	20	0	0	0	0	0	17	3	103	14	0	7	24	0	0	0	102	2651	0	0	0	0	86	0	0	0	0	0	16	0	0	0	51	0	0	6	1981	0	0	350	77	1545	603	718	826	0	0	1385	47	36	5	903	4	61	229	11	5	0	401	75	36	0	1113	0	0	2	0	74	0	95	0	25	0	263	0	1360	5029	4	833	0	24	0	10	0	0	0	0	0	14	0	24	0	0	0	0	0	0	6030	0	21	0	0	0	212	0	9	0	25	0	0	0	0	0	0	0	0	0	0	1646	0	18	0	0	128	0	0	10	0	0	3	11	655	1448	0	14	0	0	4	0	0	0	0	0	0	0	0	0	0	0	0	0	0	0	0	0	0	0	0	0	0
P305TI1R.lib20	4	5	9	7	0	18	0	5	15	0	0	0	0	14	7295	0	0	0	0	0	0	0	0	0	0	0	98	0	970	0	0	26	0	0	0	0	96	164	6	255	0	0	0	2	0	5	0	0	137	0	0	6	39	0	0	0	0	0	0	9	38	907	204	60	277	0	0	29	5	0	0	785	0	8	32	32	0	0	39	57	3	5	101	0	0	0	0	5	0	34	0	0	0	30	294	78	465	0	30	0	0	25	15	0	30	0	0	30	12	2	0	7	0	0	7	0	0	392	0	134	0	0	0	22	3	0	0	0	0	0	21	0	0	0	0	0	0	4	621	0	0	0	0	0	0	0	33	0	2	0	221	0	1726	103	0	0	0	0	0	0	0	0	0	0	0	0	0	0	0	0	0	0	0	0	0	5	0	0	46	0
P306TI1R.lib21	4	0	0	0	0	0	4	42	130	0	7	0	0	0	9586	679	112	0	68	95	0	0	14	0	0	0	455	0	512	0	19	169	24	0	0	0	600	307	45	0	49	0	0	36	0	0	0	0	30	0	0	2	21	40	28	11	0	4	0	176	134	1354	0	162	200	34	73	241	9	0	0	6903	37	4	0	4	0	0	12	108	22	0	125	320	0	21	0	35	13	171	0	8	0	378	200	1817	419	44	254	0	215	58	50	37	69	6	0	193	28	40	0	115	2	0	0	11	0	1861	23	145	11	2	45	41	18	0	0	20	0	0	63	11	0	35	14	0	15	0	58	0	9	23	33	510	0	0	0	278	0	61	0	1480	181	4	96	22	0	0	0	26	0	0	0	0	0	0	0	0	0	0	0	0	0	0	0	0	0	14	0	0
P307TI1R.lib21	0	93	0	0	0	283	13	7	0	0	0	66	17	82	4604	115	131	0	17	44	0	0	211	0	1149	19	273	6	413	99	91	0	68	0	157	0	36	367	0	574	6	0	0	0	0	2	0	0	118	4	0	10	291	14	146	25	11	0	2	14	109	2344	277	858	527	0	0	412	46	0	0	1044	19	33	61	55	0	0	75	148	53	0	155	0	0	0	0	142	0	196	21	12	0	123	0	1165	3629	22	55	0	96	52	50	32	11	4	0	152	40	120	8	8	39	0	4	0	0	8338	106	115	0	0	72	178	3	51	3	69	0	22	34	14	0	32	0	0	0	0	97	0	68	0	0	0	85	0	33	6	0	10	5	2747	55	16	0	29	0	0	0	0	0	0	0	0	0	0	0	0	0	0	0	0	0	0	0	0	0	0	0	0
P308TI1R.lib20	0	0	0	0	0	53	2	7	0	0	0	10	6	8	1884	355	83	0	58	65	0	0	17	0	37	33	534	0	96	4	28	29	0	0	0	0	0	9	0	0	0	12	5	0	17	0	0	0	9	0	8	0	128	14	89	7	25	0	0	28	4	330	127	772	165	0	0	23	24	0	0	455	4	10	5	6	6	0	35	19	3	0	75	0	0	0	0	6	0	79	0	0	6	0	21	230	1257	0	3	0	37	5	114	5	50	6	4	65	27	148	4	18	0	4	0	0	0	5040	0	57	25	4	59	71	14	0	0	19	25	0	5	41	4	16	0	0	0	0	194	0	12	10	19	0	14	0	0	0	0	29	17	238	0	2	1	2131	0	0	0	0	0	0	0	0	0	0	0	0	0	0	0	0	0	0	0	0	0	0	0	0
P310TI1R.lib21	0	61	0	0	0	369	0	5	0	0	0	25	17	34	7189	332	0	0	29	38	435	0	75	53	0	0	351	0	392	0	136	4	0	0	0	232	22	53	0	43	0	0	0	0	0	0	0	0	67	11	2	0	99	0	34	0	3	0	5	106	322	3452	928	351	1458	0	0	177	53	0	0	914	75	27	72	49	0	9	204	132	58	0	148	0	6	13	0	92	0	309	0	7	2	18	0	1871	1336	61	67	0	169	0	75	0	59	0	0	42	51	6	19	11	0	0	9	0	0	5409	0	184	0	0	131	175	0	0	0	18	0	3	29	68	0	23	5	0	0	0	39	0	14	0	0	267	0	0	83	0	0	506	29	3463	74	12	0	93	0	0	0	0	0	0	0	0	0	0	0	0	0	0	0	0	0	0	0	0	0	0	0	0
P314TI1R.lib21	6	176	0	0	0	368	0	224	2	0	5	363	0	0	6970	328	165	0	0	162	0	0	0	0	0	0	585	0	609	0	211	9	0	0	0	0	17	321	0	0	0	89	0	0	6	0	0	0	17	0	0	0	169	0	295	0	0	0	0	92	98	1813	417	1207	515	0	0	375	10	44	0	1651	0	9	108	0	0	0	179	315	181	0	107	0	0	0	15	18	3	319	0	3	0	44	53	2474	2981	8	217	26	292	48	176	9	62	26	0	180	7	82	14	54	24	0	0	0	0	5116	5	4	53	0	63	267	20	50	6	27	19	17	16	0	105	6	25	0	0	2	3	0	0	0	0	576	9	0	8	0	0	740	29	1590	830	0	0	0	0	0	0	0	0	0	0	0	0	0	0	0	0	0	0	0	0	0	0	0	0	0	0	0
P318TI1R.lib21	0	65	0	0	0	71	0	3	0	0	0	0	10	17	672	550	20	7	61	3	0	1464	23	92	853	0	7	48	359	0	78	26	0	6	28	0	0	20	0	0	3	0	0	0	0	0	3	0	23	0	0	4	284	5	28	2	0	0	2	6	16	371	70	356	273	0	0	56	12	28	0	351	2	30	7	46	0	0	84	291	16	0	45	0	0	0	0	0	0	33	8	0	0	0	0	4114	1009	2	56	0	91	14	50	0	16	5	0	111	15	59	9	0	0	0	0	0	0	4427	0	7	30	0	9	121	0	0	0	16	9	0	7	0	16	115	6	0	0	0	0	0	3	0	0	640	0	0	8	0	5	49	0	540	0	3	0	0	0	0	0	0	2	0	0	0	0	0	0	0	0	0	0	0	0	0	0	0	0	0	0	0
P320TI1R.lib20	0	49	0	0	0	4	3	5	10	0	0	12	4	4	3062	74	11	0	44	94	47	0	168	0	0	0	396	0	335	126	183	37	317	0	0	0	69	66	20	71	4	3	0	0	0	0	0	0	7	0	0	0	224	5	15	33	130	2	0	42	4	406	109	304	128	5	0	90	14	0	0	344	3	5	14	73	0	0	11	74	29	0	60	0	0	3	76	4	4	5	6	8	2	48	0	1655	592	0	15	7	120	48	88	13	90	78	0	82	19	19	34	39	15	0	16	2	0	1395	15	54	125	3	140	125	34	12	12	25	0	12	45	8	0	7	21	0	0	0	6	0	0	0	0	560	0	0	3	0	0	64	32	222	244	0	4	147	0	0	0	0	0	0	0	0	0	0	0	0	0	0	0	0	0	0	0	0	0	0	0	0
P321TI1R.lib21	20	0	0	0	0	33	0	0	0	0	0	10	0	0	805	0	36	3	11	0	7	0	0	0	0	0	104	0	116	0	0	21	3	0	0	0	25	25	0	0	0	3	1629	4	11	0	0	0	206	9	0	4	61	13	0	13	10827	0	0	0	30	132	0	55	219	0	0	20	7	0	4	65	3	4	3	10	0	0	17	0	9	4	3	0	0	0	0	0	0	28	0	0	0	7	0	153	150	0	11	0	12	0	2	6	8	6	0	33	9	18	2	20	3	0	0	0	3	524	0	0	9	0	6	37	0	0	0	16	4	0	0	0	3	3	0	0	0	3	0	0	68	1226	0	38	0	0	6	0	0	2	0	0	257	6	0	31	0	0	0	0	0	0	0	0	0	0	0	0	0	0	0	0	0	0	0	0	0	0	0	0
P323TI1R.lib20	0	6	0	0	0	167	814	42	2	4	0	0	0	0	1457	274	43	0	8	47	24	0	11	0	0	0	222	0	46	21	25	38	0	0	0	0	3	55	0	0	5	0	0	0	0	0	0	0	4	0	0	0	37	0	6	0	12	0	0	153	84	892	26	511	649	0	0	143	50	0	0	926	9	7	10	2	0	2	63	301	19	0	131	0	0	0	0	4	0	17	0	4	0	11	0	1938	1211	0	7	0	48	19	20	0	20	4	0	72	10	12	5	99	3	0	0	4	0	8641	0	71	36	0	15	231	10	2	0	10	0	0	0	0	0	9	54	0	0	2	0	0	6	0	0	247	0	0	5	0	0	208	0	199	126	6	0	55	0	0	0	0	0	0	0	0	0	0	0	0	0	0	0	0	0	0	0	0	0	0	0	0
P325TI1R.lib20	0	20	2	0	43	468	0	0	0	2	0	23	0	22	3876	0	37	0	21	29	38	0	0	0	0	0	190	0	564	2	18	40	0	0	0	0	222	356	0	0	14	0	0	8	0	0	0	0	10	0	0	0	79	0	367	2	0	0	0	279	152	1377	69	129	391	0	0	150	50	0	0	573	19	25	40	38	0	0	69	80	7	0	181	7	0	0	0	10	0	108	0	24	4	127	12	710	3579	0	161	0	25	21	66	0	15	64	61	28	8	20	0	154	0	3	0	10	0	2877	5	112	14	3	23	160	18	0	4	55	0	4	13	8	0	25	41	0	2	0	6	0	3	0	0	370	0	0	16	0	0	379	2	414	0	0	0	564	0	0	0	0	0	0	0	0	0	0	0	0	0	0	0	0	0	0	0	0	0	0	0	0
P326TI1R.lib20	0	639	0	0	0	679	0	3	0	0	0	9	31	163	3152	0	0	0	50	27	0	0	85	0	0	0	121	0	475	0	15	11	5	0	0	0	26	609	0	0	0	14	0	0	0	0	0	0	13	3	0	5	52	0	7	0	6	0	0	1011	365	2668	188	270	616	0	0	1426	5	0	0	225	28	34	15	27	0	0	37	18	14	0	389	0	0	0	0	27	0	119	0	20	0	131	30	960	633	10	146	0	21	6	8	0	7	23	0	19	5	9	0	6	0	0	0	0	0	2145	0	26	0	0	102	177	0	52	0	11	0	0	11	0	0	8	14	0	0	0	2	0	0	0	0	0	92	0	6	2	0	49	2	1203	0	0	1	0	0	0	0	0	0	0	0	0	0	0	0	0	0	0	0	0	0	0	0	0	0	0	0	0
P329TI1R.lib20	0	0	0	0	0	30	0	0	0	0	0	3	0	0	1244	363	57	0	11	26	0	0	33	0	566	50	409	0	133	0	0	6	0	0	93	0	0	10	3	0	0	0	0	0	0	0	0	0	2	0	0	0	72	0	49	3	0	0	2	36	0	553	9	108	149	10	0	232	5	0	6	299	5	6	24	28	0	19	32	34	25	0	116	0	0	0	0	21	0	16	96	0	0	9	0	38	566	17	25	0	24	4	15	16	0	0	0	82	26	66	0	9	3	0	16	0	0	3187	10	44	5	0	386	313	0	0	0	32	0	0	15	0	0	13	2	0	0	0	5	0	27	0	0	0	26	0	0	2	0	0	6	648	27	0	9	6	0	0	0	0	2	0	0	0	0	0	0	0	0	0	0	0	0	0	0	0	0	0	0	0
P333TI1R.lib20	0	22	2	3	0	58	16	26	2	0	0	0	0	0	1700	184	27	3	15	24	39	0	0	0	0	0	264	0	156	0	49	16	0	3	92	0	28	83	0	0	0	46	0	0	0	0	0	0	31	7	2	0	175	0	64	0	0	0	0	37	38	667	142	220	423	0	0	123	28	0	0	164	7	35	23	55	0	0	81	122	18	0	90	0	0	0	0	12	0	24	0	2	7	3	0	811	856	7	106	0	15	2	7	6	9	2	4	166	35	56	21	26	0	0	0	2	0	4748	0	20	13	0	17	116	2	26	0	22	3	0	2	11	0	20	0	0	0	0	4	2	5	0	44	472	6	0	27	14	2	6	138	0	66	0	4	8	0	0	0	0	0	0	0	0	0	0	0	0	0	0	0	0	0	0	0	0	0	0	0	0
P334TI1R.lib20	6	0	0	0	0	244	0	0	0	9	0	38	57	70	56	0	0	0	13	5	54	835	35	0	182	0	4	13	29	0	0	0	18	0	0	1287	0	0	0	328	0	0	2	0	0	0	0	0	18	0	0	0	92	0	0	28	2	0	4	69	184	1197	27	728	653	0	0	681	6	13	0	81	15	13	53	6	0	0	36	2	64	0	46	0	0	0	0	23	0	129	27	0	3	72	0	1223	456	4	36	17	83	0	15	8	9	0	0	148	29	32	18	8	0	0	0	0	0	2959	0	9	2	0	260	113	0	44	6	15	0	0	26	47	0	8	6	10	0	0	9	0	0	0	0	13	149	0	0	0	0	0	15	607	0	2	5	0	0	0	0	0	32	0	0	0	0	0	0	0	0	0	0	0	0	0	0	0	0	0	0	0
