feature	Actinomyces	Bifidobacterium	Rothia	Cutibacterium	Collinsella	Adlercreutzia	Eggerthella	Senegalimassilia	Slackia	f__Eggerthellaceae.g__uncultured	Bacteroides	Barnesiella	Coprobacter	Butyricimonas	Odoribacter	Muribaculaceae	Paraprevotella	Prevotella_7	Prevotella_9	Alistipes	Parabacteroides	Parasediminibacterium	Gastranaerophilales	Bilophila	Desulfovibrio	Erysipelatoclostridium	Erysipelotrichaceae_UCG.003	Faecalitalea	Holdemania	Merdibacter	Turicibacter	X.Clostridium._innocuum_group	Enterococcus	Streptococcus	o__Lactobacillales.f__unassigned.g__unassigned	Gemella	Christensenellaceae_R.7_group	f__Christensenellaceae.g__unassigned	f__Christensenellaceae.g__uncultured	Clostridia_UCG.014	Clostridia_vadinBB60_group	Clostridium_sensu_stricto_1	Agathobacter	Anaerostipes	Blautia	CAG.56	Coprococcus	Dorea	Eisenbergiella	Fusicatenibacter	GCA.900066575	Hungatella	Lachnoclostridium	Lachnospira	Lachnospiraceae_FCS020_group	Lachnospiraceae_ND3007_group	Lachnospiraceae_NK4A136_group	Lachnospiraceae_UCG.003	Lachnospiraceae_UCG.004	Lachnospiraceae_UCG.010	Marvinbryantia	Roseburia	Sellimonas	Tuzzerella	Tyzzerella	UC5.1.2E3	X.Eubacterium._eligens_group	X.Eubacterium._fissicatena_group	X.Eubacterium._hallii_group	X.Eubacterium._ruminantium_group	X.Eubacterium._ventriosum_group	X.Eubacterium._xylanophilum_group	X.Ruminococcus._gauvreauii_group	X.Ruminococcus._gnavus_group	X.Ruminococcus._torques_group	f__Lachnospiraceae.g__unassigned	Monoglobus	Butyricicoccus	Colidextribacter	Flavonifractor	Intestinimonas	NK4A214_group	Oscillibacter	Oscillospira	UCG.002	UCG.003	UCG.005	f__Oscillospiraceae.g__unassigned	f__Oscillospiraceae.g__uncultured	Anaerotruncus	Candidatus_Soleaferrea	DTU089	Faecalibacterium	Fournierella	Incertae_Sedis	Negativibacillus	Ruminococcus	Subdoligranulum	UBA1819	X.Eubacterium._siraeum_group	f__Ruminococcaceae.g__unassigned	f__Ruminococcaceae.g__uncultured	UCG.010	X.Clostridium._methylpentosum_group	X.Eubacterium._coprostanoligenes_group	Peptococcus	f__Peptococcaceae.g__uncultured	Family_XIII_AD3011_group	Family_XIII_UCG.001	Intestinibacter	Romboutsia	Phascolarctobacterium	Dialister	Veillonella	Fusobacterium	Methylobacterium.Methylorubrum	o__Rhodospirillales.f__uncultured.g__uncultured	Methylotenera	Janthinobacterium	Parasutterella	Sutterella	Escherichia.Shigella	Klebsiella	f__Enterobacteriaceae.g__unassigned	Haemophilus	Pseudomonas	Akkermansia	f__Coriobacteriales_Incertae_Sedis.g__uncultured	Enterorhabdus	f__Barnesiellaceae.g__uncultured	Alloprevotella	Prevotellaceae_NK3B31_group	Rikenellaceae_RC9_gut_group	Tannerellaceae	f__Desulfovibrionaceae.g__uncultured	Anaeroplasma	Dielma	Holdemanella	f__Erysipelotrichaceae.g__unassigned	Izemoplasmatales	Lactococcus	RF39	Anaerofustis	Defluviitaleaceae_UCG.011	Frisingicoccus	Howardella	Lachnospiraceae_UCG.001	Shuttleworthia	UCG.008	UCG.009	Pseudoflavonifractor	Hydrogenoanaerobacterium	Anaerofilum	Angelakisella	CAG.352	Caproiciproducens	Paludicola	Phocea	o__Oscillospirales.f__uncultured.g__uncultured	X.Eubacterium._brachy_group	Parvimonas	Peptostreptococcus	Terrisporobacter	Acidaminococcus
4002.III.2.lib30	2	568	0	0	323	0	0	0	0	0	5783	0	0	0	0	0	0	0	0	900	0	0	1083	423	0	50	874	0	0	0	0	8	0	21	0	0	0	0	0	0	0	0	145	2137	15336	0	0	15	0	543	0	30	1868	403	0	0	0	0	0	116	0	113	319	0	0	0	0	0	41	0	0	0	0	529	4453	1342	16	133	32	594	25	0	239	0	0	446	0	0	0	11	15	0	13110	0	0	0	0	411	0	0	0	0	0	0	41	0	0	0	0	0	0	0	155	170	0	0	1058	0	0	0	25	554	0	184	0	0	0	0	0	0	0	0	0	0	0	0	0	0	0	0	0	0	0	0	0	0	0	0	0	0	0	0	0	0	0	0	0	0	0	0	0	0	0	0
4002.V.3.lib30	0	201	0	0	149	0	0	0	0	0	4390	0	0	0	0	0	0	0	0	617	0	0	964	446	0	16	180	0	0	0	0	0	0	3	0	0	0	0	0	0	0	0	66	637	4245	0	0	4	0	216	0	21	881	228	0	0	0	0	0	144	0	35	69	0	0	0	0	0	13	0	0	0	0	141	1851	666	13	57	16	130	5	0	85	0	0	260	0	0	0	0	0	0	8191	0	0	0	0	253	0	0	0	0	0	0	25	0	0	0	0	0	0	0	70	223	0	0	1162	0	0	0	27	381	0	101	0	0	0	0	0	0	0	0	0	0	0	0	0	0	0	0	0	0	0	0	0	0	0	0	0	0	0	0	0	0	0	0	0	0	0	0	0	0	0	0
4002.VI.4.lib30	5	150	0	0	71	0	0	0	0	0	4781	0	0	0	0	0	0	0	0	847	0	0	906	324	0	12	134	0	0	0	0	0	0	0	0	0	0	0	0	0	0	0	90	412	2658	0	0	0	0	176	0	29	798	276	0	0	0	0	0	202	0	23	93	0	0	0	0	0	21	0	0	0	0	72	1448	556	4	43	22	152	6	0	125	0	0	294	0	0	0	0	0	0	7402	0	0	0	0	179	0	0	0	0	0	0	25	0	0	0	0	0	0	0	85	206	0	0	1038	0	0	0	46	161	0	106	0	0	0	0	0	0	0	0	0	0	0	0	0	0	0	0	0	0	0	0	0	0	0	0	0	0	0	0	0	0	0	0	0	0	0	0	0	0	0	0
4004.III.2.lib30	19	10	9	0	162	0	14	0	54	175	10182	865	184	99	465	0	0	0	0	1185	909	0	0	0	0	11	203	0	0	0	0	6	4	1659	23	6	23	0	0	0	0	720	76	33	1532	0	223	919	145	111	16	78	392	72	26	8	0	0	179	0	86	8426	12	2	0	0	49	0	182	0	0	0	190	0	296	3573	4	193	64	8	66	11	15	0	749	302	34	18	128	7	0	0	4035	0	18	39	9	97	0	3	0	95	0	12	7	0	3	11	32	233	0	711	0	285	83	0	0	0	0	0	1122	4606	0	7	743	7	0	0	90	2	0	0	0	0	0	0	0	0	0	0	0	0	5	0	0	0	0	0	0	5	0	0	0	0	0	0	0	0	0	0	0	0	0	0
4004.V.3.lib30	0	13	0	0	44	0	5	0	6	95	3977	261	43	36	109	0	0	0	0	323	255	0	0	0	0	2	27	0	0	0	0	0	0	274	3	2	6	0	0	0	0	264	23	8	479	6	94	320	59	29	11	10	148	22	9	1	0	0	52	0	37	1811	4	2	0	0	14	0	88	0	2	0	38	0	90	1129	0	85	28	0	27	9	18	5	748	146	23	13	72	0	2	0	1862	0	13	7	11	65	0	0	0	19	0	4	0	0	0	2	10	78	0	539	0	251	28	0	0	0	0	0	283	964	2	0	253	0	0	0	37	3	0	0	0	0	0	0	0	0	0	0	0	0	0	0	0	0	0	0	0	3	0	0	0	0	0	0	0	0	0	0	0	0	0	0
4004.VI.4.lib30	20	19	7	0	119	0	6	0	27	74	1668	157	22	16	51	0	0	0	0	168	123	0	0	0	0	7	68	0	0	0	0	0	0	497	9	0	5	0	0	0	3	207	31	11	504	0	112	319	40	47	2	12	82	12	6	5	0	0	38	0	27	1575	5	2	0	0	5	0	103	0	2	0	44	0	98	852	4	49	15	0	16	12	7	0	389	55	17	11	54	0	0	0	1308	0	5	8	14	29	0	0	0	31	0	12	4	0	0	5	9	91	0	296	0	118	27	0	0	0	0	0	197	576	0	0	143	0	0	0	55	0	0	0	0	0	0	0	0	0	0	0	0	0	0	0	0	0	0	0	0	0	0	0	0	0	0	0	0	0	0	0	0	0	0	0
4008.III.2.lib30	4	43	4	0	116	0	2	0	22	0	1881	0	0	0	0	0	0	0	0	0	0	0	0	0	0	2	33	0	0	0	0	0	0	60	0	0	12	0	0	0	0	237	44	219	2359	0	61	179	0	338	0	0	529	1264	2	28	6	0	54	0	6	158	0	0	383	0	33	0	156	0	0	0	0	352	234	648	8	0	0	8	0	0	0	3	5	0	0	0	4	0	0	0	348	0	4	0	5	73	0	0	0	0	0	0	0	0	0	0	0	18	0	0	0	5	0	0	0	0	0	11	0	6145	244	0	32	6	0	0	0	0	0	0	0	0	0	0	0	0	0	0	0	0	0	0	0	0	0	0	0	0	0	0	0	0	0	0	0	0	0	0	0	0	0	0
4008.V.3.lib30	2	471	4	0	576	9	31	0	190	0	9466	0	0	0	0	0	0	0	0	135	0	0	0	0	0	44	44	0	0	6	0	0	0	252	0	0	199	0	0	115	0	415	347	133	2361	0	266	712	0	474	13	0	463	682	47	130	124	0	322	2	43	1489	4	0	147	0	38	3	301	0	5	12	0	127	129	728	347	22	159	62	10	3	102	31	576	16	8	3	26	0	2	2	6627	0	26	0	408	474	0	0	0	8	0	0	27	0	0	16	7	64	0	0	495	41	0	0	0	0	0	232	0	12065	149	0	23	0	12	0	0	0	0	0	0	0	0	0	0	0	0	0	0	0	5	0	0	0	2	0	10	0	0	0	0	0	0	0	0	0	0	0	0	0	0	0
4008.VI.4.lib30	8	705	12	0	860	12	122	0	204	0	27409	0	0	0	0	0	0	0	0	364	0	0	0	0	0	93	40	0	0	15	0	6	0	346	9	0	440	0	0	176	0	513	546	205	5397	0	486	1425	0	699	27	10	609	1126	108	388	254	0	525	0	110	2456	0	4	211	0	67	0	530	0	12	0	0	288	212	1073	325	79	295	77	28	0	199	109	780	0	12	0	122	0	0	18	6680	0	95	0	912	1506	0	0	9	22	0	0	83	0	0	39	14	112	0	0	906	44	0	0	0	0	0	208	0	17106	157	1	65	3	64	0	0	0	0	0	0	0	0	0	0	0	0	0	0	0	5	0	0	0	10	0	22	0	0	0	0	0	0	0	0	0	0	0	0	0	0	0
4009.III.2.lib30	24	0	12	0	2161	0	31	524	0	0	17372	126	0	0	63	57	0	0	0	35	1137	0	26	0	0	0	357	0	0	0	0	0	404	389	4	0	0	0	0	0	0	46	245	863	9251	276	2081	1062	7	546	46	0	990	50	336	95	16	0	156	77	10	6640	0	0	0	0	18	0	677	0	0	0	188	0	706	4049	4	156	27	0	45	20	7	0	174	38	11	2	7	0	0	0	6532	0	15	0	57	6656	0	0	0	0	0	11	0	0	0	21	11	230	0	319	7	48	15	0	0	0	0	0	925	531	0	0	200	46	0	0	0	0	0	0	0	69	0	0	0	0	3	0	0	0	0	0	0	183	0	0	19	0	0	0	0	0	0	0	0	0	0	0	0	0	0	0
4009.V.3.lib30	8	0	5	2	876	0	6	273	0	0	7480	98	0	0	31	38	0	0	0	37	439	0	26	0	0	2	162	0	4	0	0	0	131	120	0	0	0	0	0	0	0	35	140	503	3911	107	885	496	11	375	17	6	544	21	220	27	13	0	84	61	16	3423	0	0	0	0	10	0	346	0	0	0	70	0	430	1989	5	87	21	10	56	12	0	2	183	40	0	0	3	0	3	0	3687	0	10	0	39	3075	2	0	0	0	0	3	0	0	0	11	6	134	0	200	9	32	9	0	0	0	0	0	519	180	0	0	61	27	0	0	0	0	0	0	0	22	0	0	0	0	0	0	0	0	0	0	0	99	0	0	0	0	0	0	0	0	0	0	0	0	0	0	0	0	0	0
4009.VI.4.lib30	6	0	14	0	964	0	33	282	0	0	5347	56	0	0	15	8	0	0	0	19	348	0	8	0	0	0	180	0	2	0	0	0	122	101	2	5	0	0	0	6	0	33	104	434	4425	95	798	519	8	266	12	0	386	13	172	45	14	0	86	48	11	3299	0	0	0	0	8	0	352	0	2	0	70	0	414	1736	3	80	26	4	43	7	0	0	144	36	9	0	7	2	2	0	3732	0	17	0	32	3436	0	8	0	6	0	11	7	0	0	6	2	111	0	255	10	36	0	3	0	0	0	0	375	199	0	0	91	33	0	0	0	0	0	0	0	13	0	0	0	0	0	0	0	0	0	0	0	108	0	0	0	0	0	0	2	0	0	0	0	0	0	0	3	0	0	0
4010.III.2.lib30	0	234	0	0	389	2	0	9	0	49	923	419	16	32	93	0	131	0	578	590	186	2	264	104	0	5	12	0	0	0	0	0	0	22	0	0	309	69	0	172	65	0	115	47	929	81	262	227	0	75	5	0	60	9	37	48	8	0	4	55	10	180	0	0	11	0	0	5	44	13	8	5	56	0	521	394	27	21	8	2	40	43	19	0	1020	44	185	27	32	0	4	4	1138	0	11	0	54	681	0	7	0	40	39	0	45	67	28	55	55	14	44	1164	0	0	0	0	0	0	0	5	106	0	0	0	27	2	681	0	0	0	0	0	0	0	0	0	0	0	0	0	0	0	0	0	0	0	0	0	0	0	2	0	5	0	0	0	2	0	0	0	0	0	0	0
4010.V.3.lib30	4	359	0	0	558	0	0	8	0	81	3085	1265	46	55	183	0	480	0	2020	1691	497	0	1001	317	0	0	9	0	2	0	0	0	2	21	0	0	748	192	0	546	414	25	377	231	1169	216	473	509	11	230	17	0	297	54	49	62	47	0	34	118	87	234	0	0	41	0	13	0	65	62	59	6	83	0	928	1283	47	53	59	0	132	44	43	19	3005	125	434	48	210	0	3	2	2696	0	71	10	190	1753	6	37	0	129	112	0	104	162	132	109	68	23	178	2582	0	11	0	0	0	0	0	8	362	0	0	0	31	0	2468	4	0	0	0	0	0	0	0	0	0	0	0	0	0	11	0	0	0	0	0	0	13	6	0	5	9	0	0	0	0	0	0	5	0	0	0	0
4010.VI.4.lib30	0	543	0	0	901	0	0	14	0	259	9289	2351	114	92	518	0	1206	0	4998	2912	1350	0	1193	490	0	6	29	0	0	0	0	0	4	26	0	0	1391	341	19	956	551	27	698	420	2363	456	959	832	9	400	39	0	531	133	38	97	54	0	40	356	110	599	0	0	101	0	7	0	143	140	86	31	218	0	1750	2492	105	93	47	0	251	101	70	0	4502	243	705	91	288	3	3	18	5208	0	73	13	355	3536	14	104	0	200	165	3	217	251	342	198	88	34	177	3567	0	0	0	0	0	5	0	22	594	0	0	0	105	0	2672	20	0	0	0	0	0	0	0	0	0	0	0	0	0	29	0	0	0	0	0	0	19	5	12	0	0	0	0	0	0	0	0	0	0	0	0	0
4011.3.rerun.lib32	261	3181	0	0	0	0	0	0	0	0	0	0	0	0	0	0	0	0	0	0	0	0	0	0	0	43	0	0	0	0	0	0	12869	11876	0	0	0	0	0	0	0	0	0	7	340	0	0	6	0	121	0	0	62	0	15	151	0	0	0	0	0	218	0	0	0	0	0	0	0	0	0	0	0	25	0	279	0	0	0	4	0	0	0	0	45	0	0	0	0	0	0	0	0	0	0	0	20	0	0	0	0	0	0	0	0	0	0	0	0	0	0	0	0	0	0	0	0	0	0	2616	0	0	20689	15187	0	0	36	0	0	0	0	0	0	0	0	0	0	0	0	0	0	0	0	0	0	0	0	0	0	0	0	0	0	0	0	0	9	0	0	0	0	0	0	0
4011.4.rerun.lib32	234	4724	0	0	0	0	0	0	0	0	0	0	0	0	0	0	0	0	0	0	0	0	0	0	0	76	0	0	0	0	0	0	8393	4517	5	0	0	0	0	0	0	0	18	0	153	0	0	18	36	11	0	0	0	0	0	0	0	0	0	0	0	74	0	0	0	0	0	0	0	0	0	0	62	0	22	83	0	0	0	12	0	0	0	0	0	0	0	0	0	0	0	0	0	0	26	0	0	3	0	0	0	0	0	0	0	0	0	0	0	0	0	0	2	0	0	21	0	5	0	1529	0	0	10023	6804	0	0	0	0	0	0	0	0	0	0	0	0	0	0	0	0	0	0	0	0	18	0	0	0	0	0	0	0	0	0	0	0	0	0	0	0	0	0	0	0
4011.III.2.lib30	29	575	0	0	0	0	0	0	0	0	0	0	0	0	0	0	0	0	0	0	0	0	0	0	0	12	0	0	0	0	0	0	1479	704	2	0	0	0	0	0	0	0	7	0	8	0	0	2	0	4	0	0	0	0	0	3	0	0	0	0	0	30	0	0	0	0	0	0	0	0	0	0	9	7	0	24	0	0	0	3	0	0	0	0	0	0	0	0	0	0	0	0	0	0	9	0	4	0	0	0	0	0	0	0	0	0	0	0	0	0	0	0	0	0	0	0	0	0	0	602	0	0	5232	3246	0	0	5	0	0	0	0	0	0	0	0	0	0	0	0	0	0	0	0	0	0	0	0	0	0	0	0	0	0	0	0	0	0	0	0	0	0	0	0	0
4012.4.lib30	0	70	0	48	34	9	4	0	8	21	7856	3263	0	0	0	0	0	0	0	1444	2610	0	123	1027	0	0	89	0	0	0	0	0	13	94	0	0	1687	5	15	581	227	83	215	90	5262	49	1174	122	42	689	320	0	338	71	80	89	273	231	245	348	557	122	0	0	0	0	0	0	285	0	96	42	31	0	251	2419	243	100	99	7	114	264	233	855	2214	292	1235	98	253	3	0	2	5619	12	231	10	2884	314	69	143	0	134	215	0	52	210	0	139	18	0	0	0	492	10	0	0	132	0	0	62	109	81	276	350	0	1	5297	0	0	0	0	0	0	0	0	0	0	0	0	22	0	24	8	43	0	0	0	5	0	0	0	0	25	0	409	0	11	0	0	2	0	0	4	0
4012.III.2.lib30	0	35	0	0	37	2	0	0	3	9	3728	1037	0	0	0	0	0	0	0	587	498	0	110	343	0	0	26	0	2	0	0	0	0	3	0	0	687	0	3	294	49	43	53	58	798	15	248	34	6	210	106	0	139	23	51	23	45	112	106	107	191	63	0	0	0	0	0	0	118	0	11	27	12	0	141	1226	127	25	36	4	11	29	28	132	485	49	261	19	41	3	0	0	2404	0	84	12	724	143	29	24	0	85	119	0	16	69	0	68	10	0	0	0	190	0	0	0	25	0	0	6	68	98	137	209	0	0	3576	0	0	0	0	0	0	0	0	0	0	0	0	0	0	6	0	2	0	0	0	0	0	0	3	0	5	0	92	0	0	0	0	0	0	0	0	0
4012.V.3.lib30	0	81	0	17	82	14	5	0	8	41	5332	2013	0	0	0	0	0	0	0	1033	684	0	98	452	0	0	36	0	0	0	0	0	16	49	0	0	981	15	9	346	123	93	135	63	1718	16	529	81	12	362	98	3	235	73	50	123	163	192	209	108	346	71	0	4	0	0	0	0	213	0	43	6	12	0	139	1594	135	64	39	0	13	90	55	264	631	75	488	71	59	14	4	0	3009	0	123	19	1640	194	41	134	20	127	192	0	43	97	0	84	23	0	0	0	261	8	0	0	94	0	0	41	101	71	180	335	0	5	2818	0	0	0	0	0	0	0	0	0	0	0	0	14	0	15	0	0	0	0	0	5	0	0	0	0	15	0	169	0	3	5	0	0	0	0	0	0
4021.2.lib30	17	0	0	3	0	0	137	0	0	0	34059	0	0	0	0	0	0	12	0	223	0	0	0	0	0	56	70	32	3	0	0	33	0	560	45	27	0	0	0	0	0	478	74	276	4396	887	375	2332	0	87	0	0	1307	0	32	36	5	56	737	0	18	110	12	0	0	0	0	0	34	0	0	4	0	0	449	866	0	72	0	171	0	0	0	0	0	79	0	0	65	0	0	0	4635	0	182	0	0	17231	0	0	0	0	0	0	0	0	0	0	0	472	0	0	9	82	0	0	0	0	0	0	0	4003	0	0	2484	9	0	0	0	0	0	0	0	0	0	0	82	0	0	0	0	0	0	0	0	0	0	10	0	0	0	0	0	0	0	0	0	0	0	0	0	3	0	0
4021.3.lib30	0	0	0	0	0	0	27	0	0	0	5619	0	0	0	0	0	0	0	0	36	0	2	0	0	0	0	4	8	0	0	0	16	0	25	2	0	0	0	0	0	0	99	10	42	744	269	80	588	0	32	4	0	289	0	51	10	0	10	218	0	2	17	0	0	0	0	2	0	5	0	0	0	0	0	88	254	0	23	0	42	0	0	0	0	0	52	0	0	10	0	0	0	1077	0	70	0	0	3462	0	0	0	0	0	0	0	0	0	0	0	49	0	0	0	19	0	0	0	0	0	0	0	494	0	0	483	0	0	0	0	0	0	0	0	0	0	0	42	0	0	0	0	0	0	0	0	0	0	0	0	0	0	0	0	0	0	0	0	0	0	0	0	0	0	0
4021.4.lib30	5	0	0	0	0	0	44	0	0	0	8518	0	0	0	0	0	0	18	0	140	0	14	0	0	0	14	18	6	0	0	0	0	0	83	22	44	0	0	0	0	0	219	47	244	2914	872	332	2291	0	47	0	0	1131	24	32	22	16	73	1112	0	22	64	9	0	0	0	31	0	70	0	0	0	0	0	231	1140	0	103	0	148	0	0	0	0	0	93	0	0	89	0	0	0	1834	0	65	0	0	3892	5	0	0	0	0	0	0	0	0	0	0	618	0	0	0	74	8	0	0	14	5	0	0	1864	0	0	1438	0	0	0	0	0	0	0	0	0	0	0	49	0	0	0	0	0	0	0	0	0	0	0	0	0	0	0	0	0	0	0	0	0	0	0	0	0	0	0
4026.2.lib30	17	0	2	0	0	0	0	0	0	0	1435	0	0	0	0	0	0	0	0	0	0	0	0	0	0	82	0	0	0	0	216	26	0	462	52	42	0	0	0	0	0	234	0	18	3161	0	0	388	0	0	0	0	297	0	0	0	0	0	0	0	0	1872	48	0	0	0	0	0	577	0	0	0	0	6030	2494	390	0	0	0	87	0	0	3	0	0	0	0	0	0	0	0	0	0	0	24	0	0	0	0	0	0	0	0	0	0	0	0	0	0	242	21	0	0	13	27	3	0	0	0	0	0	18919	0	0	703	0	0	0	0	0	0	0	0	0	0	0	0	0	0	0	0	0	0	0	0	0	0	0	0	0	0	0	0	0	0	0	0	0	0	0	0	0	0	0
4026.3.lib30	0	0	0	0	0	0	0	0	0	0	963	0	0	0	0	0	0	0	0	0	0	0	0	0	0	22	0	0	0	0	32	0	2	128	26	0	0	0	0	0	0	233	0	0	1042	0	0	146	0	0	0	0	128	0	0	0	0	0	0	0	0	1957	23	0	0	0	0	0	243	0	0	0	0	4416	1094	128	0	0	0	167	0	0	0	0	0	0	0	0	0	0	0	0	0	0	62	0	0	0	0	0	0	0	0	0	0	0	0	0	0	55	0	0	0	2	11	0	0	0	0	0	0	15438	0	0	101	38	0	0	0	0	0	0	0	0	0	0	0	0	0	0	0	0	0	0	0	0	0	0	0	0	0	0	0	0	0	0	0	0	0	0	0	0	0	0
4026.4.lib30	22	0	14	0	0	0	0	0	0	0	3461	0	0	0	0	0	0	0	0	0	0	0	0	0	0	142	0	0	0	0	309	27	6	405	38	18	0	0	0	0	0	462	0	11	4791	0	0	1106	0	0	0	0	515	0	0	0	0	0	0	0	0	5932	61	0	0	0	0	0	1782	0	0	0	0	11741	6439	521	0	0	0	427	0	0	0	0	0	0	0	0	0	0	0	0	0	0	91	0	0	0	0	0	0	0	0	0	0	0	0	0	0	249	0	0	0	0	10	0	0	0	0	0	0	26655	0	0	337	0	0	0	0	0	0	0	0	0	0	0	0	0	7	0	0	0	0	0	0	0	0	0	0	0	0	0	0	0	0	0	0	0	0	0	0	9	0	0
4029.2.lib29	5	0	3	0	5	0	0	0	0	0	169	0	0	0	0	0	0	0	0	8	0	0	0	6	0	0	0	0	0	0	0	0	7	112	5	0	0	0	0	0	0	0	0	2	62	0	0	0	0	0	0	8	42	0	0	0	0	0	0	0	0	0	0	0	0	0	0	0	0	0	0	0	0	185	14	0	0	0	0	0	0	0	0	0	0	4	0	0	0	0	0	0	96	0	0	0	0	0	0	0	0	0	0	0	0	0	0	0	0	0	0	0	0	5	0	2	0	0	4	0	18	28539	0	628	52	0	0	0	0	0	0	0	0	0	0	0	0	0	0	0	0	0	0	0	0	0	0	0	0	0	0	0	0	0	0	0	0	0	0	0	0	0	0	0
4029.3.lib29	12	14	23	11	0	0	0	0	0	0	252	0	0	0	0	0	0	0	0	0	0	22	0	0	0	0	0	0	0	0	0	0	25	300	4	14	0	0	0	0	0	0	0	3	0	0	0	0	0	0	0	0	0	0	0	0	0	0	0	0	0	0	0	0	0	0	0	0	0	0	0	0	0	1009	0	0	0	0	0	0	0	0	0	0	0	0	0	0	0	0	0	0	5	0	0	0	0	14	0	0	0	0	0	0	0	0	0	0	0	0	0	0	0	20	0	11	0	21	2	0	0	18098	0	198	45	12	0	0	0	0	0	0	0	0	0	0	0	0	0	0	0	0	0	0	0	0	0	0	0	0	0	0	0	0	0	0	0	0	0	0	0	0	0	0
4029.4.lib29	24	0	0	0	0	0	0	0	0	0	326	0	0	0	0	0	0	0	0	0	0	11	0	0	0	0	0	0	0	0	0	0	78	903	24	72	0	0	0	0	0	0	0	0	0	0	0	0	0	0	0	0	0	0	0	0	0	0	0	0	0	0	0	0	0	0	0	0	0	0	0	0	0	1519	0	0	0	0	0	0	0	0	0	0	0	0	0	0	0	0	0	0	0	0	0	0	0	0	0	0	0	0	0	0	0	0	0	0	0	0	0	0	0	40	0	2	0	0	0	0	0	45817	0	408	177	27	0	0	0	0	0	0	0	0	0	0	0	0	0	0	0	0	0	0	0	0	0	0	0	0	0	0	0	0	0	0	0	0	0	0	0	0	0	0
4031.2.lib29	2	0	2	0	311	0	14	0	0	0	3690	597	0	59	0	0	0	0	1497	115	0	3	0	0	0	0	82	0	6	5	38	4	0	114	0	0	454	0	112	162	0	0	758	0	2181	112	296	360	18	453	60	21	180	100	0	21	109	12	76	7	26	469	9	82	0	0	239	0	0	0	14	0	258	14	339	616	126	839	29	25	174	15	52	57	524	16	46	7	11	0	2	0	2968	28	58	67	110	628	13	46	8	75	4	0	12	0	11	5	22	0	2	0	0	24	2	2	0	3	0	583	0	27	0	0	42	0	0	0	0	0	0	0	0	0	0	0	4	7	0	0	0	6	5	9	0	0	0	0	0	0	5	0	35	0	0	0	12	0	0	0	67	0	0	0
4031.3.lib29	0	9	0	0	41	0	21	0	0	0	8392	537	0	118	0	0	0	0	1032	99	0	0	0	0	0	0	47	0	0	0	14	4	0	76	0	0	335	0	24	106	0	0	779	0	1333	31	242	183	86	250	113	37	265	156	0	10	87	16	217	13	14	897	4	59	0	0	121	0	0	0	0	0	193	12	356	715	44	419	35	21	274	0	48	42	377	20	39	10	13	0	0	0	2147	27	32	34	67	1178	45	66	0	116	12	29	10	0	26	7	30	0	0	0	0	18	0	11	0	6	4	190	0	3	0	0	13	12	0	0	0	0	0	0	0	0	0	0	0	0	0	0	0	0	0	0	0	0	0	0	0	0	4	0	209	0	0	0	13	0	0	0	9	0	8	0
4031.4.lib29	0	0	0	0	74	0	10	0	0	0	7101	630	0	149	0	0	0	0	1393	80	0	7	0	0	0	5	45	0	6	0	15	2	0	115	0	0	419	0	25	84	0	0	1314	0	1886	53	282	466	65	285	129	21	239	170	0	0	101	3	154	9	61	1098	9	107	0	0	219	0	0	0	9	0	332	16	508	714	28	515	37	20	281	11	45	36	475	22	15	8	17	0	0	0	2498	21	59	61	110	1639	37	66	0	150	4	2	6	0	5	12	13	0	0	0	0	26	9	0	0	10	3	203	0	20	0	0	26	2	0	0	0	0	0	0	0	0	0	0	0	0	0	0	0	0	6	10	0	0	0	0	0	0	6	0	281	0	0	0	8	0	0	0	13	0	2	0
4032.2.lib29	5	225	0	0	0	0	13	0	0	0	8164	0	0	0	0	0	0	0	0	224	1700	2	0	0	0	0	34	0	0	30	42	0	0	488	0	0	352	0	0	0	0	137	163	66	2290	795	466	366	3	208	30	10	154	70	27	118	30	0	136	3	27	554	16	0	27	2	0	6	171	0	10	9	53	0	328	2188	56	219	42	0	37	291	19	0	336	74	164	0	13	0	0	2	4566	0	106	9	448	1762	3	0	3	25	0	0	50	0	0	13	0	124	3	0	285	62	0	5	0	2	0	0	0	0	0	243	21	0	0	0	0	0	0	0	0	0	0	0	0	0	0	0	0	0	0	0	0	0	11	0	0	0	0	0	0	0	0	0	0	0	0	0	0	0	0	0
4034.2.lib29	0	10	0	0	178	17	0	0	0	0	3705	55	0	0	0	0	0	0	0	0	78	0	0	0	0	0	4	0	0	0	0	2	7	17	0	0	0	0	0	0	0	2	491	169	2265	985	196	521	0	160	62	0	297	236	58	8	0	0	73	10	8	615	0	0	0	0	45	0	165	0	0	0	159	27	524	772	0	94	24	40	0	0	3	0	2	15	3	0	12	0	0	0	4667	0	33	0	0	1622	0	0	0	7	0	0	0	0	0	0	0	332	8	1311	11	0	0	0	0	0	0	0	28	0	211	953	3	0	0	0	0	0	0	0	0	0	0	0	0	0	0	0	0	0	0	0	0	0	0	0	0	0	0	0	0	0	0	0	0	0	0	0	0	0	0	0
4034.3.lib29	0	7	0	0	71	11	0	0	0	0	3761	32	0	0	0	0	0	0	0	0	66	4	0	0	0	0	6	0	2	0	0	0	6	38	2	0	0	0	0	0	0	0	445	74	2086	628	194	414	0	118	61	0	227	84	44	0	0	0	55	14	23	454	0	0	0	0	24	0	100	0	0	0	120	19	304	602	0	62	15	11	0	0	5	0	0	28	9	0	5	0	0	0	3044	0	41	0	0	1466	0	0	0	7	0	0	5	0	0	0	0	198	10	554	0	3	0	0	0	0	1	0	17	2	182	559	0	0	38	0	0	0	0	0	0	0	0	0	0	0	0	0	0	0	0	0	0	0	0	0	0	0	0	0	0	0	0	0	0	0	0	0	0	0	0	0
4034.4.lib29	0	4	0	0	67	17	0	0	0	0	7500	190	0	0	0	0	0	0	0	0	226	8	0	0	0	0	5	0	0	0	0	0	3	30	0	0	0	0	0	0	0	0	493	59	1395	571	174	585	0	141	57	4	291	88	43	5	0	0	61	8	12	569	0	0	0	0	25	0	56	0	0	0	112	17	210	590	0	83	40	71	0	0	7	0	0	37	0	0	0	0	0	0	3633	0	71	0	0	1866	0	7	0	18	0	0	6	0	0	0	0	185	8	647	2	2	0	0	0	0	0	0	38	0	140	508	7	2	0	0	0	0	0	0	0	0	0	0	0	0	0	0	0	0	0	0	0	0	0	0	0	0	0	0	0	0	0	0	0	0	0	0	0	0	0	0
4038.2.lib29	0	89	0	0	0	10	39	0	0	0	8896	139	0	32	62	0	0	0	0	587	157	0	312	235	12	29	81	4	0	0	0	0	9	31	0	4	79	9	0	2	0	0	155	24	2045	202	1064	818	70	101	0	12	548	46	55	10	0	0	57	0	5	480	35	0	0	4	35	0	256	7	0	5	0	75	2015	457	7	88	50	19	2	10	18	8	126	0	39	0	18	9	0	0	3230	0	77	0	47	3722	19	0	3	9	0	0	0	0	0	0	0	13	0	0	236	0	17	6	0	0	0	88	694	2168	0	0	0	0	1259	0	0	0	0	0	0	0	0	0	0	0	0	0	0	0	4	0	0	0	0	0	0	0	0	0	0	0	0	0	0	0	0	0	0	0	0	0
4038.3.lib29	0	28	0	0	0	0	14	0	0	0	8424	230	0	76	104	0	0	0	2	1061	192	0	355	349	15	9	26	3	0	0	3	0	0	14	0	2	141	12	2	0	0	0	218	11	1067	98	705	584	102	62	0	8	435	69	33	5	0	0	62	0	4	281	24	0	0	2	32	0	77	11	0	0	0	29	947	421	0	76	54	18	23	11	30	7	259	0	43	0	34	19	0	0	2481	0	74	3	71	2080	18	0	0	19	2	0	0	0	0	0	0	21	0	0	228	2	7	3	0	0	0	72	505	2109	0	0	0	2	3436	0	0	0	0	0	0	0	0	0	0	0	0	0	0	0	0	0	0	0	0	0	0	0	4	0	0	0	0	0	2	0	0	5	3	0	0	0
4038.4.lib29	2	62	0	0	0	0	24	0	0	0	9106	186	0	39	98	0	0	0	0	944	193	0	162	352	33	20	64	4	0	2	0	0	0	69	9	2	124	6	0	10	0	2	208	14	2186	144	1129	679	110	57	0	37	481	93	37	8	0	0	61	3	2	477	42	0	0	0	24	0	215	0	0	7	0	28	1445	548	13	74	47	39	27	40	24	4	192	0	57	0	39	19	0	0	3804	0	85	6	64	2760	16	0	10	48	0	0	0	0	0	0	0	25	0	0	303	0	37	0	0	0	0	97	539	2661	0	0	20	0	2569	0	0	0	0	0	0	0	0	0	0	0	0	0	0	0	0	0	0	0	0	0	0	0	18	0	0	0	0	0	0	0	0	4	6	0	0	0
4039.2.rerun.lib32	0	0	0	0	188	0	10	0	0	0	4859	0	0	12	0	0	0	0	25	49	1300	0	0	0	30	199	0	0	0	0	0	0	0	0	0	0	0	0	0	0	0	3	0	33	2330	337	479	925	0	0	58	11	856	5	0	278	66	0	161	0	0	210	0	0	0	0	0	0	4	0	0	0	0	8852	182	380	0	27	0	0	14	0	0	0	21	19	0	0	0	0	0	0	1049	0	128	0	0	766	0	0	0	0	0	0	0	0	0	0	0	282	0	0	0	0	0	0	0	0	0	0	25	7554	0	0	37	0	0	0	0	0	0	0	0	0	0	0	20	0	0	0	0	0	0	0	0	0	0	0	0	0	0	0	0	0	0	0	0	0	0	0	0	0	0	0
4039.3.lib29	0	0	0	0	60	0	14	0	0	0	4236	0	0	20	0	0	0	0	0	2	1012	2	0	0	0	163	0	0	0	0	0	0	0	9	0	0	0	0	0	0	0	0	0	44	995	202	328	567	0	0	59	16	505	25	0	63	57	0	171	0	3	61	0	2	0	0	0	0	8	0	0	0	0	1948	53	161	5	29	0	8	0	0	0	0	11	20	0	0	4	0	0	0	1330	0	77	0	0	423	0	0	0	0	0	0	0	0	0	0	0	308	0	0	0	3	3	0	0	0	0	0	63	16755	0	0	10	0	0	0	0	0	0	0	0	0	0	0	8	0	0	0	0	0	0	0	0	0	0	0	0	0	0	0	0	0	0	0	0	0	0	0	0	0	0	0
4039.4.lib29	0	0	0	2	26	0	0	0	0	0	7767	0	0	20	9	0	0	0	0	7	1495	0	0	0	0	140	0	0	3	0	0	0	0	14	0	0	0	0	0	0	0	0	0	29	793	155	348	436	0	0	60	7	556	33	0	67	21	0	122	0	0	82	0	0	0	0	0	0	8	0	0	0	0	1423	42	184	0	26	0	3	0	0	0	0	0	32	0	0	6	0	0	0	1651	0	58	0	0	343	0	0	0	0	0	0	0	0	0	0	0	204	0	7	0	0	2	0	0	0	0	0	53	28706	0	0	13	0	0	0	0	0	0	0	0	0	0	0	11	0	0	0	0	0	0	0	0	0	0	0	0	0	0	0	0	0	0	0	0	0	0	0	0	0	0	0
4041.2.lib29	0	988	0	0	516	0	8	0	0	0	2830	0	0	0	74	0	0	0	0	1009	104	0	0	0	0	0	5	0	0	4	0	0	262	90	0	2	134	0	21	28	52	0	550	0	1720	0	409	221	17	0	15	2	61	51	0	0	68	0	25	0	10	103	5	114	0	0	33	0	0	0	38	95	105	0	9	1261	10	61	18	13	0	13	9	11	29	32	84	0	52	2	0	6	3057	0	65	17	49	953	0	25	4	8	0	0	103	0	0	5	2	0	0	280	0	0	0	0	25	0	0	0	111	0	134	0	27	0	61	0	0	0	0	0	0	0	0	0	0	0	0	0	0	0	0	0	0	0	0	0	0	0	0	0	0	0	299	0	0	0	0	0	0	0	0	1266
4041.3.lib29	0	719	0	0	642	0	6	0	0	0	1939	0	0	0	64	0	0	0	0	773	64	2	0	0	0	0	11	0	13	5	0	0	334	68	0	2	110	0	7	23	44	5	808	0	1229	0	396	261	22	0	19	0	69	50	0	0	64	0	34	0	8	90	5	127	0	0	26	0	0	0	35	97	111	0	4	1149	6	68	10	4	0	5	4	2	25	40	58	0	19	0	0	7	2118	0	41	13	42	551	0	20	4	11	0	0	40	0	14	8	0	0	0	168	0	0	0	3	9	0	0	0	77	0	66	0	20	0	46	0	0	0	0	0	0	0	0	0	0	0	0	3	0	3	0	0	0	0	0	0	0	0	0	0	0	0	389	0	0	0	0	1	0	0	0	855
4041.4.lib29	0	1028	0	0	551	0	5	0	0	0	4676	0	0	0	124	0	0	0	0	1605	194	0	0	0	0	2	16	0	0	7	0	0	331	110	0	3	140	0	20	23	80	0	1172	0	2390	0	585	389	43	0	20	5	140	111	0	0	122	0	44	0	19	146	4	197	0	0	55	0	0	0	53	159	145	0	6	1510	9	109	0	26	5	28	3	8	39	83	99	0	48	0	0	0	3563	0	98	13	74	921	0	41	2	13	8	0	92	0	27	6	0	0	0	517	0	0	0	2	17	0	0	0	222	0	105	0	18	2	74	0	0	0	0	0	0	0	0	0	0	0	0	2	0	9	0	0	0	0	0	0	0	0	0	0	0	0	433	0	0	0	0	0	0	0	0	2339
4045.2.lib29	7	209	6	0	193	4	0	0	46	0	4651	155	0	218	0	0	90	1475	0	291	536	0	0	20	0	28	10	0	0	0	0	0	10	149	11	5	71	0	0	0	0	0	672	92	1627	420	287	450	0	149	14	6	174	14	43	5	12	0	109	119	3	457	0	0	2	0	0	0	220	5	0	4	97	0	404	757	4	38	36	4	0	27	3	0	282	75	2	0	114	3	2	0	2233	0	43	0	136	758	0	0	0	22	0	0	18	0	0	4	0	9	72	0	401	59	53	0	0	0	0	0	143	2164	41	7	281	0	375	0	0	0	0	0	0	0	0	0	0	8	0	0	0	0	0	0	0	0	6	0	0	0	0	0	0	0	0	0	0	3	0	0	0	0	0	0
4045.3.lib29	6	230	0	0	287	2	3	0	77	0	3620	90	0	133	0	0	169	2155	0	265	313	0	0	38	0	33	16	0	4	0	0	0	24	291	14	6	70	0	0	0	0	0	787	147	2403	424	477	517	0	250	18	0	201	17	44	8	17	0	177	112	13	595	0	0	7	0	3	0	341	0	6	7	119	0	475	938	8	51	31	0	0	49	3	0	296	92	0	0	158	0	0	0	2038	0	34	0	242	740	0	0	0	19	0	0	17	0	0	4	0	7	40	0	540	43	59	0	0	0	0	0	125	3297	75	41	183	0	325	0	0	0	0	0	0	0	0	0	0	0	0	0	0	0	0	0	0	0	7	0	0	0	0	0	0	0	0	0	0	0	0	0	0	0	0	0
4045.4.lib29	7	139	4	0	164	5	2	0	25	0	5514	136	0	227	0	0	452	2919	0	451	567	0	0	64	0	18	7	0	0	0	0	0	10	179	16	0	75	0	0	0	0	0	1055	91	1684	396	412	437	0	367	26	6	316	38	53	22	23	0	241	130	9	553	0	0	6	0	8	0	213	21	10	4	117	0	336	1539	0	60	31	10	0	70	5	0	486	103	0	0	153	6	0	0	2471	0	62	0	478	784	0	0	0	11	0	0	22	0	0	11	8	7	20	0	715	51	37	0	0	0	2	0	200	4385	115	7	194	0	957	0	0	0	0	0	0	0	0	0	0	0	0	0	0	0	0	0	0	0	23	0	0	0	0	0	0	0	0	0	0	6	0	0	0	0	0	0
4047.2.lib29	55	0	64	0	662	0	0	13	21	40	2186	255	2	11	25	0	184	0	3260	372	82	4	0	300	0	0	23	0	0	0	0	0	0	326	20	13	137	0	9	10	2	1399	77	372	1616	858	324	1404	0	70	30	0	485	9	53	21	31	0	154	15	226	116	0	0	0	0	18	0	162	0	19	0	220	0	62	530	0	214	57	5	46	31	29	0	128	24	84	7	0	0	0	0	1986	0	41	0	0	1646	2	0	0	43	2	0	4	0	0	9	24	0	0	960	186	185	82	0	0	0	0	0	458	2796	23	0	117	0	133	0	0	0	0	0	4	0	0	0	0	0	0	0	0	0	0	0	0	0	0	0	0	0	0	0	0	0	0	0	0	0	0	0	0	0	0	0
4047.3.lib29	0	10	4	0	750	0	10	22	34	42	2582	351	15	39	82	0	314	0	5199	889	124	0	0	195	0	0	26	0	0	0	0	0	0	23	0	4	210	6	12	22	3	442	95	401	1461	879	270	984	0	45	44	3	261	18	48	21	18	0	113	10	184	114	0	0	0	0	19	0	158	0	15	0	184	0	41	461	0	197	41	7	78	53	26	0	241	41	70	6	4	0	0	0	1680	0	19	0	0	1291	0	0	0	51	4	0	13	5	0	16	21	0	0	2295	262	15	0	0	0	0	0	3	592	2389	32	0	8	0	531	0	0	0	0	0	0	0	0	0	0	0	0	0	0	0	0	0	0	0	0	0	0	0	0	0	0	0	0	0	0	0	0	0	0	0	0	0
4047.4.lib29	0	10	5	0	616	0	3	16	25	35	3023	457	10	40	66	0	325	0	5478	830	135	0	0	228	0	0	47	0	0	0	0	0	0	36	3	0	203	6	18	20	0	502	88	482	1582	701	249	884	0	37	31	0	266	21	54	43	13	0	111	9	172	124	0	0	0	0	13	0	188	0	18	0	141	0	54	466	0	173	40	7	67	36	13	0	219	40	52	0	2	0	0	0	1724	0	18	0	0	1099	0	0	0	46	10	0	13	5	0	11	20	0	0	2881	272	8	5	0	0	0	0	3	644	2655	31	0	0	0	450	2	0	0	0	0	0	0	0	0	0	0	0	3	2	0	0	0	0	0	0	0	0	0	0	0	0	0	0	0	0	0	0	0	0	0	0	0
4050.2.lib29	4	40	0	0	192	15	10	0	0	0	12004	0	0	0	0	0	0	0	0	0	2	0	0	224	0	4	45	0	0	0	0	0	0	432	0	8	312	0	0	99	0	0	415	84	1010	781	257	746	16	234	349	7	559	6	24	77	100	16	182	211	23	116	0	0	0	0	32	0	114	0	0	3	205	0	2	2883	0	61	262	17	62	0	11	67	122	46	21	0	9	0	0	3	4909	0	119	0	24	1342	0	0	25	35	13	0	4	0	0	5	0	65	0	0	163	55	0	0	11	0	0	0	0	1042	0	18	815	0	6234	0	0	0	0	0	0	0	0	0	0	0	0	0	0	0	0	0	0	0	0	0	0	0	0	0	0	0	15	0	0	0	0	0	0	0	0	0
4050.3.lib29	0	18	2	0	218	12	0	0	0	0	10515	0	0	0	0	0	0	0	0	0	0	0	0	177	0	13	31	0	0	0	3	0	0	587	0	16	121	0	0	72	0	0	260	59	1047	529	101	619	25	73	179	3	321	5	0	32	72	11	177	136	13	111	0	0	0	0	17	0	94	0	0	0	85	0	0	1831	3	57	116	12	45	0	25	47	46	16	17	0	2	0	0	0	3065	0	86	0	19	541	0	0	17	17	3	2	5	0	0	3	0	40	0	0	39	25	0	0	0	0	0	0	0	609	0	6	539	0	4914	0	0	0	0	0	0	0	0	0	0	0	0	0	0	0	0	0	0	0	0	0	0	0	0	0	0	0	6	0	0	0	0	0	0	0	0	0
4050.4.lib29	0	28	2	0	507	14	15	0	0	0	12005	0	0	0	0	0	0	0	0	0	0	8	0	373	0	7	78	0	0	0	0	0	0	802	0	12	126	0	0	116	0	10	364	64	1822	599	220	1148	10	161	311	19	448	0	41	102	85	18	263	254	5	146	7	0	0	0	40	14	191	0	0	0	188	0	4	2578	0	50	141	10	99	0	7	41	52	11	18	0	2	0	0	0	3575	0	158	0	40	924	9	0	23	19	0	0	23	0	0	12	0	54	0	0	105	35	0	2	0	0	0	0	0	782	0	0	341	0	13932	0	0	0	0	0	0	0	0	0	0	0	0	0	0	0	0	0	0	0	0	0	0	0	0	0	0	0	32	0	0	0	0	0	0	0	0	0
4052.2.lib29	3	173	0	0	547	0	0	22	7	69	2115	79	0	301	67	0	0	1078	5186	108	405	0	80	10	1097	0	29	0	15	19	0	0	0	27	0	0	92	15	0	0	0	3	24	14	1893	441	425	583	0	259	0	0	649	21	30	44	27	0	78	160	45	398	12	3	13	0	0	0	138	106	54	21	66	0	28	1656	3	46	34	31	41	31	79	12	577	12	31	0	111	3	9	22	4342	0	63	4	305	614	0	0	1	30	0	0	244	134	0	8	20	0	0	2344	0	16	0	0	25	0	0	9	310	2768	414	0	11	0	6500	0	0	0	0	0	0	9	98	0	0	0	0	0	0	0	0	0	0	0	0	0	0	8	9	0	0	0	0	0	0	0	0	5	0	0	0	0
4052.3.lib29	0	90	0	0	181	0	0	9	2	23	842	31	3	118	23	0	0	271	1632	52	152	0	6	3	483	0	21	0	8	2	0	0	0	13	2	0	26	11	0	0	0	0	9	8	727	180	169	267	0	97	2	0	215	16	8	33	16	0	25	75	18	189	11	0	9	0	0	0	56	88	21	48	15	0	9	739	5	2	20	15	34	9	56	0	292	7	20	0	49	0	0	9	1594	0	24	5	208	217	0	3	0	7	0	0	106	42	0	0	6	0	0	448	0	3	0	0	9	0	0	11	104	939	178	0	0	0	1482	0	0	0	0	0	0	0	48	0	0	0	2	0	0	0	0	0	0	0	0	5	0	0	2	0	3	0	0	0	0	0	0	0	0	0	0	0
4052.4.lib29	0	55	21	0	0	0	27	0	0	0	4284	0	0	0	9	0	0	0	15	0	0	38	0	0	0	0	30	0	0	0	0	0	13	236	0	0	0	0	0	0	0	0	76	30	355	0	136	653	0	32	0	0	231	65	0	33	0	0	191	4	38	125	0	10	0	0	17	0	51	0	0	0	34	11	631	391	0	27	0	0	0	3	0	0	0	155	0	0	43	0	0	0	1458	18	46	30	0	411	0	0	0	0	0	0	0	0	0	0	0	0	0	279	6	14	529	9	0	0	21	0	0	7075	0	0	70	10	10	0	0	0	0	0	0	0	0	0	0	0	0	0	0	0	0	0	0	0	0	0	0	0	0	0	0	0	0	0	0	0	0	0	0	8	0	0
4055.2.lib29	0	487	0	0	159	0	0	13	11	73	3080	50	73	78	92	651	144	395	2292	670	95	0	104	110	871	0	19	0	3	0	0	0	23	3	0	0	711	97	5	187	88	0	45	37	1414	223	362	701	0	337	16	4	118	16	20	73	19	0	48	70	133	418	0	0	39	0	81	0	113	25	3	13	15	0	1277	1160	0	94	47	0	151	133	34	12	1457	90	415	66	0	2	3	2	4617	69	27	14	41	1256	0	83	2	140	158	0	96	30	0	66	35	0	0	95	696	2	0	0	0	0	0	0	135	8349	0	73	15	0	0	9	0	0	787	79	0	52	0	62	0	80	0	0	0	0	0	0	0	43	0	0	32	9	0	0	8	0	75	0	23	0	0	0	0	0	0	0
4055.3.lib29	0	257	0	0	65	0	0	2	0	31	1211	26	22	35	19	265	49	171	970	302	43	0	54	59	360	0	13	0	0	0	0	0	7	16	0	0	409	42	0	102	43	0	36	25	858	172	219	451	0	193	6	0	61	0	13	33	9	0	27	30	70	244	0	0	11	0	44	0	55	12	0	2	11	0	775	646	0	50	23	7	59	63	10	7	756	35	279	25	0	0	0	0	3048	44	16	9	30	730	0	63	2	39	88	0	57	12	0	41	18	0	0	46	358	0	0	0	0	0	0	0	50	24746	0	18	3	0	0	0	2	0	298	25	0	19	0	25	0	48	0	0	0	0	0	0	0	33	0	0	0	8	0	0	0	0	45	0	9	0	0	0	0	0	0	0
4055.4.lib29	0	214	0	0	45	0	0	5	0	29	1130	19	23	17	10	242	48	214	949	225	31	0	48	81	350	0	13	0	0	0	0	0	8	10	0	2	508	79	14	153	48	0	28	19	776	192	176	477	0	286	13	0	73	5	24	35	19	0	35	46	122	443	0	0	27	0	64	0	36	6	0	8	10	2	1029	745	4	49	17	0	66	78	0	0	813	41	291	48	0	0	0	2	3373	57	8	17	25	782	0	62	0	81	111	0	63	20	0	48	26	0	2	42	377	5	0	0	0	0	0	0	65	6400	0	35	4	0	0	5	0	0	196	24	0	11	0	27	0	45	0	0	0	0	0	0	0	41	0	0	16	7	0	0	0	0	59	0	9	0	0	0	0	0	0	0
4059.2.lib29	11	14	0	18	0	0	39	13	15	0	8051	13	0	0	0	0	0	0	0	27	66	17	0	23	0	0	86	0	0	0	0	0	12	185	0	0	0	0	0	0	0	0	28	48	846	12	41	1296	11	60	21	11	354	73	19	41	0	0	420	0	35	203	0	25	0	0	0	0	148	0	0	0	27	237	1649	344	0	36	0	58	0	12	0	0	54	125	0	0	9	8	0	0	3213	3	65	16	0	1032	24	0	0	0	0	0	0	0	0	0	0	0	0	227	16	5	1225	0	0	9	4	0	0	8716	150	38	160	0	112	0	0	0	0	0	0	0	0	0	0	0	0	0	0	0	0	0	0	0	0	0	0	0	0	0	0	0	0	0	0	0	0	0	40	0	0	0
4059.3.lib29	0	381	0	0	87	0	0	0	6	60	1717	31	35	36	41	406	88	674	2467	236	33	0	77	65	421	0	10	0	0	0	0	0	20	6	0	0	693	157	5	167	49	1	28	39	966	266	333	466	0	332	22	4	61	13	19	39	28	0	40	85	90	552	0	0	32	0	51	0	69	16	0	0	23	0	1305	1000	4	68	37	0	88	118	3	6	947	38	350	47	0	0	0	3	3752	52	15	15	32	733	0	80	0	92	132	2	71	18	0	83	29	0	5	56	665	0	0	0	2	0	0	4	75	7387	0	36	5	0	0	5	18	0	331	69	0	22	0	23	0	28	0	0	0	0	0	0	0	57	0	0	27	6	0	0	0	0	61	0	3	0	0	0	0	0	0	0
4061.2.lib29	0	15	0	0	0	0	50	0	0	0	7193	0	0	0	0	0	0	0	0	50	332	0	0	0	0	112	0	0	0	0	0	24	37	240	38	33	0	0	0	0	0	1192	0	7	46	0	0	56	58	0	0	530	1181	0	0	0	0	0	567	43	0	83	0	0	0	0	0	0	0	0	0	0	0	3274	4819	479	0	112	0	10	24	0	0	0	10	0	0	0	9	3	0	0	305	0	86	0	0	0	0	0	0	0	0	0	0	0	0	0	0	18	0	0	0	301	22	0	0	0	0	112	0	7381	495	0	57	0	0	0	0	0	0	0	0	0	0	0	0	0	0	0	0	0	0	0	0	0	0	0	0	0	0	0	0	0	0	0	0	0	0	0	0	0	0	0
4061.3.lib29	0	31	0	0	0	0	58	0	0	0	10166	0	0	0	0	0	0	0	0	125	450	3	0	0	0	47	0	0	0	0	0	20	43	133	35	25	0	0	0	0	0	290	0	10	110	0	0	25	268	0	0	1111	3957	0	0	0	0	0	590	168	0	382	8	0	0	0	0	6	0	0	0	0	0	1688	3899	1544	0	113	2	50	89	0	9	0	23	0	0	0	18	16	7	0	434	0	102	0	0	0	4	0	0	0	0	0	0	0	0	0	0	73	0	0	0	754	13	0	0	0	0	174	0	6074	539	0	23	0	0	0	0	0	0	0	0	0	0	0	0	0	0	0	0	0	0	0	0	0	0	0	0	0	0	0	0	0	0	0	0	0	0	0	0	0	0	0
4061.4.lib29	0	21	0	0	0	0	108	0	0	0	18143	0	0	0	0	0	0	0	0	72	810	0	0	0	0	28	0	0	0	0	0	18	0	107	0	0	0	0	0	0	0	73	0	15	121	0	0	22	437	0	0	1703	6624	0	0	0	17	0	448	165	0	438	15	0	0	0	0	8	0	0	0	0	0	1323	3301	1521	0	153	5	55	96	0	0	0	24	0	0	0	28	10	9	0	354	0	158	0	0	0	0	0	0	0	0	0	0	0	0	0	0	29	0	0	0	610	22	0	0	0	0	169	0	7271	355	0	18	0	0	0	0	0	0	0	0	0	0	0	0	0	0	0	0	0	0	0	0	0	0	0	0	0	0	0	0	0	0	0	0	0	0	0	0	0	0	0
4062.2.lib29	0	126	0	0	0	28	0	0	0	0	0	0	0	0	0	0	0	0	0	0	0	10	0	0	0	510	0	22	0	0	0	0	0	56	4	0	85	0	0	0	0	0	190	306	11650	0	1854	905	0	7756	0	32	1474	69	70	0	275	630	257	0	191	3265	142	120	0	62	301	0	325	0	11	3	5	3898	550	1456	0	183	100	76	9	5	17	24	0	1371	61	0	19	0	0	0	17731	164	127	0	0	3334	62	0	22	243	0	0	82	0	0	0	0	0	0	0	113	8	0	4	0	0	0	0	1136	8989	0	11	14	0	0	0	57	0	0	0	0	0	0	0	0	0	0	0	0	0	0	0	0	0	0	0	0	0	0	0	0	0	0	0	0	0	0	0	0	0	0	0
4062.3.lib29	0	65	0	0	0	31	0	0	0	0	0	0	0	0	0	0	0	0	0	0	0	2	0	0	0	304	0	0	0	0	0	2	0	8	0	0	77	0	0	0	0	0	131	148	6708	0	1049	636	0	6773	0	15	1175	22	18	0	332	280	177	0	140	2040	137	95	0	51	175	2	169	0	7	0	0	3284	448	1056	0	110	93	97	0	0	10	25	0	1116	22	0	14	0	2	0	15893	169	135	0	0	2698	29	0	18	221	0	0	42	0	0	5	0	0	0	0	112	13	0	0	0	0	0	0	688	1971	0	3	47	0	0	0	36	0	0	0	0	0	0	0	0	0	0	0	0	0	0	0	0	0	0	3	0	0	0	0	0	0	0	0	0	0	0	0	0	0	0	0
4062.4.lib29	0	44	0	0	0	31	0	0	0	0	0	0	0	0	0	0	0	0	0	0	0	0	0	0	0	146	0	9	0	0	0	0	0	9	0	0	71	0	0	0	0	0	131	134	5767	0	759	380	0	3675	0	18	886	16	58	0	324	148	80	5	94	971	135	69	0	59	105	4	130	0	0	0	6	1906	283	596	0	143	72	86	7	7	13	19	0	547	18	0	12	0	3	9	8552	78	64	0	0	1858	14	0	12	98	0	2	25	0	0	8	0	0	0	0	77	8	0	0	0	0	0	0	270	904	0	0	15	0	0	0	70	0	0	0	0	0	0	0	0	0	0	0	0	0	0	0	0	0	0	0	0	0	0	0	0	0	0	0	0	0	0	0	0	0	0	0
4069.2.lib29	25	11	26	8	0	0	0	0	0	0	6486	0	0	0	0	0	0	4	0	186	166	22	0	0	0	16	0	0	7	0	0	0	11	9673	44	0	0	0	0	0	0	0	196	136	4587	138	328	405	0	1367	0	0	503	254	76	149	0	430	105	0	41	6746	0	29	0	0	128	0	559	0	20	0	0	0	17	1503	13	2	0	6	0	0	0	0	0	190	0	0	33	0	0	0	5972	0	12	0	70	3860	0	0	0	0	0	0	46	0	0	0	0	0	0	0	5	863	0	2	310	0	4	0	0	0	0	691	205	0	0	0	0	0	0	0	0	0	0	0	0	0	0	0	0	0	0	0	0	0	0	0	47	0	0	0	0	0	0	0	0	0	0	0	0	0	0	0
4069.3.lib29	8	38	42	0	0	0	0	0	0	0	9591	0	0	0	0	0	0	0	0	494	401	16	0	0	0	0	0	0	0	0	0	0	71	6951	32	0	0	0	0	0	0	16	267	536	8059	193	1187	978	0	3149	32	0	1153	387	341	614	0	610	220	0	201	5347	0	28	0	0	104	0	1912	0	79	0	0	0	0	3145	54	0	0	0	0	0	0	0	0	460	0	0	54	0	0	0	9178	0	48	0	185	5000	0	0	0	0	0	0	93	0	0	0	0	0	14	0	18	1241	0	0	723	0	0	0	0	95	0	691	222	37	0	0	0	0	2	0	0	0	0	0	0	0	0	0	0	0	0	0	0	0	6	0	242	0	0	0	0	0	0	0	0	0	0	0	2	0	3	0
4069.4.lib29	15	32	72	8	0	0	0	0	0	0	7069	26	0	0	0	0	0	9	0	552	285	5	0	0	0	12	0	0	0	0	58	3	23	3734	23	0	0	0	0	0	0	23	274	353	6501	232	812	771	0	2425	30	4	840	254	222	319	0	585	260	0	162	4686	0	41	0	0	103	0	1412	0	51	0	0	0	11	2782	38	0	0	7	0	0	18	0	0	433	0	0	83	0	0	0	8261	0	46	0	163	3805	0	0	0	0	0	0	123	0	0	0	0	0	0	0	44	852	0	0	749	0	0	0	0	13	0	698	74	6	0	0	0	0	0	0	0	0	0	0	0	0	0	0	0	0	0	0	0	0	14	0	162	0	0	0	0	0	0	0	0	0	0	0	0	0	5	0
4074.2.lib29	2	0	0	0	0	0	0	0	0	0	0	0	0	0	0	0	0	0	0	0	0	0	0	0	0	10	0	0	0	0	0	11	0	168	2	0	0	0	0	0	0	9	0	0	1052	0	0	142	0	758	0	0	14	125	0	8	0	0	0	0	0	359	0	0	0	6	11	0	0	0	0	0	0	256	1280	100	0	0	5	13	0	0	0	2	0	0	0	0	0	0	0	0	1950	163	12	3	0	0	8	0	0	0	0	0	0	0	0	0	0	115	0	142	0	236	3	0	0	0	0	0	0	2918	2	0	47	0	0	0	0	0	0	0	0	0	0	0	0	0	0	0	0	0	0	0	0	0	0	0	0	0	6	0	0	0	0	0	0	0	0	0	0	0	0	0
4074.3.lib29	0	0	0	0	0	0	0	0	0	0	0	0	0	0	0	0	0	0	0	0	0	0	0	0	0	77	0	0	0	0	0	44	17	101	0	0	0	0	0	0	0	11	0	6	4278	0	5	718	0	2508	0	0	41	655	0	15	0	0	0	0	0	1595	0	0	0	33	98	0	0	0	4	0	0	639	6089	412	0	0	10	57	4	0	0	23	0	0	0	0	0	0	0	0	7664	694	79	15	9	0	12	0	0	0	0	0	0	0	0	0	0	924	0	696	0	170	0	0	0	0	0	0	0	10023	3	0	9	0	0	0	0	0	0	0	0	0	0	0	0	0	0	0	0	0	0	0	0	0	0	0	0	0	29	0	0	0	0	0	0	0	0	0	0	0	0	0
4074.4.lib29	0	0	0	0	0	0	0	0	0	0	0	0	0	0	0	0	0	0	0	0	0	8	0	0	0	114	0	0	0	0	0	92	52	1027	13	0	0	0	0	0	0	13	0	12	8704	0	4	1222	0	3047	0	0	80	738	0	39	0	0	0	0	0	4806	0	3	0	37	203	0	0	0	0	0	0	848	7712	820	0	0	0	76	26	0	0	0	0	0	0	0	0	0	0	0	14321	868	117	13	19	0	8	0	0	0	0	0	0	0	0	0	0	2561	0	618	0	542	12	0	0	0	0	0	0	25253	37	0	38	0	0	0	0	0	0	0	0	0	0	0	0	0	0	0	0	0	0	0	0	0	0	0	0	0	10	0	40	0	0	0	0	0	0	0	0	0	0	0
4078.2.lib29	0	50	0	19	202	0	0	37	10	0	8255	0	0	0	0	0	0	0	0	21	5	48	0	0	0	0	117	0	0	0	0	0	179	98	0	0	0	0	0	0	0	0	0	0	4649	0	117	547	0	19	0	0	110	0	4	0	0	0	48	130	57	7403	0	0	0	0	14	0	0	0	78	0	115	2101	45	367	0	49	68	18	0	0	0	0	0	0	0	0	0	0	0	0	369	0	14	0	0	737	0	0	0	0	0	0	0	0	0	0	0	0	0	51	0	0	0	0	0	0	0	0	162	22697	15	0	0	11	0	0	0	0	0	0	0	0	0	0	0	0	14	0	0	0	0	0	0	0	0	0	0	0	0	0	0	0	0	0	0	0	0	0	0	0	0	0
4078.3.lib29	0	213	3	0	301	0	0	37	30	0	11386	18	0	0	0	0	0	0	40	0	22	3	0	0	0	0	59	0	0	0	0	0	133	82	0	5	0	0	0	0	0	0	0	5	1819	0	212	915	0	28	0	0	246	0	7	0	0	0	68	12	3	5687	0	0	0	0	44	0	0	0	0	0	169	3646	371	635	3	159	82	8	0	0	0	0	0	0	0	0	0	0	0	0	392	0	146	0	0	1303	0	0	0	0	0	0	0	0	0	0	0	0	0	47	0	31	0	0	0	0	0	0	281	18698	22	38	0	0	0	0	0	0	0	0	0	0	0	0	0	0	0	0	0	0	0	0	0	0	0	0	0	0	0	0	0	0	0	0	0	0	0	0	0	0	0	0
4078.4.lib29	0	437	0	0	666	0	0	46	94	0	13185	24	0	0	0	0	0	0	0	0	9	0	0	0	0	0	182	0	0	0	0	0	198	171	8	3	0	0	0	0	0	0	0	0	2905	0	354	1485	0	54	0	0	260	0	0	0	0	0	112	34	7	5374	0	0	0	0	56	0	0	0	8	0	208	4890	441	808	0	239	95	4	0	0	0	0	4	0	0	0	10	0	0	0	389	0	187	11	0	2149	0	0	0	0	0	0	0	0	0	0	0	0	0	55	0	38	0	0	0	0	0	0	476	18341	9	19	0	0	0	0	0	0	0	0	0	0	0	0	0	0	0	0	0	0	0	0	0	0	0	0	0	0	0	0	0	0	0	0	0	0	0	0	0	0	0	0
4082.2.lib29	0	16	0	1	94	12	4	0	12	0	5384	0	0	102	46	71	0	0	229	70	169	4	0	0	0	11	195	0	19	0	0	0	8	53	0	16	40	0	0	38	0	0	144	36	3013	114	346	1472	60	203	64	22	1505	95	193	18	40	0	386	0	88	2022	0	0	9	0	2	0	182	0	0	0	171	27	2063	1100	0	79	20	21	5	16	3	2	270	132	9	0	25	0	0	0	4975	0	109	0	38	3459	2	0	0	7	0	4	9	39	0	18	0	1005	0	200	113	0	8188	0	5	0	0	42	401	735	0	0	35	0	262	0	0	0	33	0	0	0	0	0	7	27	0	0	0	0	0	0	0	0	2	0	0	0	0	0	0	0	0	0	0	0	0	0	5	49	0	0
4082.3.lib29	0	18	11	0	145	0	23	0	12	0	13401	0	0	145	91	129	0	0	1395	101	352	8	0	0	0	0	98	0	5	0	0	0	12	78	0	16	64	0	0	49	0	15	203	49	3477	106	814	2112	130	231	121	62	1942	123	316	20	125	0	465	0	126	3270	0	0	0	0	4	0	310	0	24	5	189	11	2043	2038	9	101	24	41	43	34	5	8	1008	267	7	0	13	0	0	0	8687	0	300	11	19	5809	18	0	0	37	0	6	40	49	0	42	7	507	6	633	113	0	7686	0	20	0	0	97	673	1635	0	0	73	0	1599	0	0	0	61	0	0	0	0	0	8	16	0	0	0	3	0	0	0	0	0	0	0	0	0	0	0	0	0	0	0	0	0	0	0	34	0	0
4082.4.lib29	0	52	0	18	36	5	19	0	0	0	19612	0	0	183	110	174	0	0	1577	152	584	8	0	0	0	0	121	0	20	0	0	0	0	43	0	7	26	0	0	45	0	0	205	37	2587	94	544	1587	98	213	143	88	1737	176	129	37	115	0	567	24	77	2724	0	0	6	0	0	0	225	0	36	0	319	85	1669	1929	14	83	36	53	5	41	0	0	651	223	0	0	18	0	0	0	6957	0	173	0	32	3207	11	0	0	35	0	11	21	6	0	44	0	243	7	720	186	0	10696	0	15	0	22	176	870	1905	0	13	38	0	1968	0	0	0	45	0	0	0	0	0	5	11	0	0	0	0	0	0	0	0	16	0	0	0	0	0	0	0	0	0	0	0	0	0	25	0	0	0
4084.2.lib29	0	20	0	0	97	23	0	0	0	260	3113	0	0	346	0	16	0	2943	0	432	59	0	0	0	865	0	15	0	4	0	31	0	5	145	3	0	303	0	0	27	0	637	556	6	1085	214	315	250	0	699	34	0	83	55	51	55	68	48	51	74	35	1298	0	0	0	5	122	3	49	99	29	16	12	0	160	1683	66	35	32	0	120	92	36	8	1240	171	182	44	51	0	0	0	8690	0	35	0	877	716	9	68	0	222	211	0	47	18	0	33	49	14	67	775	0	34	0	0	416	0	0	188	13	731	0	0	16	0	45	0	0	0	0	459	0	0	0	0	0	0	0	0	0	37	0	8	0	0	10	0	0	12	0	0	0	0	0	0	46	3	0	0	0	0	0	0
4084.3.lib29	0	23	6	1	121	10	0	16	0	164	5053	0	0	465	0	24	0	5456	0	638	90	0	0	0	949	0	6	0	4	0	19	0	0	262	19	5	380	0	0	25	0	787	634	17	1055	323	405	248	0	691	34	0	121	68	76	55	78	42	48	99	43	1487	0	0	0	0	78	0	39	146	40	52	18	0	211	1959	17	55	43	0	109	154	22	0	1439	231	196	46	64	0	0	0	8529	0	29	0	991	886	7	41	0	309	272	0	44	19	0	38	51	10	45	766	0	35	10	0	512	0	0	279	14	1782	0	0	36	0	38	0	0	0	0	895	0	0	0	0	0	0	0	0	0	37	0	4	0	0	0	0	0	10	0	4	0	0	0	0	56	3	0	0	0	0	0	0
4084.4.lib29	2	33	9	0	202	24	0	11	0	255	5150	0	0	501	0	30	0	7154	0	738	102	0	0	0	908	0	5	0	0	0	26	0	0	317	17	0	402	4	0	31	0	1234	657	11	1423	288	468	300	2	685	39	6	145	61	77	90	76	43	46	85	53	1320	0	0	0	0	86	3	82	177	49	50	18	0	256	2041	37	46	59	0	140	135	20	15	1565	233	209	44	49	3	0	0	9753	0	31	0	1415	1022	14	29	0	351	303	4	59	26	0	35	51	21	109	971	0	31	0	0	637	0	0	285	13	2151	0	0	54	0	62	0	0	0	0	1138	0	0	0	0	0	0	0	0	0	19	0	12	0	0	0	0	0	16	0	0	0	0	0	0	53	7	0	0	0	0	7	0
4085.2.lib29	0	25	2	0	0	0	34	0	48	13	9159	42	187	0	0	0	0	0	0	150	419	0	173	0	0	108	98	0	16	0	0	74	0	78	3	2	0	0	0	0	0	3	176	271	3623	27	238	587	10	599	5	22	194	27	34	16	0	0	107	13	19	4013	9	97	0	0	38	3	813	0	0	0	18	163	407	1014	8	65	45	25	14	0	49	10	388	0	29	0	48	2	0	0	11038	0	165	0	0	530	31	3	0	0	0	0	20	0	0	0	0	0	0	0	287	59	0	0	0	0	0	0	329	1637	1306	51	74	0	3	0	0	0	0	0	0	0	0	0	0	0	0	0	0	0	0	0	0	0	0	0	0	0	0	0	0	0	0	0	0	0	0	0	0	0	0	0
4085.3.lib29	2	31	0	0	0	0	85	0	43	20	19290	68	399	0	0	0	0	0	0	358	821	2	522	0	0	226	121	0	0	0	0	129	0	74	0	2	0	0	0	0	0	41	358	419	6209	60	373	1288	38	996	0	38	401	68	74	28	0	0	222	20	29	5873	28	203	0	0	62	0	1346	0	9	0	27	285	721	1645	11	105	86	61	21	0	100	24	653	0	38	17	74	8	0	0	21650	0	329	0	0	793	61	33	0	0	0	0	19	0	0	0	0	0	0	0	493	115	0	0	0	0	0	0	593	2085	1853	16	57	0	63	0	0	0	0	0	0	0	0	0	0	0	0	0	0	0	0	0	0	0	0	0	0	0	0	0	0	0	0	0	0	8	0	0	0	0	0	0
4085.4.lib29	0	34	0	0	0	0	19	0	8	11	565	36	27	0	0	0	0	0	0	39	69	0	77	0	0	31	75	0	0	0	0	15	0	35	0	0	0	0	0	0	0	14	174	177	8009	43	39	483	30	654	2	10	148	0	29	19	0	0	98	0	19	5028	18	83	0	0	3	0	305	0	2	0	16	69	223	519	7	27	45	45	40	0	69	22	492	0	24	14	57	0	0	0	17979	0	203	0	0	1013	32	5	3	0	0	2	7	0	0	0	0	0	0	0	112	43	0	0	0	0	0	0	49	666	478	2	0	0	125	0	0	0	0	0	0	0	0	0	0	0	0	0	0	0	0	0	0	0	0	0	0	0	0	0	0	0	0	0	0	0	0	0	0	0	0	0
4094.2.lib29	0	26	0	7	116	0	32	0	0	0	6437	0	0	0	37	0	166	0	0	114	6702	0	0	0	0	93	585	0	0	0	0	0	6	119	0	10	23	0	0	0	0	1985	146	604	5509	646	1135	1333	0	1444	0	0	794	985	12	219	62	63	377	76	170	2077	0	7	11	0	112	0	103	0	0	0	0	192	6150	2766	46	783	0	11	2	0	0	0	26	24	12	0	0	0	0	0	9580	0	65	0	11	2565	0	0	0	18	0	0	0	0	0	0	0	81	0	0	0	19	0	0	0	0	0	0	0	0	0	0	0	0	0	0	0	0	0	0	0	0	0	0	0	0	0	0	0	0	0	0	0	0	0	0	0	0	0	0	0	0	0	0	0	0	0	0	0	0	0	0
4094.4.lib29	0	59	0	0	156	6	40	0	0	0	3407	0	0	0	32	0	55	0	0	104	3160	0	0	0	0	19	186	0	0	0	0	0	8	10	2	0	44	0	0	0	0	399	105	418	2688	247	557	710	0	665	4	0	298	935	19	86	42	24	273	32	80	875	0	0	6	0	93	0	91	0	0	3	0	53	2799	1768	23	399	0	2	0	2	0	0	65	31	2	0	13	0	0	2	6373	0	46	0	16	1644	0	2	0	5	0	0	0	0	0	5	0	119	0	0	32	22	0	0	0	0	0	0	0	19	0	0	0	0	0	0	0	0	0	0	0	0	0	0	0	0	0	0	0	0	0	0	0	0	0	0	0	0	0	0	0	0	0	0	0	0	0	0	0	0	0	0
4095.2.lib29	7	41	0	0	38	0	4	52	0	0	2769	0	0	0	0	0	0	0	1494	0	55	11	0	0	0	145	0	0	6	0	0	0	0	109	7	0	0	0	0	0	0	988	23	69	1221	315	198	177	0	217	0	0	291	75	13	48	0	0	60	6	16	1654	0	13	0	0	0	0	22	0	0	0	147	76	258	398	0	32	0	0	0	0	0	0	0	0	0	0	0	0	0	0	818	0	36	0	0	548	0	0	0	0	0	0	0	0	0	0	0	2000	0	0	0	438	0	0	0	3	0	0	96	0	0	4653	48	0	0	0	0	0	0	0	0	0	0	0	0	0	0	0	0	0	0	0	0	0	0	0	0	0	0	0	0	0	0	0	0	0	0	0	0	0	0	0
4095.3.lib29	3	133	0	5	184	0	16	346	0	0	7117	0	0	0	0	0	0	0	4037	13	134	17	0	0	0	225	3	0	0	0	0	9	0	186	0	8	0	0	0	0	0	1154	29	276	3721	1293	606	475	0	674	0	2	684	195	22	183	0	0	186	27	17	4089	0	57	0	0	0	0	140	0	0	0	391	266	769	880	0	219	0	0	2	0	0	0	0	6	0	0	0	0	0	0	3303	0	81	0	0	1880	0	0	0	0	0	0	0	0	0	0	0	2396	0	0	0	1295	0	0	0	0	0	0	271	138	0	6665	89	0	2	0	0	0	0	0	0	0	0	0	0	0	0	0	0	0	0	0	0	0	0	0	0	0	0	0	0	0	0	0	0	0	0	0	0	0	0	0
4095.4.lib29	4	54	0	0	118	0	3	255	0	0	5250	0	0	0	0	0	0	0	1896	0	99	13	0	0	0	143	0	0	7	0	0	2	0	196	0	0	0	0	0	0	0	588	41	111	2630	845	303	313	0	397	0	3	523	101	0	82	0	0	100	24	9	2548	0	24	0	0	2	0	61	0	0	0	272	151	447	669	0	106	0	0	0	0	0	0	5	0	15	0	0	0	0	0	2318	0	81	0	0	1150	0	0	0	0	0	5	0	0	0	0	0	1621	0	0	0	471	0	0	0	0	4	4	118	5	0	3452	30	0	0	0	0	0	0	0	0	0	0	0	0	0	0	0	0	0	0	0	0	0	0	0	0	0	0	0	0	0	0	0	0	0	0	0	0	0	0	0
4098.2.lib29	49	0	0	0	273	0	15	0	16	0	19201	0	0	0	144	0	0	0	0	407	253	0	0	158	0	15	69	0	0	0	0	0	0	239	0	4	40	0	0	0	0	0	10	44	3618	46	593	1241	0	45	0	0	572	56	24	46	0	0	8	71	18	655	0	0	0	0	42	0	123	0	0	0	316	264	232	3191	0	74	6	0	0	0	6	0	6	26	0	0	0	0	0	0	395	0	0	15	0	2247	11	0	0	0	0	0	0	0	0	0	0	0	0	0	0	8	0	0	63	0	0	41	0	23885	283	35	0	0	15	0	0	0	0	0	0	0	0	0	0	0	0	0	0	0	0	0	0	56	0	0	0	0	0	0	0	0	0	0	0	0	0	0	0	0	0	0
4098.3.lib29	0	2	0	0	200	0	6	0	16	0	11182	0	0	0	159	0	0	0	0	334	117	9	0	253	0	32	81	0	0	0	0	0	0	66	0	0	57	0	0	0	0	0	0	29	4276	40	849	680	4	0	72	0	380	48	22	22	21	0	30	169	0	595	0	0	0	0	38	0	38	0	0	0	165	59	79	2178	9	55	81	0	70	0	0	0	222	86	0	6	0	0	0	0	652	0	5	0	0	2050	3	0	0	0	0	0	0	0	0	12	12	0	0	0	52	29	0	0	100	6	0	52	0	8782	25	7	22	0	25	3	0	0	0	0	0	0	0	0	0	0	0	0	0	0	0	0	0	28	0	0	0	0	0	0	0	0	0	0	0	0	0	0	0	0	0	0
4098.4.lib29	21	6	0	0	226	5	9	0	16	0	7154	0	0	0	100	0	0	0	0	325	112	0	3	162	0	21	53	0	2	0	0	0	0	104	7	0	91	0	0	3	0	0	3	14	1474	41	264	611	0	21	22	0	238	61	16	17	35	0	21	117	0	412	0	0	0	0	31	0	60	0	0	0	118	73	60	1312	5	50	26	3	46	0	0	0	136	31	7	3	2	0	0	0	663	0	0	3	5	2231	0	0	0	0	0	0	0	0	0	10	3	0	0	0	21	20	0	0	83	0	0	84	0	7631	66	5	6	0	8	0	0	0	0	0	0	0	0	0	0	0	0	0	0	0	0	0	0	49	0	0	0	0	0	0	0	0	0	0	0	0	0	0	0	0	0	0
4100.2.lib29	98	85	63	2	0	0	0	0	0	0	0	0	0	0	0	0	0	0	0	0	0	0	0	0	0	426	0	0	0	0	0	0	1247	845	20	0	0	0	0	0	0	71	0	454	4962	0	0	486	0	0	0	668	2371	0	0	0	0	0	0	0	0	3384	18	0	0	0	0	0	0	0	0	0	0	3033	2759	544	0	150	0	236	0	0	0	0	0	0	0	0	11	0	0	0	8381	0	128	0	0	3365	16	3	26	0	0	0	0	0	0	0	0	159	0	0	0	1250	51	2	0	0	0	0	0	16171	0	0	309	0	0	0	0	0	0	0	0	0	0	0	0	0	5	0	0	0	0	0	0	0	0	0	0	0	0	0	0	0	0	0	0	0	0	0	0	0	0	0
4100.3.lib29	12	19	24	0	0	0	0	0	0	0	0	0	0	0	0	0	0	0	0	0	0	0	0	0	0	310	0	0	0	0	0	0	545	667	4	5	0	0	0	0	0	31	0	217	4106	0	0	339	0	0	0	528	1651	0	0	0	0	0	0	0	0	3362	55	0	0	0	0	0	0	0	0	0	0	2841	2483	357	0	61	0	61	0	0	0	0	0	0	0	0	0	0	0	0	4035	0	229	0	0	2464	4	0	16	0	0	0	0	0	0	0	0	62	3	0	0	583	0	0	0	0	0	0	0	20214	0	0	178	0	0	0	0	0	0	0	0	0	0	0	0	0	0	0	0	0	0	0	0	0	0	0	0	0	0	0	0	0	0	0	0	0	0	0	0	0	0	0
4100.4.lib29	24	55	15	0	0	0	0	0	0	0	0	0	0	0	0	0	0	0	0	0	0	9	0	0	0	352	0	15	0	0	0	0	913	969	19	0	0	0	0	0	0	141	0	289	4601	0	0	586	0	0	0	1210	2914	0	0	0	0	0	0	0	0	5913	55	0	0	0	0	0	0	0	0	0	0	4213	4119	802	0	143	0	315	0	0	0	0	0	0	0	0	0	0	0	0	5739	0	151	0	0	1958	9	0	82	0	0	0	0	0	0	0	0	186	0	0	0	562	14	0	0	0	0	0	0	34380	0	0	423	0	0	0	0	0	0	0	0	0	0	0	0	0	0	0	0	0	0	0	0	0	0	0	0	0	0	0	0	0	0	0	0	0	0	0	0	0	0	0
4104.3.lib29	5	66	7	0	0	0	0	0	0	0	15269	0	0	0	0	0	585	0	0	0	435	0	0	0	0	274	14	17	40	0	0	54	0	85	0	0	0	0	102	0	0	0	740	471	7663	186	593	1095	0	610	0	61	1163	31	0	157	0	0	977	42	6	2461	0	1019	0	0	0	2	147	0	12	0	253	23	875	2031	17	258	15	293	97	0	131	110	0	0	0	0	0	58	0	0	3750	0	164	0	360	2877	155	0	0	0	0	6	62	0	0	14	0	52	2	0	0	124	31	0	0	0	0	0	926	173	0	0	112	0	1193	0	0	0	0	0	0	0	0	0	8	0	0	0	0	0	0	0	0	0	0	0	0	0	0	0	0	0	0	0	0	0	0	0	0	0	0	0
4104.4.lib29	0	17	0	0	0	0	0	0	0	0	7363	0	0	0	0	0	141	0	0	0	134	0	0	0	0	93	7	7	20	0	2	12	0	44	0	0	0	0	31	0	0	0	292	197	2727	68	121	320	0	201	0	21	382	9	5	30	0	0	319	17	6	1032	0	371	0	0	0	0	49	0	3	6	55	0	308	657	5	70	14	124	22	0	33	36	0	0	0	0	2	9	0	0	2276	0	38	0	69	655	43	0	0	0	0	0	24	0	0	7	0	17	0	0	0	68	11	0	0	0	0	0	586	52	0	0	46	0	445	0	0	0	0	0	0	0	0	0	7	0	0	0	0	0	0	0	0	0	4	0	0	0	0	0	0	0	0	0	0	0	0	0	0	0	4	0
4106.2.lib29	3	0	22	3	0	0	48	0	0	0	20952	0	0	0	0	0	0	0	0	1235	0	0	0	150	0	182	0	0	7	0	0	23	3	193	0	0	179	0	0	0	0	0	0	24	5913	0	711	78	0	380	0	56	1569	1655	0	176	1121	0	791	6	0	6681	22	0	0	0	729	13	456	0	0	0	0	65	261	6505	123	950	107	142	18	0	114	0	0	6	0	184	175	0	0	0	13050	0	182	0	18	1952	66	0	0	0	0	0	0	0	0	0	0	0	0	0	2017	65	0	0	0	0	0	0	867	8115	0	236	12	4	0	0	0	0	0	0	0	0	0	0	0	0	0	0	0	0	0	0	0	0	0	0	0	0	0	0	0	0	0	0	0	0	0	0	0	0	0	0
4108.2.lib29	0	0	0	0	184	0	0	0	0	0	14785	8	0	0	0	0	0	0	0	4	11	0	0	18	0	0	109	0	0	0	0	0	0	326	0	0	22	0	0	0	0	69	16	34	3428	20	0	1164	0	121	0	81	991	179	214	0	4	0	103	16	0	7780	0	0	0	0	0	25	6	0	0	0	428	0	2524	955	0	104	0	12	0	0	0	0	0	24	0	0	0	0	0	0	5298	0	122	0	0	872	0	22	0	0	0	0	0	0	0	0	0	267	0	0	0	44	0	0	0	0	0	0	86	17038	0	0	16	0	35	0	0	0	0	0	0	0	0	0	0	0	0	0	0	0	0	0	0	0	0	0	0	0	0	0	0	0	0	0	0	0	0	0	0	0	0	0
4108.3.lib29	0	0	0	0	203	0	0	0	0	0	10117	6	0	0	0	0	0	0	0	45	14	0	0	18	0	0	92	0	0	0	0	0	0	90	0	0	12	0	0	0	0	133	4	9	1895	33	0	956	3	109	0	43	743	167	105	3	22	0	138	38	0	3669	0	0	0	0	0	20	6	0	0	0	256	9	1750	1024	0	108	0	18	0	0	0	0	13	9	0	0	0	0	0	0	4291	0	86	0	0	612	0	6	0	0	0	2	0	0	0	0	0	138	0	0	0	24	0	0	0	0	0	0	86	6931	0	0	0	0	10	0	0	0	0	0	0	0	0	0	0	0	0	0	0	0	0	0	0	0	0	0	0	0	0	0	0	0	0	0	0	0	0	0	0	0	0	0
4108.4.lib29	0	4	0	0	161	0	0	0	0	0	9545	11	0	0	0	0	0	0	0	30	12	0	0	20	0	0	114	0	0	0	0	0	0	144	0	2	6	0	0	0	0	287	0	11	1361	28	0	909	6	44	4	35	800	210	107	4	18	0	192	33	5	3650	0	0	0	0	0	10	9	0	0	0	210	0	1097	977	0	109	0	36	0	0	5	0	12	14	6	0	0	0	0	0	4331	0	93	0	0	497	0	8	0	0	0	0	0	0	0	0	0	277	0	0	0	45	11	0	0	0	0	0	132	5398	0	0	22	0	5	0	0	0	0	0	0	0	0	0	0	0	0	0	0	0	0	0	0	0	0	0	0	0	0	0	0	0	0	0	0	0	0	0	0	0	0	0
4109.2.lib29	0	350	8	0	117	0	28	0	0	0	4862	110	0	0	0	0	367	0	0	4	0	0	0	0	0	0	22	0	0	0	0	3	2	89	0	0	0	0	0	19	0	4	838	614	3257	476	332	546	98	496	0	7	442	16	109	60	0	0	162	0	0	276	0	0	0	0	8	0	233	0	7	0	706	3	244	406	5	88	12	3	3	0	0	0	0	0	30	0	0	0	0	0	8342	0	123	0	75	2588	0	0	0	0	0	8	0	0	0	4	0	142	0	0	73	78	18	0	0	0	0	0	170	1876	0	0	31	0	0	0	0	0	0	0	0	0	0	0	0	0	0	0	0	0	0	0	0	0	0	0	0	0	0	0	0	0	0	0	0	0	0	0	36	0	0	0
4109.3.lib29	0	220	22	0	160	0	13	0	0	0	11139	280	0	72	0	21	1160	0	0	6	82	0	5	95	0	0	30	0	0	0	0	11	9	494	0	2	0	0	0	10	0	0	559	529	2723	569	552	610	35	329	13	11	643	46	81	50	13	0	266	0	0	728	6	0	0	0	7	0	202	0	11	0	859	2	224	422	4	121	16	22	0	0	0	0	0	0	7	0	0	0	0	0	8289	0	153	0	74	1907	2	0	18	0	0	0	15	0	0	13	0	100	0	0	98	191	18	0	0	0	0	36	229	5710	0	0	177	26	0	0	0	0	0	0	0	0	0	0	8	7	0	0	0	0	0	0	0	0	0	0	0	0	0	0	0	0	0	0	0	0	0	0	29	0	0	0
4109.4.lib29	0	484	11	0	216	0	21	0	0	0	12363	413	0	0	0	0	1260	0	0	0	0	0	0	0	0	5	74	0	0	0	0	0	0	402	0	3	0	0	0	30	0	5	767	903	2624	859	688	904	135	583	0	35	765	37	134	79	0	0	367	0	0	394	0	0	0	0	25	0	259	0	23	0	1054	0	288	713	0	151	7	5	11	0	0	0	0	0	35	0	0	0	0	0	9793	0	222	0	121	2805	0	0	0	0	0	15	0	0	0	7	0	236	0	0	202	245	60	0	0	0	0	0	371	5434	0	0	582	0	0	0	0	0	0	0	0	0	0	0	4	0	0	0	0	0	0	0	0	0	0	0	0	0	0	0	0	0	0	0	0	0	0	0	31	0	0	0
4115.3.lib29	0	0	0	0	0	0	0	0	0	0	10868	0	0	0	0	0	0	0	0	0	5	0	0	9	0	198	160	0	0	0	0	0	0	49	0	3	0	0	0	0	0	1513	0	0	0	0	0	0	0	0	0	0	0	41	0	0	0	0	0	0	0	41	0	0	0	0	0	0	0	0	0	0	0	4492	90	0	0	0	0	0	0	0	0	0	0	0	0	0	0	0	0	0	0	0	8	0	0	0	0	0	0	0	0	0	0	0	0	0	0	12	0	0	0	132	1153	0	0	3	6	0	299	25664	0	0	0	0	0	0	0	0	0	0	0	0	0	0	0	0	0	0	0	0	0	0	0	0	0	0	0	0	0	0	0	0	0	0	0	0	0	0	0	0	0	0
4115.4.lib29	0	0	0	3	0	0	0	0	0	0	10006	0	0	0	0	0	0	0	0	0	3	0	0	10	0	307	285	0	0	0	0	0	0	26	0	0	0	0	0	0	0	814	0	0	0	0	0	0	0	0	0	0	0	74	0	0	0	0	0	0	0	62	0	0	0	0	0	0	0	0	0	0	0	3754	157	0	0	0	0	4	0	0	0	0	0	0	0	0	0	0	0	0	0	0	5	0	0	0	0	0	0	0	0	0	0	0	0	0	0	0	0	0	0	93	1018	0	0	0	0	0	241	34267	0	10	0	0	0	0	0	0	0	0	0	0	0	0	0	0	0	0	0	0	0	0	0	0	0	0	0	0	0	0	0	0	0	0	0	0	0	0	0	0	0	0
4122.2.lib29	35	21	3	0	0	0	48	0	0	0	7865	0	0	0	0	0	0	0	0	139	3960	0	0	179	0	569	0	0	31	146	0	63	0	678	0	2	0	0	0	0	0	1137	0	133	1745	0	62	4127	74	20	0	53	450	0	0	9	0	0	0	0	0	47	96	363	0	40	0	10	39	0	0	0	0	6690	9207	156	0	95	14	29	6	0	35	0	0	0	12	0	0	0	0	0	1969	493	164	16	0	0	51	0	0	0	0	0	0	0	0	9	0	203	0	76	0	60	6919	0	36	0	0	0	1029	1326	16	335	169	0	0	0	0	0	0	0	0	0	0	0	0	0	0	0	0	0	0	0	0	0	0	0	0	0	0	0	0	0	0	0	0	0	0	0	0	0	0	0
4122.3.lib29	7	7	2	0	0	0	26	0	0	0	3419	0	0	0	0	0	0	0	0	82	1318	0	0	273	4	102	0	0	1	14	0	20	2	140	0	0	0	0	0	6	0	583	0	19	819	0	21	891	56	5	0	49	254	0	0	0	0	0	0	0	0	24	42	271	0	37	2	3	6	0	0	0	0	2522	3955	110	0	21	18	18	5	0	27	0	0	0	5	0	0	12	2	0	618	244	66	5	0	0	49	0	0	0	0	0	0	0	0	20	0	21	0	84	0	76	3115	0	6	0	0	0	338	601	25	114	34	0	0	0	0	0	0	0	0	0	0	0	0	0	0	0	0	0	0	0	0	0	0	0	0	0	0	0	0	0	0	0	0	0	0	0	0	0	0	0
4122.4.lib29	19	11	3	5	0	0	21	0	0	0	7945	0	0	0	0	0	0	0	0	228	4004	0	0	878	28	258	0	0	24	42	0	37	3	383	0	0	0	0	0	7	0	1405	0	29	1846	0	0	1846	128	0	0	121	681	0	0	13	0	0	0	0	0	54	177	773	0	103	6	7	18	0	0	0	0	7032	9030	341	0	53	32	56	10	0	63	0	0	0	6	0	0	17	0	0	960	261	57	20	0	0	69	0	0	0	0	0	0	0	0	2	0	59	0	126	0	82	8860	0	0	4	0	0	966	1963	60	321	101	0	0	0	0	0	0	0	0	0	0	0	0	0	0	0	0	0	0	0	0	0	0	0	0	0	0	0	0	0	0	0	0	7	0	0	0	0	0	0
4129.2.lib29	6	2435	0	0	924	3	22	0	0	28	7450	1514	0	0	206	0	0	0	0	1587	2373	0	0	372	0	0	138	0	0	10	0	2	0	329	7	3	12	0	0	0	0	0	695	167	2826	0	44	948	16	846	0	8	1102	80	34	17	11	0	226	10	0	287	2	0	0	0	75	0	280	0	6	0	634	55	884	239	0	84	43	83	2	0	57	0	25	0	12	0	122	0	0	0	5260	0	22	67	0	2682	0	0	0	12	0	9	32	0	0	0	0	96	0	0	358	16	0	0	0	0	0	0	1967	144	0	12	0	0	0	0	0	0	0	0	0	0	0	0	0	0	0	0	0	0	0	0	0	0	0	0	0	0	0	0	0	0	0	0	0	0	0	0	0	0	0	0
4129.3.lib29	9	1227	0	5	294	9	36	0	0	24	6037	1148	0	0	137	0	0	0	0	1142	1566	0	0	282	0	0	95	0	6	2	0	0	0	151	0	0	14	0	0	0	0	0	717	86	2109	0	27	672	18	814	0	0	789	54	26	15	12	0	218	4	0	233	5	0	0	0	66	0	158	0	7	0	581	49	711	203	16	56	27	25	0	0	32	9	22	0	0	0	69	0	0	2	3264	0	33	46	0	2254	0	0	0	3	0	2	33	0	0	0	0	66	0	0	244	9	0	0	0	0	0	0	1607	80	0	15	0	0	0	0	0	0	0	0	0	0	0	0	0	0	0	0	0	0	3	0	0	0	0	0	0	0	0	0	0	0	0	0	0	0	0	0	0	0	0	0
4129.4.lib29	0	1841	0	0	665	0	59	0	0	62	12965	2084	0	0	225	0	0	0	0	1847	3342	0	0	461	0	0	129	0	9	0	0	0	0	343	0	0	19	0	0	0	0	0	1066	153	3443	0	36	1135	23	1206	0	0	1431	83	25	26	9	0	264	10	0	412	0	0	0	0	115	0	233	0	7	0	813	57	1139	287	17	101	50	72	0	0	78	13	40	0	25	0	94	0	11	0	5743	0	38	69	0	3950	0	0	0	6	0	0	38	0	0	0	0	79	0	0	394	15	0	5	0	0	0	0	1755	119	0	36	6	0	0	0	0	0	0	0	0	0	0	0	0	0	0	0	0	0	3	0	0	0	0	0	0	0	0	0	0	0	0	0	0	0	0	0	0	0	0	0
4134.4.lib29	0	3	3	0	1368	0	71	0	0	0	12333	0	0	0	0	0	128	0	3341	235	1797	0	0	0	0	193	0	53	0	0	0	10	0	49	0	6	13	0	0	0	0	0	205	41	2646	0	369	3234	0	485	0	17	2119	2138	0	0	0	0	0	0	36	3298	0	475	0	0	0	0	340	0	36	0	597	109	2357	200	0	15	0	22	0	0	0	0	0	18	0	0	0	0	0	0	476	0	139	0	0	1521	5	0	0	0	0	0	0	0	0	0	0	14	0	0	65	53	2	0	0	2	0	0	2222	377	657	415	11	0	0	0	0	0	0	0	0	0	0	0	0	0	0	0	0	0	0	0	0	0	0	0	0	0	0	0	0	0	0	0	0	0	0	0	0	0	0	0
4135.2.lib29	0	15	51	0	0	0	0	0	0	0	6584	0	0	0	0	0	0	0	0	0	14	0	0	0	0	0	0	0	0	0	0	21	15	778	0	0	0	0	0	0	0	0	0	64	643	0	488	1130	10	115	9	203	1074	0	0	0	0	0	0	0	0	1112	0	0	0	0	98	0	0	0	13	0	15	2469	402	973	0	0	0	138	19	0	267	0	0	0	0	0	0	0	0	0	0	0	58	0	0	0	74	0	0	0	0	0	0	0	0	0	0	87	0	0	0	273	0	9	0	0	0	0	877	0	4	0	0	13	0	0	0	0	0	0	0	0	0	0	0	0	0	0	0	0	0	0	0	0	0	0	0	0	0	0	0	0	0	0	0	0	0	0	0	0	0	0
4135.3.lib29	0	69	5	0	0	0	0	0	0	0	8781	0	0	0	0	0	0	0	0	0	36	0	0	0	0	0	0	0	0	0	0	34	96	985	0	0	0	0	0	0	0	0	0	185	1165	0	744	1055	34	232	19	183	1722	0	0	0	0	0	0	0	0	1440	0	0	0	0	174	0	0	0	38	0	21	2085	328	1930	0	0	0	359	79	0	472	0	0	0	0	0	0	0	0	0	0	0	145	0	0	0	56	0	0	0	0	0	0	0	0	0	0	141	11	0	0	380	0	9	0	0	5	0	986	0	0	0	0	11	0	0	0	0	0	0	0	0	0	0	0	0	0	0	0	0	0	0	0	0	0	0	0	0	0	0	0	0	0	0	0	0	0	0	0	0	0	0
4135.4.lib29	0	27	9	0	0	0	0	0	0	0	11312	0	0	0	0	0	0	0	0	15	93	0	0	0	0	2	0	0	0	0	0	35	21	332	0	0	0	0	0	0	0	0	0	245	858	0	701	936	74	147	0	404	2309	0	0	0	0	0	0	0	0	1662	0	0	0	0	110	3	0	0	15	0	34	2610	381	1566	0	2	0	462	142	0	798	0	17	0	3	0	0	0	0	0	13	0	142	0	7	41	104	3	0	0	0	0	9	0	0	0	0	20	0	0	5	312	0	4	0	0	0	0	1244	0	67	0	0	25	0	0	0	0	0	0	0	0	0	0	0	0	0	0	0	0	0	0	0	0	0	0	0	0	0	0	0	0	0	0	0	0	0	0	0	0	0	0
4136.2.lib29	0	0	9	0	0	0	5	0	0	0	6904	0	2249	0	0	0	0	0	0	440	1611	0	0	0	0	33	0	0	0	0	0	47	1538	27	7	0	0	0	0	0	8	0	0	28	4888	0	0	0	1392	283	0	3712	631	0	0	0	1104	0	24	0	0	581	0	135	0	156	0	731	345	0	0	0	897	311	5970	732	0	21	223	170	771	549	211	87	9	12	34	46	384	0	5	9	6908	34	782	497	0	645	373	5	0	14	0	8	0	0	0	0	0	55	0	0	0	5	0	7	0	0	0	297	0	1513	0	2293	20	0	0	0	0	0	0	0	0	0	0	0	0	0	0	0	0	0	0	0	0	0	0	0	0	0	0	0	0	0	0	0	0	0	0	0	0	0	0	0
4136.3.lib29	0	2	52	32	0	0	0	0	0	0	10528	17	2296	0	0	0	0	0	0	343	2141	0	0	0	0	46	0	0	0	0	0	79	1412	179	28	0	38	0	0	78	0	0	12	12	5075	0	38	0	2183	336	0	3925	724	0	0	0	1131	0	32	0	0	814	0	186	0	204	0	520	349	0	0	0	893	481	8225	950	0	9	239	177	562	336	212	56	0	0	50	33	340	0	0	0	6155	17	602	384	0	962	428	0	0	0	0	2	0	0	25	0	0	83	0	0	0	0	0	19	0	11	0	288	0	6070	0	1840	212	34	0	0	0	0	0	0	0	0	0	0	0	0	0	0	0	0	0	0	0	0	0	0	18	0	0	0	0	0	0	0	0	51	0	0	0	0	0	0
4136.4.lib29	0	0	20	0	0	0	0	0	0	0	8304	0	1950	0	0	0	0	0	0	429	1437	0	0	0	0	0	0	0	0	0	0	29	1676	64	0	5	0	0	0	0	0	0	0	12	3902	0	0	0	1691	201	0	4780	525	0	0	0	842	0	39	0	0	645	0	221	0	250	0	632	229	0	0	0	614	196	4090	629	0	50	233	79	476	571	224	35	0	7	84	23	306	11	0	26	6698	15	434	427	0	647	327	4	0	0	21	0	0	0	0	0	0	37	0	0	0	0	0	7	0	7	0	314	0	1234	0	2612	0	0	0	0	0	0	0	0	0	0	0	0	0	0	0	0	0	0	0	0	0	0	0	0	0	0	0	0	0	0	0	0	0	8	0	0	0	0	0	0
4142.3.lib29	0	194	0	0	68	0	0	0	0	0	7709	1478	0	0	668	0	81	0	0	1664	569	0	0	65	560	0	0	0	4	29	0	0	16	0	0	0	1067	1262	25	2509	662	367	29	86	878	2872	553	574	0	352	660	6	55	6	6	79	33	49	114	53	186	809	0	0	0	0	9	9	0	0	0	65	0	4	21	1633	10	101	139	3	49	311	136	0	1513	387	1098	199	161	0	11	24	4050	185	417	77	116	1964	24	88	63	216	1572	0	1572	0	63	120	154	111	0	0	342	0	0	0	0	0	2	26	0	1357	0	0	0	7	866	3	0	0	0	0	0	0	0	0	0	0	20	61	0	115	0	0	0	13	0	0	20	73	0	0	0	0	0	0	34	8	0	0	0	18	0	0
4142.4.lib29	0	149	0	0	115	0	0	0	0	0	9244	2215	0	0	603	0	73	0	0	2076	727	0	0	160	378	0	5	0	0	11	7	0	0	0	0	0	518	935	23	1181	721	289	28	90	816	1758	512	383	2	268	399	0	69	0	25	68	57	73	107	9	130	511	0	0	0	0	9	6	28	0	5	89	0	0	0	1422	41	64	101	5	46	239	105	0	1323	321	1097	143	305	0	4	16	2606	67	243	37	89	1263	43	179	28	128	814	7	1058	0	42	156	23	65	0	0	206	16	0	0	0	7	8	18	0	1121	0	0	0	10	723	10	0	0	0	0	0	0	0	0	0	0	0	88	0	182	0	13	0	3	0	0	0	22	0	0	0	0	0	0	12	0	0	0	0	0	0	0
4143.2.lib29	0	424	0	0	178	15	0	0	0	0	17554	1961	0	0	689	0	0	0	0	1548	0	0	0	1027	0	0	75	0	5	0	0	0	0	284	0	0	10	5	0	77	0	0	271	45	1799	23	696	764	0	23	96	0	569	22	39	0	123	73	439	355	0	1339	0	0	24	0	0	0	286	0	0	0	24	0	1594	605	18	142	48	6	41	81	0	0	541	304	6	0	43	0	5	0	7432	0	20	46	93	3355	0	0	10	0	0	0	20	0	0	208	36	15	0	0	505	80	6	30	0	18	26	257	0	3776	0	0	0	1	167	6	0	0	0	0	0	0	0	0	0	0	0	0	0	0	0	0	0	0	0	0	0	0	0	0	0	0	0	0	0	0	0	0	2	0	0	0
4143.3.lib29	0	519	0	0	216	0	6	0	0	0	16017	1557	0	0	514	0	0	0	0	1513	0	0	0	831	0	0	42	0	0	0	0	0	0	214	0	0	44	12	0	79	0	20	341	23	1547	111	597	611	7	69	181	0	461	27	68	21	70	64	408	313	30	605	2	0	6	0	0	0	168	0	0	0	0	0	1743	726	0	132	68	2	72	46	9	0	513	174	50	0	25	28	0	0	6527	0	48	46	101	3434	0	0	15	3	0	0	38	0	0	82	0	18	0	0	427	38	32	10	0	0	0	447	0	3322	0	0	11	0	160	0	0	0	0	0	0	0	0	0	0	0	0	0	0	0	0	0	0	0	0	0	0	0	0	0	0	0	0	0	0	0	0	0	0	0	0	0
4143.4.lib29	0	343	0	0	233	5	0	0	0	0	13534	1601	0	0	509	0	0	0	0	1715	0	0	0	1103	0	0	36	0	3	0	0	0	0	94	0	0	46	6	0	92	0	0	552	20	1507	105	434	643	0	120	179	0	381	34	43	45	79	42	475	224	30	535	0	0	8	0	0	0	137	0	4	4	25	0	1220	597	9	123	64	12	118	38	4	0	655	176	37	0	0	7	3	0	5652	0	54	41	146	2749	0	0	2	17	0	0	40	0	0	94	21	5	0	0	384	64	8	2	0	0	3	468	0	1967	0	0	10	0	110	5	0	0	0	0	0	0	0	0	0	0	0	0	0	0	0	0	0	0	10	0	0	0	0	0	0	0	0	0	0	0	0	0	0	0	0	0
4153.2.lib29	16	42	4	4	169	23	4	0	0	0	0	0	714	0	0	1031	0	0	0	116	0	0	0	0	0	6	18	0	5	0	0	8	16	404	0	0	83	0	0	11	0	0	23	112	1607	52	347	258	0	355	6	6	169	43	21	44	58	0	624	0	28	1325	61	0	0	0	37	3	87	0	0	4	0	49	1962	4286	0	80	42	16	27	5	24	19	81	39	10	0	36	0	7	0	4132	0	86	66	2	3282	0	4	0	14	0	0	0	0	6	0	0	620	0	0	0	13	18	10	30	13	20	188	0	1354	0	275	212	24	171	0	0	0	0	0	0	0	0	0	0	0	0	0	0	0	0	0	0	0	0	0	0	0	0	0	0	0	0	0	0	0	0	0	0	0	0	0
4153.3.lib29	7	98	4	0	506	97	8	0	0	0	0	0	1347	0	0	1764	0	0	0	373	0	0	0	0	0	5	65	0	6	0	0	0	24	191	0	0	119	9	0	29	0	8	53	142	3257	55	356	387	58	513	15	19	286	67	98	151	219	0	1304	0	25	2644	50	14	0	0	58	0	138	0	9	8	0	94	3439	7043	8	138	72	26	51	0	35	67	140	64	53	0	61	0	0	0	4993	0	222	130	11	3495	8	9	0	29	0	0	9	0	24	17	0	422	0	0	15	24	19	5	54	2	0	603	0	1566	0	155	40	0	109	0	0	0	0	0	0	0	0	0	0	0	0	0	0	0	0	0	0	0	0	0	0	0	12	0	0	0	0	0	0	0	0	0	0	0	0	0
4153.4.lib29	10	83	0	13	232	36	35	0	0	0	0	0	2220	0	0	2644	0	0	0	826	0	0	0	0	0	16	30	0	6	0	0	22	9	148	9	10	127	0	0	59	0	0	137	226	4326	63	537	489	92	1216	21	57	414	175	76	121	257	0	1568	0	44	3979	171	13	0	0	78	0	134	0	0	0	0	260	4442	10046	0	119	34	22	44	18	13	121	256	39	64	0	59	0	7	3	8560	0	245	150	24	5790	28	50	0	30	0	0	0	0	9	25	30	290	0	0	24	103	16	65	69	0	4	878	0	2700	0	149	113	21	404	0	0	0	0	0	0	0	0	0	0	0	0	0	0	0	0	0	0	0	0	0	0	0	0	0	0	0	0	0	0	0	0	0	0	0	0	0
4160.2.lib29	13	86	12	14	0	0	0	0	75	0	35819	18	2477	0	34	0	2465	0	0	380	3919	0	0	0	0	576	0	0	0	0	0	0	380	316	0	0	0	0	0	54	0	0	0	301	1977	0	14	0	77	0	0	3142	20693	12	0	0	0	0	39	0	0	0	196	13	0	0	0	0	0	0	0	0	0	0	38	470	0	41	23	309	0	0	163	19	0	8	3	0	0	0	0	0	1670	0	86	76	60	84	18	0	25	0	0	0	0	0	0	15	0	0	0	0	0	57	0	0	0	0	0	99	0	70	0	97	0	49	0	0	0	0	0	0	0	0	0	0	0	0	0	0	0	0	0	0	7	0	0	0	0	0	0	0	0	0	0	0	0	0	0	0	0	0	0	0
4160.3.lib29	0	0	0	0	0	0	0	0	0	0	23816	0	1460	0	11	0	3558	0	0	156	2627	0	0	0	0	388	0	0	0	0	0	0	358	0	0	0	0	0	0	0	0	0	0	560	1979	0	0	0	17	0	0	1476	14655	0	0	0	0	0	0	0	0	0	161	0	0	0	0	26	0	0	0	0	0	0	0	238	0	23	0	247	0	0	198	19	0	0	0	0	0	0	0	0	2500	0	145	0	0	0	0	0	0	9	0	0	0	0	0	0	0	0	0	0	7	58	0	0	0	0	0	73	0	0	0	109	0	31	0	0	0	0	0	0	0	0	0	0	0	0	0	0	0	0	0	0	0	0	0	0	0	0	0	0	0	0	0	0	0	0	0	0	0	0	0	0
4160.4.lib29	0	0	0	0	0	0	0	0	0	0	27627	2	2458	0	0	0	4561	0	0	178	3778	0	0	0	0	489	0	0	0	0	0	0	352	0	0	0	0	0	0	0	0	0	0	502	2455	0	0	0	11	0	0	1634	18266	0	0	0	0	0	0	0	0	0	91	3	0	0	0	25	0	0	0	0	0	0	0	304	0	58	0	407	0	0	376	31	0	0	0	0	0	0	0	0	4960	0	170	0	0	0	4	0	0	0	0	0	0	0	0	0	0	0	0	0	16	90	0	0	0	0	0	169	0	0	0	271	0	0	0	0	0	0	0	0	0	0	0	0	0	0	0	0	0	0	0	0	0	0	0	0	0	0	0	0	0	0	0	0	0	0	0	0	0	0	0	0
4161.2.lib29	0	0	0	0	51	0	5	0	0	0	963	0	0	0	0	0	0	0	0	0	0	0	0	0	0	36	317	0	11	0	0	0	188	527	18	0	0	0	0	0	0	0	11	29	4202	111	42	4767	0	1691	0	21	1419	46	42	2	0	74	813	0	0	1598	0	0	0	0	6	0	37	0	8	0	205	227	0	2662	0	110	0	39	0	0	0	0	0	0	0	0	5	0	0	0	483	0	182	37	0	536	0	0	0	0	0	0	0	0	0	0	0	201	0	0	0	196	38	0	0	0	12	0	805	16838	0	1664	234	0	0	0	0	0	0	0	0	0	0	0	0	0	0	0	0	0	0	0	0	0	0	0	0	0	0	0	0	0	0	0	0	0	0	0	0	12	0	0
4161.3.lib29	0	0	0	6	32	0	11	0	0	0	1021	0	0	0	0	0	0	0	0	0	0	0	0	0	0	67	181	0	7	0	0	0	95	265	0	7	0	0	0	0	0	0	0	28	2007	32	13	1240	0	741	0	31	651	0	20	0	0	22	283	0	0	740	0	0	0	0	0	9	6	0	0	0	45	81	0	1423	0	66	0	50	0	0	0	0	0	18	0	0	0	0	0	0	107	0	104	76	0	222	0	0	0	0	0	0	0	0	0	0	0	48	0	0	0	77	63	2	0	5	5	0	656	6570	0	1052	45	0	0	0	0	0	0	0	0	0	0	0	0	0	0	0	0	0	0	0	0	0	0	0	0	0	0	0	0	0	0	0	0	0	0	0	0	0	0	0
4161.4.lib29	0	0	0	0	52	0	4	0	0	0	775	0	0	0	0	0	0	0	0	0	0	0	0	0	0	59	143	0	9	0	0	0	63	65	0	0	0	0	0	0	0	0	0	15	2300	35	19	775	0	399	0	39	804	21	27	0	0	28	293	0	0	522	0	0	0	0	0	6	10	0	2	4	33	46	0	1443	0	84	0	50	0	0	0	0	0	22	0	0	0	0	0	0	82	0	144	182	0	124	2	0	0	0	0	0	0	0	0	0	0	73	0	0	0	91	44	2	0	0	3	0	511	2651	0	308	31	2	0	0	0	0	0	0	0	0	0	0	0	0	0	0	0	0	0	0	0	0	0	0	0	0	0	0	0	0	0	0	0	0	0	0	0	0	0	0
4191.2.lib29	8	85	10	0	0	0	23	0	0	0	7730	0	59	0	135	0	0	0	0	1032	903	0	0	118	0	83	0	48	15	0	0	10	184	192	17	0	10	0	3	0	60	137	122	9	1609	0	0	200	53	159	0	24	234	88	0	38	0	0	0	0	38	213	90	0	0	0	0	78	0	27	30	67	0	145	1587	736	24	22	0	80	120	128	123	0	923	8	0	0	8	33	5	34	1402	8	114	144	682	3000	28	271	73	27	0	0	309	0	0	56	0	211	2	0	358	226	13	5	0	0	0	0	221	0	6895	0	12	298	37	0	0	0	0	0	0	0	0	0	0	0	0	0	0	0	0	0	62	0	0	12	0	0	0	0	0	0	0	65	0	0	0	0	0	0	0	0
4191.3.lib29	0	95	0	0	0	0	45	0	0	0	14647	0	128	0	470	0	0	0	0	1532	1249	0	0	111	0	144	0	148	6	18	0	9	133	320	14	8	20	0	5	0	50	79	64	8	1921	0	0	134	100	118	0	10	336	76	0	47	0	0	0	0	3	320	63	0	0	0	0	92	0	112	0	70	0	139	1199	660	28	47	0	56	131	114	123	0	1051	7	0	0	15	31	16	23	2002	0	121	86	867	2521	15	429	67	0	0	0	294	0	0	55	0	173	0	0	299	198	3	0	0	4	0	0	269	0	7197	0	0	3	107	0	0	0	0	0	0	0	0	0	0	0	0	0	4	0	0	0	105	0	0	5	0	5	0	0	0	0	0	23	0	0	0	0	0	0	0	0
4191.4.lib29	15	45	0	0	0	0	30	0	0	0	14101	0	88	0	414	0	0	0	0	901	1110	0	0	87	0	104	0	39	21	0	0	0	44	140	0	0	0	0	9	0	31	56	50	0	1042	0	0	108	55	102	0	40	278	78	0	25	0	0	0	0	18	263	43	0	0	0	0	33	0	121	21	16	0	96	870	439	0	13	0	25	175	64	151	0	799	0	0	0	10	19	0	16	1668	0	119	79	583	2370	10	321	34	0	0	0	196	0	0	21	0	106	0	0	158	203	0	18	0	4	3	0	112	0	7546	0	51	0	19	0	0	0	0	0	0	0	0	0	0	0	0	0	0	0	0	0	137	0	0	21	0	0	0	0	11	0	0	8	0	0	0	0	0	0	0	0
4195.2.lib29	0	164	0	0	0	0	41	0	0	0	0	0	0	0	0	0	0	0	0	0	0	0	0	0	0	0	295	0	0	0	0	0	47	3	0	0	0	0	0	0	0	76	0	491	5167	0	27	15	0	0	0	171	3089	72	57	494	0	0	191	0	0	1098	0	0	0	0	0	0	246	0	0	0	698	16719	143	16	0	19	0	0	0	0	0	0	0	0	0	0	0	0	0	0	1687	1399	0	0	0	0	0	0	0	0	0	0	0	0	0	0	0	9	0	0	0	17	0	5	0	4	17	0	0	4157	0	6	0	490	0	0	0	0	0	0	0	0	0	0	0	0	0	0	0	0	0	0	0	0	0	0	0	0	0	0	0	0	0	0	0	0	0	0	0	0	0	0
4195.3.lib29	0	177	0	0	0	0	29	0	0	0	58	27	0	0	0	0	0	0	0	42	41	0	0	0	0	0	283	0	0	0	0	4	0	24	0	0	0	0	0	0	0	39	14	761	5221	0	12	25	0	0	0	92	4397	97	316	556	0	0	241	0	0	854	0	0	0	0	0	0	293	0	0	0	852	14736	18	91	0	82	0	0	16	0	0	0	15	5	0	0	0	0	5	0	1859	820	29	13	13	0	0	0	0	0	0	0	0	0	0	0	0	0	0	0	0	0	0	5	0	25	13	0	0	4891	0	0	25	5	0	0	0	0	0	0	0	0	0	0	5	0	0	0	0	0	0	0	0	0	0	0	0	0	0	0	0	0	0	0	0	0	0	0	0	0	22	0
M001.AS	0	0	0	0	66	16	0	0	18	30	1473	0	156	52	43	2	0	0	0	328	159	0	126	0	0	27	61	0	15	0	0	0	0	6	0	2	109	0	0	22	6	0	0	25	1555	92	213	501	3	150	50	2	960	40	28	47	4	0	34	85	33	64	0	0	0	8	2	0	62	0	0	0	0	269	100	1548	2	135	42	52	158	3	21	18	65	23	27	41	0	0	0	0	1414	1	10	37	10	187	3	32	7	43	0	14	13	0	50	7	3	0	0	252	0	2	0	0	36	0	0	546	0	0	0	0	0	0	0	0	0	0	0	0	0	0	0	0	5	0	0	0	0	7	0	0	92	0	0	47	0	0	0	0	0	0	0	0	7	8	0	0	0	0	0	0
M002.AS	0	164	13	0	426	31	60	0	0	78	8264	1832	0	185	52	0	351	0	0	293	2158	0	0	0	1496	175	0	0	79	0	11	7	0	522	119	14	0	0	0	0	0	910	1337	73	1848	0	67	306	63	0	0	62	1737	0	0	0	0	0	0	19	10	0	9	10	0	14	0	0	184	0	8	0	0	68	3104	3745	0	20	1579	247	499	0	347	133	16	0	12	0	126	96	15	0	0	0	107	191	0	0	76	0	10	156	0	10	129	0	19	0	0	109	0	711	0	89	8780	0	0	0	0	0	1307	1476	0	0	54	0	52	0	26	21	0	0	0	0	0	0	5	0	0	0	0	0	0	0	0	0	0	0	0	0	0	0	0	0	0	0	0	0	0	11	4	0	109	49
M002.SI	0	110	7	0	427	0	86	0	0	83	6804	393	0	71	34	0	434	0	0	84	909	0	0	0	499	228	0	0	39	0	0	6	0	446	22	12	0	0	0	0	0	2894	2805	63	2841	0	205	386	131	0	0	92	4276	0	0	0	0	0	0	8	14	0	33	14	0	61	0	0	96	0	23	0	0	172	4360	7481	0	49	1544	297	257	0	181	117	14	0	12	0	174	161	28	0	14	0	204	260	0	0	130	0	9	128	0	26	159	0	51	40	0	181	0	583	0	36	6994	0	0	0	0	0	370	1799	0	0	60	0	47	0	11	0	0	0	0	0	0	0	5	0	0	0	0	0	11	0	0	0	0	0	0	0	0	0	0	0	0	0	7	3	0	16	0	0	187	42
M003.SI	0	0	1	0	0	45	30	0	0	0	7759	825	0	68	382	26	0	0	0	346	455	0	46	294	0	160	870	0	11	2	0	0	0	56	0	0	16	0	0	2	18	0	537	4	599	0	366	457	6	188	2	24	1676	32	0	25	0	0	266	301	13	311	37	2	40	5	0	12	68	0	0	0	0	0	1864	218	13	76	36	26	103	8	34	17	19	0	0	0	36	0	5	8	1553	9	86	33	39	10	0	0	0	0	0	6	14	0	0	3	0	0	0	821	0	39	0	0	25	0	0	340	4	3319	1519	857	0	6	8	9	0	0	0	0	0	63	0	0	0	0	0	0	0	0	0	0	47	0	0	0	0	2	0	0	0	0	0	0	0	0	0	0	0	0	0	232
M004.AS	0	0	0	4	2248	16	0	0	10	66	13913	932	0	0	208	0	0	515	0	532	971	0	10	137	0	2	331	0	19	0	0	4	0	0	0	0	592	0	46	496	7	0	0	805	5988	0	430	252	0	543	19	0	13362	0	21	49	7	0	287	241	225	290	0	0	21	0	0	0	1401	0	12	0	169	6	356	2780	37	193	9	26	120	5	72	130	36	12	13	22	124	0	3	4	11431	0	89	0	43	454	0	0	0	21	0	3	0	0	33	1	23	0	0	0	0	0	3	0	0	0	0	1755	0	152	0	0	0	0	0	0	0	0	0	0	0	0	0	0	4	0	0	0	0	0	0	0	56	0	0	0	0	0	0	0	8	0	0	0	0	0	0	0	0	0	0	0
M004.SI	0	4	0	0	1261	25	0	0	2	163	8046	1771	0	0	181	0	0	556	0	335	920	0	22	142	0	0	208	0	3	0	0	4	0	2	0	0	507	0	99	331	0	0	0	1388	3078	34	247	431	0	241	12	12	3611	3	30	80	0	0	206	249	105	360	0	0	10	0	0	0	1595	0	11	0	166	0	312	3321	5	74	58	28	103	35	43	71	34	22	87	21	50	0	13	0	4871	0	69	0	73	457	0	0	0	37	0	0	0	0	55	7	25	0	0	0	0	8	0	0	0	0	0	548	0	38	0	0	0	0	0	0	0	0	0	0	0	0	0	0	0	0	0	11	0	0	0	0	12	0	0	0	0	0	0	0	27	0	9	0	0	0	0	0	0	0	0	0
M005.AS	0	0	0	0	91	0	0	8	0	0	9100	1470	167	41	64	107	0	0	0	579	197	0	0	321	554	1	7	0	0	0	0	0	0	14	0	0	3	0	0	48	0	0	9	5	76	0	46	156	0	10	2	0	1217	0	0	0	15	0	310	779	0	2022	0	0	0	0	0	0	29	0	0	0	6	80	988	1939	0	36	298	179	94	0	64	9	87	9	0	0	138	0	2	0	676	0	43	135	0	93	73	0	0	61	0	0	21	0	0	4	0	0	0	216	0	0	0	0	291	0	0	0	784	0	0	0	0	0	3625	0	0	0	0	0	0	0	2	0	13	0	0	0	0	0	0	0	5	0	0	0	0	0	50	0	0	0	0	0	0	0	0	0	0	0	0	0
M006.AS	0	1218	0	0	1992	0	0	258	0	356	25518	874	0	48	200	0	0	29	0	978	1779	0	0	358	0	51	3386	0	92	0	0	0	0	135	0	10	466	0	0	133	0	0	4269	3966	8764	2800	3024	4109	52	397	280	0	15529	380	0	391	207	0	660	596	294	1555	18	0	0	0	240	0	1103	0	370	0	0	729	1282	5744	20	1321	337	279	64	0	72	9	0	0	185	16	0	6	0	0	23434	0	309	0	199	2453	0	0	13	48	0	7	0	0	0	0	40	42	17	0	136	239	6	0	0	0	0	0	10957	56	0	0	106	0	0	60	0	0	0	0	0	0	0	0	9	0	0	0	0	0	0	0	0	0	0	0	0	0	0	0	0	0	0	0	0	0	0	0	0	0	0	853
M006.SI	0	266	0	0	309	3	0	22	0	29	5829	116	0	12	26	0	0	6	0	198	326	0	0	74	9	3	877	0	11	0	0	10	0	101	0	0	66	0	6	47	0	0	1153	1444	4568	334	781	668	21	101	106	0	5080	124	0	131	93	0	204	240	54	521	8	0	0	0	49	0	382	0	92	0	0	386	410	1851	2	241	103	28	21	0	20	0	55	0	43	8	0	10	0	0	7434	0	81	10	27	576	0	0	0	5	0	0	18	0	0	16	14	2	25	0	28	37	12	0	0	0	0	0	3940	247	0	89	19	0	0	0	0	0	0	0	0	0	11	0	4	0	0	0	0	0	0	0	0	0	0	3	0	6	0	0	0	0	0	0	0	0	0	0	0	0	0	151
M007.AS	0	0	2	0	0	0	0	0	0	0	2585	15	0	0	0	0	0	0	0	11	88	0	0	0	0	0	0	0	0	0	370	0	0	0	0	0	0	0	0	0	0	0	0	0	183	0	0	0	0	0	0	5	548	0	0	0	0	0	0	0	0	14	0	37	0	0	0	0	0	0	0	0	0	210	575	240	0	0	2	0	0	0	0	0	0	0	0	0	0	0	0	0	0	0	0	0	0	0	51	0	0	0	0	0	0	0	0	0	0	0	1903	30	0	0	1405	0	0	0	0	0	35	272	0	0	0	6439	0	0	0	0	0	0	0	0	0	0	23	0	0	0	0	0	0	0	0	0	0	0	0	0	0	0	0	0	0	0	0	0	0	0	0	0	0	0
M007.SI	0	0	0	0	0	0	0	0	0	0	7752	126	0	0	0	0	0	0	0	16	548	0	0	60	0	170	0	0	0	0	277	21	0	17	0	0	0	0	0	0	0	4	0	0	195	0	0	17	0	0	0	0	1844	0	0	0	0	0	0	0	0	121	0	210	0	0	0	0	0	0	0	0	0	1990	4304	134	0	26	180	0	0	0	0	0	0	0	0	0	9	18	0	0	0	0	32	23	0	0	107	0	0	0	0	0	0	0	0	0	0	0	1274	21	0	0	5374	0	0	0	0	0	29	1328	0	0	2	0	0	0	0	0	0	0	0	0	0	0	1	0	0	0	0	0	0	0	0	0	0	0	0	0	0	0	0	0	0	0	0	0	0	0	0	0	0	0
M008.SI	0	4	0	0	17	0	0	0	0	0	3859	0	0	0	59	0	0	0	0	179	68	0	0	80	0	0	7	0	0	5	22	0	0	10	0	0	159	68	0	21	12	20	117	2	256	1	513	62	16	53	12	5	760	0	2	3	33	0	27	180	8	325	0	0	0	0	0	0	22	0	1	0	0	94	107	1925	2	0	11	21	10	3	40	0	202	15	41	6	5	6	0	2	2158	0	53	0	117	115	11	0	3	0	18	0	25	68	0	16	0	4	178	245	7	0	0	0	144	0	0	0	22	1436	0	0	0	0	184	0	0	0	0	0	0	0	0	0	0	0	0	13	0	0	0	0	2	0	0	0	0	0	0	0	0	0	0	0	0	0	0	0	0	0	0	0
M009.SI	0	0	0	0	0	0	9	0	0	0	13996	0	0	0	307	1058	0	0	0	1007	358	0	0	248	31	13	0	0	0	0	4	0	0	33	13	0	2	0	0	0	2	0	0	28	978	0	2133	526	19	115	0	85	5371	113	11	10	0	0	0	175	19	607	19	4	0	0	0	0	71	0	0	0	0	169	801	2512	10	0	684	60	23	75	62	14	131	147	42	21	95	7	0	0	848	39	116	0	231	197	79	0	0	24	4	0	115	3	0	8	9	6	0	446	0	0	0	0	0	0	0	579	0	664	0	2	0	342	1133	3	0	0	0	0	0	0	0	0	3	0	0	0	0	0	0	0	0	0	10	0	31	0	0	0	0	23	0	0	0	0	0	0	0	0	0	0
M010.SI	0	0	0	0	30	0	0	0	0	0	1227	23	0	5	12	0	103	0	0	107	0	0	0	0	4	0	37	0	6	0	0	0	0	23	7	0	120	0	0	50	0	0	81	1	492	115	652	311	0	25	33	0	999	86	49	0	243	0	292	469	45	144	0	0	0	0	16	0	19	0	0	20	13	0	247	3553	0	57	192	0	0	0	0	0	159	18	76	0	32	0	0	0	6647	23	13	2	76	138	0	0	0	50	0	0	0	0	56	13	2	265	0	0	10	0	1	0	12	0	0	8	0	2052	0	0	0	0	0	0	0	0	0	0	0	0	0	284	0	0	0	0	0	0	0	0	0	0	0	0	0	0	0	0	0	0	0	0	0	0	0	0	0	0	0	0
M012.SI	0	109	0	0	171	22	34	0	0	0	3185	627	0	0	65	0	710	0	0	1073	928	0	54	58	0	46	498	0	6	29	0	0	0	52	0	0	143	202	10	368	147	0	812	69	1343	0	890	269	46	724	40	0	2807	210	0	222	0	0	66	32	90	1169	34	193	0	16	43	2	245	0	56	0	0	554	961	1993	40	145	222	78	119	119	61	67	261	0	57	3	70	35	4	25	3326	6	243	129	48	159	0	140	14	129	42	43	362	8	25	40	32	56	13	757	0	64	0	0	368	0	0	5	2227	7	0	0	5	0	247	50	0	0	0	0	0	0	2	0	0	0	0	6	0	0	0	0	10	0	0	17	0	10	7	0	14	5	200	0	0	4	11	29	0	0	0	0
M013.AS	0	106	0	0	205	0	0	10	18	0	3697	71	0	19	23	13	88	0	0	149	672	0	0	22	0	15	333	0	0	0	0	0	0	50	0	1	343	0	0	13	0	5	564	259	1724	246	499	442	0	360	122	0	1218	144	53	353	138	212	283	328	83	723	0	0	8	0	21	0	140	51	13	18	213	0	792	4071	0	49	15	2	5	4	0	6	103	65	14	11	19	3	0	0	14512	0	60	9	84	567	0	3	0	24	4	0	31	21	0	0	9	0	0	24	17	10	0	0	20	0	0	242	0	421	0	0	3	0	0	0	0	0	0	0	0	223	2	0	0	0	0	0	0	0	0	0	0	0	0	0	0	0	0	0	0	0	0	0	0	0	0	0	0	0	0	0
M013.SI	0	112	3	0	102	0	0	41	11	0	3476	108	0	22	16	101	94	0	0	346	936	0	15	44	0	0	225	0	0	0	0	0	0	123	5	0	1015	9	0	89	47	26	543	250	1576	335	553	355	0	326	148	0	1211	78	59	193	339	161	478	392	66	634	0	0	6	0	14	0	117	39	56	6	112	0	374	4014	19	48	66	10	0	23	0	0	342	113	107	0	27	0	0	0	17820	0	76	19	266	574	0	4	11	20	6	0	47	27	0	3	34	0	0	21	47	35	0	0	50	0	0	331	0	366	0	0	19	0	4	0	0	0	0	0	0	305	14	0	0	0	0	7	0	0	0	0	0	0	0	0	0	0	0	3	6	0	0	0	9	0	0	0	0	0	0	0
M014.AS	2	549	0	0	0	0	2	37	0	0	1994	203	0	26	41	0	123	0	0	181	88	0	0	38	0	0	93	0	0	0	0	0	0	29	0	0	306	0	0	200	11	160	2368	186	1214	190	266	155	0	308	68	0	1078	142	29	91	111	0	208	27	7	361	0	0	0	0	108	0	90	0	8	19	190	2	0	2198	27	75	78	38	51	13	15	11	194	72	38	42	16	0	4	0	7040	36	76	0	506	185	0	145	0	25	9	0	14	0	9	0	0	0	5	539	0	51	0	0	167	0	0	466	0	0	0	0	37	0	0	5	0	0	1940	486	0	0	8	0	0	0	0	0	0	4	0	0	0	0	11	0	5	0	10	2	0	0	0	0	4	0	0	0	0	0	6	0
M014.SI	0	926	0	0	0	0	0	56	0	0	3189	359	0	40	101	0	186	0	0	326	164	0	0	41	0	0	191	0	10	0	0	0	0	53	0	0	446	0	6	411	49	287	6348	460	2159	446	678	606	0	394	129	0	1567	461	37	118	190	0	342	68	39	1244	0	0	0	0	246	0	191	0	4	28	450	2	0	4509	23	156	112	46	63	5	18	12	228	129	137	107	20	0	2	0	9688	57	100	0	861	383	0	342	12	57	15	0	23	0	36	13	19	0	9	1009	0	49	4	0	262	0	0	767	0	0	0	0	26	0	0	17	0	0	4866	1314	0	0	4	0	0	0	0	0	0	0	0	0	0	0	19	0	0	0	19	0	0	6	0	0	0	0	6	0	0	0	10	0
M015.AS	0	536	0	0	203	25	0	0	0	0	6664	2367	21	0	87	30	1008	0	0	1038	509	0	198	163	12	0	52	0	0	12	0	0	0	5	0	0	1449	86	10	588	93	0	657	208	1889	382	2208	323	0	451	114	0	3547	18	112	719	30	87	439	248	257	390	0	0	0	0	203	0	253	0	110	12	143	0	140	7322	59	146	113	0	72	201	47	27	590	212	334	103	22	19	3	63	18763	0	65	0	902	1995	0	0	0	91	168	5	174	23	20	22	25	0	26	0	428	11	0	0	926	0	0	794	461	0	0	0	0	0	468	19	0	52	0	0	57	0	33	0	0	0	0	0	0	49	0	0	0	0	8	0	0	3	0	0	0	0	0	0	4	0	5	0	0	0	0	0
M015.SI	0	291	0	0	147	8	0	0	0	0	4209	811	8	0	100	41	802	0	0	674	527	0	218	62	2	0	58	0	0	4	0	0	0	1	0	0	763	53	2	366	90	0	350	97	1076	172	1160	289	0	322	55	0	2187	27	41	271	10	48	241	128	162	204	0	0	0	0	104	0	129	0	40	9	45	0	60	4053	88	53	49	2	35	108	49	17	366	108	145	34	3	2	0	20	18269	0	62	0	1191	935	0	0	0	41	152	4	93	24	11	21	8	0	17	0	213	5	0	0	659	0	0	329	135	0	0	0	0	0	300	14	0	75	0	0	33	0	10	0	0	0	0	0	0	50	0	0	0	0	7	0	10	3	0	2	0	0	0	0	0	0	8	10	0	0	0	0
M016.AS	0	15	0	0	65	8	0	0	0	0	7225	458	57	0	0	0	0	0	487	321	493	0	21	127	0	0	69	0	21	12	0	0	0	136	0	0	239	0	0	139	3	0	299	524	679	157	633	951	0	258	47	0	1315	0	73	17	62	0	162	158	38	169	0	0	0	0	45	0	114	26	37	0	0	153	16388	2360	0	23	102	40	31	14	7	28	632	164	170	13	123	0	0	0	18420	2	214	0	39	726	46	0	5	178	0	0	41	4	9	6	8	0	11	191	0	0	0	0	100	0	0	0	773	566	0	0	0	0	33	3	0	10	0	0	0	0	0	0	0	0	0	0	0	0	0	0	0	0	0	0	0	27	0	0	14	0	0	0	0	0	0	0	0	0	0	0
M016.SI	0	25	0	0	60	0	0	0	0	0	6967	549	158	0	69	0	0	0	801	425	396	0	34	48	0	0	0	2	0	0	0	0	0	157	4	0	179	0	0	96	17	0	113	234	392	80	344	442	6	52	14	0	733	0	29	3	75	0	131	132	16	122	0	0	0	0	13	0	75	10	29	0	34	32	4887	843	6	25	52	16	14	11	14	0	278	56	106	10	77	6	0	0	15011	0	103	0	16	280	0	0	0	61	0	0	0	0	0	10	7	0	10	76	0	0	0	0	219	0	0	0	3048	717	0	0	15	0	20	0	0	6	0	0	0	0	0	0	0	0	0	0	0	0	18	0	0	0	0	0	0	25	0	0	15	5	0	0	0	0	0	0	0	0	0	0
M017.AS	0	61	4	0	17	2	2	0	21	0	2301	0	0	59	80	0	0	0	0	600	92	0	133	50	0	0	0	0	0	2	0	0	0	6	0	0	160	14	0	116	18	4	61	6	509	18	408	45	4	114	14	6	379	8	7	17	36	0	20	101	20	6	6	0	43	6	33	0	66	0	12	12	14	0	42	369	7	6	45	44	130	19	70	12	178	33	32	32	0	6	0	8	2601	7	25	7	72	303	2	16	6	57	25	0	18	0	5	4	8	4	0	210	5	4	0	0	15	0	0	7	220	7	0	0	0	0	399	5	3	0	0	0	0	0	0	0	0	5	0	19	0	0	0	0	0	0	0	0	0	8	5	0	8	3	20	0	0	0	0	0	9	0	0	0
M017.SI	0	294	0	0	83	11	4	0	30	0	4692	0	0	117	219	0	0	0	0	1209	154	0	244	752	0	0	15	11	8	6	0	5	0	3	0	0	304	14	0	302	15	20	188	33	846	34	911	112	95	191	28	49	574	8	23	66	92	0	47	152	18	10	7	0	48	4	32	0	111	0	17	32	19	0	112	550	12	7	56	20	204	57	133	19	368	41	92	49	13	15	4	10	5411	27	54	10	169	389	22	24	8	88	42	4	64	0	11	35	68	27	0	419	17	5	134	0	43	0	0	0	328	1402	0	0	0	746	1213	31	3	0	0	0	0	0	0	0	0	23	0	49	0	0	0	0	19	0	0	0	0	11	8	0	0	0	78	0	4	0	2	0	109	18	0	0
M022.AS	0	922	0	0	302	32	5	0	0	6	8353	1933	0	84	386	0	0	0	0	4883	549	0	0	56	9	0	89	0	0	0	8	0	0	203	0	0	5088	229	10	862	444	4	1977	519	961	107	2699	330	0	1281	20	0	515	128	68	57	2518	0	241	231	10	70	0	0	107	0	14	0	123	0	182	17	117	0	27	1764	93	40	103	0	65	417	32	13	2609	146	2162	140	100	13	11	0	10558	0	136	0	632	2074	25	56	8	143	495	0	327	0	147	69	58	31	65	1290	0	417	23	0	343	0	0	0	1974	8	0	0	95	0	0	0	0	0	0	0	0	0	0	0	0	0	0	777	26	46	0	14	0	0	0	0	0	15	0	12	0	4	0	0	10	0	0	0	0	0	0	0
M022.SI	0	490	0	0	106	0	0	0	0	8	3421	631	0	48	222	0	0	0	0	2099	208	0	0	35	3	0	30	0	0	0	0	0	0	80	0	0	2185	111	9	385	197	5	903	194	362	38	1330	237	0	566	14	0	215	44	17	26	1186	0	88	91	16	16	0	0	78	0	8	0	60	0	90	9	47	0	21	726	25	10	23	4	25	175	19	6	1108	67	955	72	45	3	0	0	4754	0	49	0	265	982	10	22	0	55	197	0	115	0	59	24	14	0	28	647	0	210	2	0	162	0	0	0	904	0	0	0	31	0	0	0	0	0	0	0	0	0	0	0	0	0	0	377	12	12	0	11	0	0	0	0	0	3	4	7	0	0	0	0	4	5	0	0	6	0	0	0
M023.AS	0	0	0	0	150	0	0	29	53	231	4498	94	56	49	52	0	0	0	0	513	281	0	52	6	0	6	587	0	0	0	0	0	0	7	0	0	474	5	0	233	4	0	209	836	1491	51	1660	824	0	199	16	0	778	136	21	229	96	120	233	231	38	341	0	0	0	0	323	0	66	0	51	0	231	0	176	4078	29	410	43	17	117	17	1	9	342	83	16	13	28	0	0	0	12731	0	62	34	43	512	4	0	0	10	0	0	3	0	55	4	24	0	25	959	0	6	0	0	577	0	0	14	1440	0	0	0	0	0	0	0	22	16	0	0	0	0	0	0	0	124	0	0	0	0	0	0	19	0	0	0	0	0	4	0	0	0	0	0	0	4	0	0	0	0	0	0
M023.SI	0	0	0	0	407	16	0	51	117	518	10160	240	94	139	148	0	0	0	0	1039	783	0	110	0	0	21	1241	0	4	0	0	0	0	0	0	0	671	0	0	405	0	0	439	1186	2985	56	3424	1392	0	308	21	0	1332	314	4	202	112	199	359	466	49	607	0	0	0	0	481	0	141	0	38	0	482	0	391	7007	64	745	99	60	137	17	8	9	609	118	44	4	72	0	0	0	22240	0	109	29	125	949	0	0	0	13	0	0	7	0	114	2	93	0	78	1199	0	0	0	0	1250	0	0	42	3120	0	0	0	26	0	0	3	3	36	0	0	0	0	0	0	0	257	0	0	0	10	0	0	48	0	0	0	0	0	0	0	0	0	0	0	0	0	0	6	0	0	0	0
P301CA1R.lib20	0	274	0	0	699	313	0	300	0	0	4332	1008	0	34	128	428	0	0	0	718	306	0	46	184	0	37	353	0	13	7	64	0	0	7	0	0	63	7	0	0	14	176	67	24	656	0	474	489	0	237	0	2	484	0	9	39	0	0	52	154	45	94	2	0	0	0	0	0	55	0	3	0	103	9	1078	1553	0	108	42	62	589	18	113	76	226	28	149	18	160	8	29	56	1204	6	719	128	17	289	20	14	71	101	0	71	31	22	35	86	45	64	20	929	0	0	0	0	231	0	0	84	646	23	0	0	0	0	199	0	51	0	0	0	0	0	0	0	0	0	0	0	0	0	0	0	0	0	0	0	0	0	41	2	18	0	0	11	12	4	0	0	0	0	0	0
P301SI1R.lib20	0	166	0	0	117	49	0	69	0	0	2598	1013	0	18	33	389	0	0	0	495	155	0	45	92	0	20	159	0	3	3	40	0	0	2	0	0	193	56	0	13	65	217	134	20	418	0	204	404	8	129	0	0	175	11	20	36	0	0	26	45	15	51	8	0	0	3	5	0	35	0	6	4	58	4	713	645	8	19	16	49	204	31	60	30	149	15	146	57	57	2	4	60	928	1	236	50	88	456	14	23	16	45	28	43	60	12	16	34	7	60	52	502	0	0	0	0	249	0	0	37	373	100	0	0	0	1	187	0	9	0	0	0	0	0	0	0	0	0	0	5	0	0	0	0	0	0	3	0	0	0	26	2	0	0	0	0	6	2	10	0	0	0	0	0
P302CA1R.lib21	0	268	0	0	390	19	5	0	232	0	3401	0	0	0	0	0	0	0	0	238	314	0	466	70	0	40	486	0	4	0	0	9	0	15	0	0	76	0	13	144	0	0	62	211	1222	37	47	317	2	456	8	13	741	9	20	124	20	0	49	30	20	8	0	0	21	0	6	0	213	0	2	6	132	0	6172	1530	6	72	22	36	101	0	31	18	73	18	7	0	40	5	0	7	3365	0	53	6	85	229	12	36	5	38	0	6	3	0	0	11	16	0	0	0	0	3	0	0	264	0	0	0	628	62	0	0	0	0	22	21	0	0	0	0	0	13	0	0	0	0	0	0	45	0	0	0	0	0	0	0	0	0	7	0	0	0	0	15	0	0	0	0	0	0	0	0
P302SI1R.lib21	0	402	0	0	364	38	11	0	235	0	4871	0	0	0	0	0	0	0	0	506	482	0	1163	127	0	93	865	0	15	0	0	19	0	26	0	0	122	18	29	174	0	0	72	226	1758	68	124	499	15	694	13	6	1147	0	28	129	25	0	75	36	14	17	3	0	29	0	11	3	403	7	2	15	274	6	10070	2180	17	77	29	60	184	19	40	36	133	19	17	0	73	0	17	6	4869	0	76	13	104	427	25	32	5	34	0	6	5	0	0	4	11	0	2	0	11	3	0	0	393	0	0	2	915	85	0	0	0	0	45	33	0	0	0	0	0	32	0	0	0	0	0	0	44	0	0	0	0	0	0	0	0	3	8	0	0	0	0	18	0	4	0	0	0	0	0	0
P304CA1R.lib21	0	41	0	0	32	0	0	14	0	74	1327	0	4	0	6	12	0	0	0	0	41	0	0	0	0	48	949	0	0	0	102	0	0	9	0	0	30	0	0	0	0	2076	88	54	480	135	338	314	3	550	11	0	599	0	12	76	14	0	271	41	68	668	0	0	0	0	79	0	12	0	8	0	108	0	477	2864	12	320	2	0	0	14	0	0	0	30	0	5	0	0	0	0	2474	0	4	0	0	38	0	0	0	18	0	7	0	0	0	0	0	508	11	48	0	0	0	0	0	0	0	21	218	1296	0	0	0	0	0	0	0	0	0	0	0	18	0	0	0	0	0	0	0	10	0	0	0	5	4	0	23	0	0	0	0	0	0	0	0	0	0	0	0	0	0	0
P304SI1R.lib21	0	164	0	0	157	0	0	116	0	107	2414	17	12	0	20	8	0	0	0	15	101	0	0	0	9	16	859	0	0	0	29	0	0	17	0	0	35	0	0	0	0	1044	399	78	1476	523	482	872	0	1434	41	0	645	14	49	134	16	6	211	73	64	781	0	0	0	0	27	0	68	0	23	0	240	0	1061	2738	9	503	28	0	5	0	0	0	0	4	0	21	0	0	0	0	3667	0	10	0	0	187	0	4	0	72	0	15	0	0	0	0	0	788	0	100	0	29	0	0	19	0	0	17	540	2186	0	0	11	8	0	0	0	0	0	0	0	24	0	0	0	0	0	0	0	0	0	0	0	21	0	0	51	0	0	0	0	0	0	0	0	0	0	0	0	0	0	0
P305CA1R.2.lib21	17	67	0	0	0	0	18	0	0	0	8903	0	0	0	0	0	0	0	0	34	937	0	0	84	0	353	372	0	0	0	0	4	0	691	0	0	0	0	0	0	0	0	48	91	1700	422	127	228	0	44	0	0	713	0	0	65	18	0	114	185	17	312	0	0	0	0	0	0	47	0	0	0	28	486	158	638	0	89	29	41	0	0	84	0	144	0	0	0	0	0	0	0	643	0	348	0	10	47	0	0	0	0	0	0	30	0	0	0	0	590	0	0	0	0	15	0	0	0	0	323	0	4624	0	0	35	0	0	0	0	0	0	0	0	0	0	0	0	510	0	0	0	0	20	0	0	0	0	0	0	0	0	0	0	0	0	0	0	0	0	0	0	0	0	0
P305SI1R.lib20	6	4	17	0	19	3	12	0	0	8	6044	0	0	0	0	0	0	0	0	31	549	0	0	8	0	27	113	0	0	0	0	2	0	98	17	2	19	0	0	0	0	0	0	26	597	120	57	144	0	29	0	0	125	0	0	22	23	0	2	44	5	49	0	0	0	0	0	0	94	0	0	0	9	202	41	155	0	16	0	27	15	0	9	0	18	2	0	0	11	0	6	0	256	0	77	0	32	12	0	0	0	0	0	0	21	0	0	10	0	38	0	0	0	31	2	0	0	0	0	302	0	2304	0	0	18	0	0	0	0	0	0	0	0	0	0	0	0	55	0	0	0	0	0	0	0	0	0	0	0	0	0	0	0	0	0	0	0	0	0	0	0	0	0	0
P306CA1R.lib21	0	13	3	0	0	29	347	0	0	0	6338	457	87	20	42	0	14	0	0	391	355	0	31	145	8	186	146	8	14	0	0	9	0	39	0	0	36	133	0	25	5	0	188	214	1181	0	105	208	47	368	7	14	3954	37	13	0	0	0	13	90	26	143	307	0	10	0	38	8	132	0	0	0	416	146	1820	522	56	159	224	36	50	87	71	22	261	16	61	0	92	0	5	2	1190	36	180	8	73	43	22	0	2	43	14	0	68	0	0	31	4	23	4	919	0	6	178	0	58	0	0	0	651	183	0	5	0	45	41	6	0	0	0	0	0	0	0	0	15	0	0	0	0	0	5	5	99	0	6	0	0	0	0	11	0	0	0	0	0	0	0	15	3	0	4	58
P306SI1R.lib21	0	4	12	0	0	144	252	0	0	0	13585	1865	115	111	218	0	72	0	0	781	594	0	45	614	18	192	280	2	74	0	0	19	0	66	0	0	72	145	0	91	0	6	158	240	1430	0	172	348	51	516	20	50	4664	45	0	0	0	0	50	295	13	250	334	31	47	0	34	21	197	0	0	0	697	139	3812	1019	204	720	282	169	215	79	199	66	357	62	70	16	223	14	32	0	4736	54	273	20	46	143	124	0	0	124	0	0	227	54	0	173	63	14	0	956	0	11	65	0	116	0	0	0	1709	419	0	0	10	40	113	21	0	0	0	0	0	0	0	0	62	0	0	0	0	0	18	0	59	0	6	0	0	0	0	0	6	0	0	0	0	5	0	108	0	0	9	17
P307CA1R.lib21	0	75	3	0	203	0	0	58	10	78	2261	41	42	6	20	0	71	0	260	167	216	0	62	8	21	3	200	0	0	0	0	0	0	40	2	0	161	12	0	75	18	16	7	44	1056	111	399	262	2	181	25	0	432	4	23	25	9	0	29	113	33	73	0	0	0	0	57	0	110	5	10	0	75	0	586	1741	11	41	68	29	31	5	8	5	90	12	76	20	2	11	0	0	4382	78	66	0	17	108	4	11	13	32	8	6	22	9	6	6	5	61	42	0	34	15	0	0	11	0	0	0	877	37	0	0	8	0	28	11	0	8	0	9	0	47	0	58	0	279	0	0	0	0	0	0	0	0	0	0	48	0	0	3	0	0	2	3	0	0	0	0	0	0	0	0
P307SI1R.lib21	2	77	0	0	84	4	0	47	10	26	2622	92	71	14	17	0	53	0	204	221	208	0	66	13	50	7	161	0	4	0	2	0	0	62	2	5	196	13	0	97	19	13	13	57	1823	182	506	405	0	236	33	0	509	20	31	49	30	0	34	118	52	83	0	0	0	0	68	0	133	0	22	0	76	0	766	1883	22	39	80	59	43	16	7	3	124	30	124	16	0	19	0	2	7520	113	89	0	54	143	0	22	4	45	0	9	22	6	5	26	7	64	88	0	65	12	0	0	11	0	0	0	1370	47	0	0	0	0	24	10	0	3	0	8	0	63	2	51	0	209	0	0	0	0	0	0	0	0	0	0	52	0	0	0	2	0	2	0	0	0	0	0	0	0	0	0
P308CA1R.lib21	3	23	0	0	213	33	4	63	20	43	4597	886	205	174	217	0	150	0	307	2079	310	0	95	100	0	4	58	0	8	121	58	0	0	38	0	4	690	86	0	450	37	376	285	45	1293	474	2919	646	0	99	88	0	2053	210	38	29	15	0	182	68	24	380	0	0	0	0	78	0	259	28	28	9	10	70	791	4755	38	54	155	27	462	48	136	27	375	72	755	22	49	4	5	0	19476	0	120	82	650	285	28	0	2	34	103	0	71	176	12	57	13	720	216	0	210	17	0	0	94	0	0	87	836	0	0	0	62	13	6465	0	11	0	0	295	0	17	0	0	0	0	0	101	0	61	0	0	0	0	67	0	0	0	16	0	4	4	0	66	16	0	0	0	0	0	79	128
P308SI1R.lib20	0	0	0	0	110	11	3	14	2	6	2661	605	78	104	88	0	13	0	32	942	91	0	19	52	0	0	10	0	4	19	12	0	0	5	0	2	153	19	0	85	3	21	36	10	347	132	720	166	0	20	28	0	559	6	22	5	5	0	38	50	9	87	0	0	0	2	7	0	80	0	3	0	0	27	233	964	5	11	39	4	198	6	62	6	98	37	139	5	15	0	0	0	5364	0	57	41	61	127	11	0	2	24	6	0	7	64	6	21	0	181	16	0	18	0	0	0	36	0	0	15	276	0	0	0	4	0	1941	0	0	0	0	51	0	10	0	0	0	0	0	39	0	4	3	0	0	0	5	0	0	0	14	2	2	0	0	16	2	0	0	0	0	2	17	24
P310CA1R.lib21	18	87	0	0	198	0	0	7	7	35	4321	254	4	35	21	318	94	49	0	278	417	0	132	0	0	11	113	0	0	0	0	5	0	95	6	2	126	0	0	44	0	5	119	329	3123	899	292	1344	0	154	51	0	851	62	41	74	38	9	216	78	54	82	0	0	4	0	37	0	418	0	6	2	24	0	1748	1311	30	54	122	0	85	0	27	0	60	56	11	22	30	0	9	0	5641	0	160	0	118	187	4	0	0	30	7	0	6	67	0	13	0	88	9	240	0	75	0	0	324	0	0	21	2395	56	0	0	0	0	68	0	0	0	0	0	0	0	0	0	0	81	0	0	0	7	0	0	0	0	0	0	23	0	0	0	4	0	15	0	0	3	0	0	0	0	0	0
P310SI1R.lib21	25	86	4	0	176	2	0	18	7	11	3557	345	9	32	24	273	69	49	0	369	609	0	120	9	0	12	57	0	0	3	0	0	0	174	13	0	226	0	0	60	5	3	124	80	2711	815	440	844	0	124	61	0	544	48	32	66	55	15	177	126	38	127	0	0	17	0	54	0	375	0	25	5	16	0	1169	1119	42	65	165	12	138	4	64	0	232	81	21	52	14	0	14	5	5149	0	174	0	196	191	3	14	3	27	0	0	38	117	0	33	0	50	27	181	0	158	0	0	635	0	0	18	1673	53	0	0	14	0	63	0	0	0	0	0	0	0	0	0	0	22	0	0	0	4	0	8	0	0	0	0	74	3	0	0	0	0	58	0	0	4	0	0	0	0	0	0
P314CA1R.lib21	0	242	0	0	180	115	0	379	0	0	5911	299	154	0	153	0	0	0	0	308	485	0	27	0	0	69	380	0	140	345	0	0	0	0	0	0	197	0	0	579	0	0	367	77	2581	333	2391	1264	0	496	27	0	1538	0	0	24	0	0	474	382	76	307	41	0	0	0	72	0	530	0	0	0	133	65	3322	4836	0	193	167	46	268	0	5	90	234	0	181	60	32	0	0	0	5946	0	64	60	140	419	0	158	0	59	0	0	0	0	209	0	0	0	0	876	0	0	0	0	606	0	0	17	1057	1451	0	0	0	1452	0	0	0	0	0	0	0	0	0	0	0	0	0	0	0	0	0	0	0	0	0	0	0	54	0	0	232	0	0	0	0	0	0	0	0	0	0	0
P314SI1R.lib21	5	311	0	0	244	354	0	567	0	0	6182	332	178	0	206	0	0	0	0	565	722	0	234	20	0	15	409	0	0	209	0	0	0	58	0	0	213	2	0	352	5	0	145	277	2046	731	1280	895	0	645	23	0	836	0	22	184	11	4	238	276	238	124	11	0	0	18	33	5	593	0	3	17	78	103	2598	1882	3	183	280	45	267	6	93	23	221	23	235	4	125	24	16	0	4583	0	35	45	93	713	28	89	14	108	39	26	33	0	125	23	37	0	8	772	15	5	0	0	642	0	0	25	2633	988	0	0	20	0	0	0	0	0	2	0	0	0	13	0	0	0	0	0	0	0	0	0	0	118	0	0	41	24	8	0	307	0	0	27	0	0	0	0	0	0	0	0
P318CA1R.lib21	0	206	0	0	118	19	0	0	32	13	1135	1290	59	115	21	0	8	163	1647	37	524	0	163	33	0	0	50	0	7	0	0	0	0	87	6	0	651	4	0	46	8	0	12	57	610	162	930	613	0	126	20	0	657	0	96	5	87	0	158	458	10	149	0	0	0	0	0	0	164	20	4	0	0	0	9228	2075	4	189	196	35	119	13	30	10	328	44	204	19	15	0	0	3	9112	4	17	63	59	286	2	0	4	30	6	0	9	0	61	246	0	0	2	1036	0	0	6	0	97	0	0	0	1495	0	0	0	0	0	0	0	0	17	3106	0	110	0	10	22	0	0	0	0	0	2	0	3	0	69	0	0	0	14	0	0	3	0	0	12	0	0	0	0	0	0	0	0
P318SI1R.lib21	0	162	7	0	301	34	0	0	33	10	2008	1690	76	245	47	0	52	401	3317	54	1034	0	129	34	6	0	38	0	5	0	0	0	0	57	0	0	781	0	0	46	3	0	28	48	953	125	1024	794	0	160	44	0	905	0	66	34	92	0	153	500	31	130	0	0	0	0	9	0	156	20	2	2	0	0	9307	2566	0	298	285	80	120	8	80	27	343	56	199	12	10	8	2	0	8572	0	16	113	62	389	0	18	0	55	27	0	9	0	72	271	28	0	0	1179	0	8	0	0	196	0	0	0	1403	0	0	0	0	0	0	0	7	8	2740	0	90	0	21	48	0	0	0	0	0	0	0	0	0	47	0	0	0	13	0	0	0	0	0	0	0	0	0	0	0	0	0	0
P320CA1R.lib21	0	80	0	0	20	8	18	20	3	3	3114	64	10	21	76	73	187	0	0	311	251	0	223	51	329	47	41	0	9	0	0	0	0	13	0	0	358	8	0	7	17	144	24	11	367	95	320	104	9	72	20	5	331	21	7	5	61	0	8	78	19	60	0	0	0	69	0	10	5	2	8	4	25	0	1324	626	0	14	102	33	89	24	94	63	107	23	38	36	51	8	9	0	1013	9	50	98	158	124	43	16	15	16	2	6	58	7	0	16	29	11	7	681	0	2	0	0	59	0	0	30	228	289	0	0	0	0	289	0	0	0	0	0	0	145	0	0	20	100	0	0	0	0	9	0	0	0	0	2	0	15	0	0	0	0	20	0	2	0	0	0	0	0	0	0
P320SI1R.lib20	0	130	0	0	37	10	7	21	13	12	3118	68	6	19	78	68	209	0	0	377	368	0	180	26	350	257	145	0	11	0	0	0	0	10	0	0	206	5	0	12	16	240	46	12	824	257	624	257	0	155	15	0	786	12	10	7	61	0	11	214	37	183	0	0	3	107	0	14	15	7	23	0	77	0	2907	1019	5	21	100	65	71	17	88	54	79	24	31	23	77	9	0	0	2476	12	133	205	181	276	46	23	23	34	2	18	127	0	0	42	38	8	10	348	0	4	0	0	76	0	0	36	144	214	0	0	0	0	158	0	2	0	0	0	0	166	0	0	22	147	0	0	0	0	6	0	0	0	2	20	0	11	0	0	7	0	34	0	8	0	0	0	0	0	0	0
P321SI1R.lib21	6	0	0	0	23	0	3	0	0	0	1111	0	36	7	0	35	0	0	0	53	69	0	0	15	0	17	8	0	0	3	336	0	0	33	2	0	35	0	0	0	0	5065	0	55	208	22	291	244	0	29	18	0	120	0	6	0	5	0	63	0	8	8	0	0	0	0	0	0	9	5	5	0	9	0	140	432	0	12	5	0	4	0	0	11	17	12	19	5	11	0	0	0	2787	0	20	16	8	29	0	0	2	12	8	4	0	0	8	2	0	20	54	178	0	0	0	0	0	0	0	0	0	120	0	0	4	0	72	0	0	0	0	0	0	0	8	0	0	0	0	0	0	0	0	0	0	0	0	0	0	3	0	0	0	0	0	0	0	0	0	0	0	0	842	0
P323CA1R.lib21	0	10	0	0	267	41	14	0	0	0	7094	1059	149	67	183	103	43	0	0	710	262	0	104	132	0	0	122	0	0	0	0	0	0	0	6	0	151	0	0	7	0	0	228	172	1319	28	1026	1067	0	197	98	0	2305	29	15	18	23	9	203	431	25	199	0	0	0	0	0	5	103	5	0	0	28	0	3251	2827	6	31	88	77	59	0	55	18	189	45	8	6	128	9	3	0	13973	7	107	47	55	322	6	3	3	4	0	0	27	0	0	17	111	0	0	708	0	11	0	0	653	0	0	0	715	1022	0	0	9	0	116	858	0	0	0	0	0	77	0	0	0	0	0	0	0	0	0	0	8	0	0	7	0	0	0	0	0	0	0	0	0	0	0	0	0	0	0	0
P323SI1R.lib20	0	2	0	0	63	16	4	0	0	0	2324	433	70	24	71	32	13	0	0	338	96	0	65	70	0	0	41	0	3	0	0	0	0	3	0	0	39	0	0	4	0	0	76	53	518	17	309	312	0	62	35	0	707	0	9	6	8	0	70	176	9	63	0	0	0	0	6	0	13	0	0	0	6	0	1045	984	0	17	50	12	21	0	22	9	85	18	14	2	60	0	0	0	5806	0	38	20	20	91	6	0	0	12	0	0	11	0	0	2	27	0	0	493	0	0	0	0	277	0	0	0	381	312	0	0	0	0	51	310	0	0	0	0	0	34	0	0	0	0	0	0	0	0	0	0	0	0	0	0	0	0	0	0	0	0	0	0	0	0	0	0	0	0	0	0
P325CA1R.lib21	0	40	0	0	873	13	0	31	0	46	10470	0	124	73	33	179	0	0	0	370	1286	0	113	76	0	176	509	0	18	0	0	7	0	46	0	0	82	0	0	749	5	0	298	328	2403	121	168	554	0	195	135	5	1083	93	34	81	75	0	218	136	7	262	0	0	0	9	8	0	272	0	12	2	209	13	1318	7235	0	219	75	52	101	0	35	115	38	20	44	4	164	0	8	0	4762	0	154	36	39	192	12	0	0	83	0	15	36	10	12	8	51	13	0	790	0	13	0	0	948	0	0	2	1063	0	0	0	0	0	6207	0	0	0	0	0	0	5	0	0	0	0	0	0	0	0	0	0	0	0	0	0	0	0	68	0	0	10	0	0	7	0	0	0	0	0	0	0
P325SI1R.lib21	0	22	0	0	74	10	0	5	0	4	2730	0	10	37	6	52	0	0	0	201	282	0	39	30	2	61	138	0	7	0	0	3	0	12	0	0	64	0	0	334	3	0	134	136	1004	71	24	152	0	97	24	0	220	13	15	32	25	0	60	63	11	100	0	0	0	0	2	0	82	0	16	0	47	4	455	1560	6	84	34	20	56	0	17	51	22	15	33	6	91	2	0	0	2160	8	62	15	14	83	7	0	0	35	2	0	4	13	10	0	80	0	0	420	0	3	0	0	318	0	0	0	320	0	0	0	2	0	1075	0	0	6	0	0	0	0	0	0	0	0	0	0	0	0	0	0	0	0	0	0	0	0	43	0	0	0	0	0	0	0	0	0	0	0	0	0
P326CA1R.lib21	0	308	0	0	242	2	0	12	29	155	3306	0	0	33	24	0	128	0	0	132	433	0	49	6	7	18	358	0	0	10	0	0	0	0	0	2	73	0	0	12	0	0	841	533	2939	265	311	456	0	1205	12	0	237	17	25	20	37	0	58	31	20	389	0	0	0	0	29	0	211	0	5	0	164	15	765	832	7	236	13	7	3	0	3	18	25	18	7	2	9	0	0	0	3756	0	35	0	65	203	2	71	0	14	0	0	16	7	0	8	12	6	0	0	81	2	0	0	54	0	0	3	796	0	0	0	2	0	4	0	0	0	0	0	0	0	0	0	0	0	0	0	0	0	0	0	0	0	0	0	0	0	0	0	0	0	0	2	2	0	0	0	0	0	0	0
P326SI1R.lib21	0	686	0	0	1213	0	0	28	66	259	6732	0	0	80	55	0	175	0	0	335	929	0	36	33	27	21	806	0	0	9	0	0	0	0	0	0	119	0	0	17	5	4	1379	1021	4715	405	394	742	4	2204	18	0	294	37	34	34	47	0	36	71	13	682	0	0	0	0	65	0	268	0	17	0	197	24	1471	1104	10	187	33	15	23	1	0	27	65	29	31	2	30	4	0	0	3779	0	43	0	133	296	0	91	2	12	0	0	29	15	0	12	14	4	0	0	111	0	0	0	131	0	0	0	2222	0	0	0	0	0	15	0	0	0	0	0	0	0	0	0	0	0	0	3	0	0	0	0	0	0	0	0	0	2	0	0	0	0	0	2	0	0	0	0	0	0	0	0
P329CA1R.lib21	0	0	0	0	103	0	0	8	6	0	3076	844	161	17	71	0	92	0	1237	655	400	0	0	5	0	12	27	0	0	0	0	0	0	6	0	0	114	0	0	192	10	0	162	14	1337	42	373	492	7	502	19	31	840	42	14	68	36	73	95	104	69	391	0	0	0	0	39	0	87	229	4	0	61	0	57	1850	63	52	58	43	27	81	0	0	166	43	205	5	8	0	0	0	5813	20	77	0	830	766	4	0	0	78	8	0	15	0	10	22	0	10	35	0	69	0	0	0	7	0	0	21	1395	96	0	0	0	12	48	0	0	0	0	78	0	0	0	201	8	0	0	0	9	0	0	0	0	0	0	0	0	0	0	0	0	0	37	0	0	0	0	0	0	7	0	0
P329SI1R.lib21	0	0	0	0	97	5	0	25	16	0	1803	444	74	25	65	0	90	0	2524	647	149	0	0	2	0	5	29	0	0	0	4	0	0	25	0	0	595	4	0	234	4	2	407	31	1138	12	309	274	0	680	22	2	400	29	23	64	78	42	110	57	83	283	0	0	0	0	106	0	154	94	7	6	78	0	94	1439	59	140	60	11	28	233	0	0	406	87	341	15	7	0	0	0	6092	24	102	14	1441	589	0	0	0	124	41	0	127	0	0	37	10	87	103	0	405	0	2	0	0	0	0	36	597	20	0	0	5	0	141	0	0	0	0	442	0	0	0	62	0	0	16	0	8	0	0	7	0	0	0	0	0	10	0	0	0	0	63	0	3	0	0	0	0	0	0	0
P333CA1R.lib21	7	79	23	0	99	31	0	0	0	0	2411	233	63	17	68	40	0	0	0	333	370	0	43	15	0	45	195	0	2	169	0	0	0	97	13	1	320	0	0	125	0	0	59	70	2105	192	571	844	0	306	133	0	271	8	83	57	141	0	152	220	17	248	0	0	2	0	19	0	84	2	5	12	28	0	1574	1855	44	187	47	14	35	21	10	0	533	86	141	36	48	8	0	5	8912	2	55	19	42	259	5	78	11	36	0	0	11	34	0	42	5	0	19	229	14	25	28	0	16	0	0	218	3	125	0	0	7	19	6	9	0	13	0	0	0	0	0	136	0	0	4	0	0	9	0	0	0	0	0	0	0	0	8	0	0	0	0	0	0	0	0	0	8	11	0	43
P333SI1R.lib21	3	181	0	0	663	200	4	0	0	0	7891	1232	164	136	144	186	0	0	0	1356	549	0	136	136	0	175	458	0	23	209	0	0	0	161	29	0	481	0	0	273	3	0	93	132	3227	608	884	1547	0	349	132	0	794	27	149	96	211	0	181	460	4	587	0	0	0	0	78	0	117	5	0	23	28	0	3102	2763	34	466	85	84	38	34	56	0	656	194	230	84	173	0	0	0	14812	0	127	49	87	547	0	129	22	102	0	0	27	33	0	44	20	0	22	608	16	16	16	0	13	0	0	705	0	170	0	0	15	0	0	25	0	19	0	0	0	0	13	408	0	0	6	0	0	12	0	0	0	0	7	0	0	0	47	0	4	0	0	0	2	2	0	0	0	6	0	71
P334CA1R.lib21	14	0	0	0	484	0	0	69	89	194	212	0	0	17	9	89	85	0	438	9	76	0	0	0	60	0	0	0	0	0	0	0	0	39	3	0	120	0	0	0	18	19	100	374	2054	38	1418	986	0	1137	15	0	178	30	22	99	9	0	60	11	89	75	0	0	0	0	46	0	426	13	2	5	135	0	1743	689	4	117	153	2	24	24	9	0	363	55	69	77	12	3	2	2	4785	0	28	6	142	303	0	44	14	53	14	0	95	136	0	9	11	0	0	35	239	8	0	0	0	0	0	33	1056	0	0	0	7	0	0	0	19	0	1732	5	21	0	0	0	0	557	68	0	0	0	0	0	0	31	0	0	0	24	0	0	0	0	0	0	5	0	0	0	0	0	0	0
P334SI1R.lib21	5	0	0	0	564	4	0	58	122	248	151	0	0	31	5	84	140	0	598	11	48	0	0	3	46	0	0	0	0	0	0	0	0	36	6	0	135	0	0	0	54	4	130	303	1814	42	1306	1146	0	1258	15	0	184	27	21	59	9	0	55	4	58	78	0	0	0	0	31	0	300	14	0	4	153	0	1807	614	0	94	122	1	18	32	26	3	296	64	66	65	3	0	0	0	3568	0	15	0	89	190	0	39	5	38	13	2	108	118	0	10	3	8	0	47	304	14	0	0	0	0	0	44	1338	4	0	0	0	0	0	0	34	0	2139	5	14	0	0	0	0	471	42	0	0	0	0	0	0	18	0	3	0	22	0	0	0	0	0	0	12	0	0	0	0	0	0	0
P336CA1R.lib21	62	257	3	0	160	0	0	0	34	0	2591	88	0	17	38	0	9	21	238	136	125	0	0	29	0	21	56	0	0	0	0	0	0	521	25	11	100	0	0	0	0	0	10	65	476	76	283	326	0	270	50	0	336	0	16	14	20	0	243	72	2	67	0	0	0	0	0	0	57	0	6	0	9	50	2089	986	0	16	100	90	21	9	15	0	106	22	16	0	46	0	4	0	3977	0	19	9	20	348	0	3	0	13	0	0	13	0	0	0	2	79	3	149	0	21	51	0	0	0	0	3	522	0	0	0	263	0	0	0	0	0	0	0	0	0	0	0	0	40	20	0	0	0	0	0	0	7	0	0	0	0	0	0	0	0	0	6	0	0	0	4	0	4	0	6
P336SI1R.lib20	23	357	0	0	120	0	0	0	58	0	1626	43	0	2	32	0	9	11	182	188	147	0	0	21	0	43	33	0	18	0	0	0	0	204	2	8	53	0	0	3	0	0	2	27	247	36	152	176	0	122	36	0	145	3	12	8	12	0	131	36	3	21	0	0	0	0	0	0	55	0	3	0	2	55	1257	411	0	29	33	43	0	0	10	0	104	29	22	0	50	0	0	0	2866	0	8	0	52	177	0	0	5	38	0	0	13	0	0	12	8	58	9	125	0	13	5	0	0	0	0	0	479	0	0	0	140	0	0	0	0	0	0	0	0	0	0	0	0	15	13	0	0	0	0	0	0	9	0	0	0	0	2	0	0	0	0	0	0	0	0	6	3	0	0	0
