feature	Actinobacteriota	Bacteroidota	Cyanobacteria	Desulfobacterota	Firmicutes	Fusobacteriota	Proteobacteria	Verrucomicrobiota
Cah8-297-CE	-3.24295264408252	-2.02013638683689	-6.2328989794186	-7.67010785969606	-0.699632874557342	-15.8344463596196	-7.18650607393415	-7.15043681922662
Cah8-297-RE	-3.10808168628944	-2.12876041705726	-6.60043563144931	-9.20811820867054	-0.675808671543979	-15.8344463596196	-7.17417087674721	-6.57806781842085
Cah8-298-RE	-4.17604624847227	-2.59270248008463	-16.0209220818313	-15.0076230091737	-0.378343823139453	-15.8344463596196	-6.70507872103471	-15.5083312572928
Cah8-299-CE	-3.80465453011578	-1.74076650181698	-16.0209220818313	-7.70536655079518	-0.734560081130039	-13.9907687696574	-5.47506893137338	-10.1327877745299
Cah8-300-CE	-3.27104551844579	-1.83399210872845	-8.68455909760735	-7.4264069131533	-0.797709095546875	-11.8940124632363	-4.97514922596171	-11.434580844599
Cah8-301-RE	-4.96704788496523	-1.47023245365089	-8.31590430725959	-8.83946626331661	-0.856353894514534	-15.8344463596196	-4.33829253901045	-15.5083312572928
Cah8-302-CE	-6.81090576149022	-1.52254719929656	-16.0209220818313	-9.64740702920734	-1.02211566282694	-15.8344463596196	-2.74292293130591	-15.5083312572928
Cah8-302-RE	-5.76727231140176	-1.58257361998213	-16.0209220818313	-8.18116798629105	-0.998365075400887	-15.8344463596196	-2.79844820728494	-15.5083312572928
Cah8-303-CE	-3.67759480323476	-2.25715377954161	-16.0209220818313	-10.8589245679493	-0.531612526760637	-15.8344463596196	-6.01164346147896	-7.68899956650701
Cah8-303-RE	-3.53752335387005	-2.27807234824142	-16.0209220818313	-10.8555011762772	-0.54694882963757	-15.8344463596196	-5.91005733989925	-7.36364807994749
Cah8-304-CE	-5.81657598632094	-1.82303100845824	-16.0209220818313	-7.63371192917113	-0.98681652477187	-3.22744183438212	-3.80962992070807	-6.39044077815876
Cah8-304-RE	-5.65618599749436	-1.86224379299504	-16.0209220818313	-8.065394417971	-0.935114490903988	-3.41596438337169	-3.79719830702143	-6.29167027379468
Cah8-305-CE	-2.6808560414474	-1.48118768777231	-16.0209220818313	-11.1373571389859	-1.04611067363955	-15.8344463596196	-9.77478705960117	-15.5083312572928
Cah8-305-RE2	-5.92216445692906	-1.27709387731757	-11.2696276439236	-8.79158034711891	-1.00552020342453	-15.8344463596196	-3.83678751200123	-12.7550544710938
Cah8-308-CE	-6.01675543803617	-1.54863958534645	-11.736486494786	-9.01402047031493	-0.793678788543249	-15.8344463596196	-3.98159899262256	-11.5989829710361
run06-101	-2.09983819933559	-2.66327874438418	-16.0209220818313	-8.33421446821519	-0.765458284610961	-15.8344463596196	-5.83730814415923	-15.5083312572928
run06-102	-4.86975010063282	-12.1033697773925	-16.0209220818313	-15.0076230091737	-0.523700281413265	-10.6439381587552	-1.89239409966613	-15.5083312572928
run06-103	-4.46471042087102	-2.34774235383936	-16.0209220818313	-15.0076230091737	-0.399393220500641	-15.8344463596196	-13.5888317327002	-15.5083312572928
run06-104	-7.76380990728029	-12.407666097055	-16.0209220818313	-15.0076230091737	-1.38183442872299	-15.8344463596196	-0.709612612891481	-15.5083312572928
run06-106	-4.28894617525753	-1.78916180529163	-16.0209220818313	-9.79197682089869	-0.693944737938162	-15.8344463596196	-4.63614664934216	-15.5083312572928
run06-107	-4.56163767910731	-2.54609842242104	-16.0209220818313	-15.0076230091737	-0.386662571469477	-12.634886661138	-5.54742381988761	-15.5083312572928
run06-109	-8.89449529408715	-13.407666097055	-16.0209220818313	-15.0076230091737	-0.040953466058893	-15.8344463596196	-5.27166460777555	-15.5083312572928
run06-112	-2.1072555679989	-3.29582156715403	-16.0209220818313	-7.72109918870718	-0.735257251703845	-15.8344463596196	-4.10292964259611	-8.67927901301256
run06-113	-5.17617524478233	-13.407666097055	-16.0209220818313	-15.0076230091737	-0.0417057811220255	-15.8344463596196	-10.2229961015353	-15.5083312572928
run06-114	-3.07338855940865	-2.258667807728	-16.0209220818313	-15.0076230091737	-0.573932172334349	-15.8344463596196	-14.5888317327002	-11.1130909834424
run06-116	-3.73152585419808	-1.85776203819815	-8.76818432477693	-7.94875657041875	-0.642846831597834	-15.8344463596196	-8.94875657041875	-15.5083312572928
run06-117	-4.80911437799447	-2.56760077917195	-11.5871915075298	-6.68030091192131	-0.413748593978919	-15.8344463596196	-5.48128299895868	-6.32040496683493
run06-118	-4.65789402317501	-2.00026738857289	-16.0209220818313	-8.90582153661859	-0.933511814279719	-15.8344463596196	-6.02263520160134	-2.5616242778902
run06-121	-3.03300192229521	-2.2853357244949	-16.0209220818313	-15.0076230091737	-0.6891794728812	-15.8344463596196	-4.25201170423701	-15.5083312572928
run06-123	-5.36943997838179	-1.40432789051573	-16.0209220818313	-6.55220532559752	-0.847307927773913	-12.9951488214463	-5.3549038852239	-7.16225880728151
run06-124	-3.15888073309288	-2.44531476794503	-16.0209220818313	-15.0076230091737	-0.554004089807921	-15.8344463596196	-5.42340651693532	-15.5083312572928
run06-125	-2.58529891089894	-2.33171598040972	-16.0209220818313	-15.0076230091737	-0.679485355311246	-15.8344463596196	-6.59610566585552	-15.5083312572928
run06-126	-4.22084196977305	-3.87240221922323	-16.0209220818313	-15.0076230091737	-0.569916206673533	-10.539158811108	-2.2950328678243	-15.5083312572928
run06-128	-4.33239147898736	-1.82842110058808	-16.0209220818313	-15.0076230091737	-1.14974324096378	-15.8344463596196	-2.19989731805117	-11.1828908927455
run06-129	-3.07384366077071	-3.83552799447305	-16.0209220818313	-7.72579227149416	-0.44371740291007	-5.57604515198947	-4.4850009393322	-7.47786475805057
run06-130	-2.75890462802176	-2.52356195605701	-16.0209220818313	-7.7447122808545	-0.587517559019918	-15.8344463596196	-6.92992715332141	-15.5083312572928
run06-131	-3.47846628800163	-2.28124959489158	-16.0209220818313	-8.51499216402675	-0.739023190229186	-10.9930394608314	-3.32770354364622	-8.59094101726005
run06-132	-3.33989868513596	-2.71001297076545	-10.9619505045923	-10.4144627092898	-0.475502212703466	-15.8344463596196	-5.17053712640375	-12.3404621278461
run06-133	-4.60944585284668	-2.65912101187087	-16.0209220818313	-9.14638683870489	-0.617653676674068	-10.4943101421252	-2.8354495277355	-7.281316418791
run06-134	-2.42310078187371	-2.28457255926098	-16.0209220818313	-9.42250744645885	-0.778461440876883	-15.8344463596196	-5.41776952745219	-11.0854724591813
run06-135	-3.28629746868365	-3.08050346100756	-16.0209220818313	-10.2395985292491	-0.588546838070195	-15.8344463596196	-3.13994725976522	-15.5083312572928
run06-150	-6.15813864103003	-1.46662947566389	-16.0209220818313	-15.0076230091737	-0.699318878307957	-15.8344463596196	-6.91134487620344	-15.5083312572928
run06-151	-5.71192140110891	-2.02430339736019	-16.0209220818313	-15.0076230091737	-0.675554281071944	-11.6392760992771	-3.99851471592528	-4.43820239926416
run06-152	-3.97303295239973	-2.86167184345203	-16.0209220818313	-7.5628612082927	-0.367173110785309	-15.8344463596196	-6.43246457103703	-7.24875261786464
run06-154	-2.04934021482063	-2.70392485647499	-16.0209220818313	-8.63367640989232	-0.765239654034152	-15.8344463596196	-6.15254972015571	-15.5083312572928
run06-156	-5.21621384640732	-3.37519838201899	-16.0209220818313	-15.0076230091737	-0.191003283610044	-15.8344463596196	-10.4236135532683	-15.5083312572928
run06-162	-3.6351863694756	-3.02371423873597	-16.0209220818313	-15.0076230091737	-0.364582784622328	-11.7665289085989	-5.67482907446205	-15.5083312572928
run06-164	-12.3276462010373	-13.407666097055	-16.0209220818313	-15.0076230091737	-0.0156141422924686	-15.8344463596196	-6.56388054752741	-15.5083312572928
run06-167	-5.10648314757183	-7.69144564829298	-16.0209220818313	-15.0076230091737	-0.054290657652968	-15.8344463596196	-8.96153481166073	-9.87907265146876
run06-168	-2.95218533551543	-2.55047035907612	-16.0209220818313	-15.0076230091737	-0.514391017239688	-15.8344463596196	-14.5888317327002	-15.5083312572928
run06-170	-3.62772115934703	-1.85763532075287	-8.88938872941692	-7.93378284877537	-0.655769052657217	-15.8344463596196	-8.80449983183041	-15.5083312572928
run06-171	-4.9410824944688	-2.24504634192498	-9.78314707081405	-7.33568809384283	-0.475118375535672	-15.8344463596196	-5.46779162985017	-7.12363761672784
run06-172	-4.75059575954433	-1.74113543029526	-16.0209220818313	-9.80587819504552	-0.989961259484491	-15.8344463596196	-6.05992381765206	-2.79465093962226
run06-173	-3.33879402277932	-1.68320524360371	-16.0209220818313	-15.0076230091737	-0.940478663879605	-15.8344463596196	-3.86328935016427	-15.5083312572928
run06-176	-3.05636244261911	-2.24000343717845	-16.0209220818313	-15.0076230091737	-0.703725449951144	-15.8344463596196	-4.2077270341547	-15.5083312572928
run06-177	-2.60611233559294	-2.2569969068838	-16.0209220818313	-15.0076230091737	-0.705461674621039	-15.8344463596196	-6.2318211786574	-15.5083312572928
run06-179	-4.11293268350312	-2.84368490529194	-16.0209220818313	-15.0076230091737	-0.704285770704058	-12.4995137367327	-2.40367720288091	-15.5083312572928
run06-180	-6.3144832827262	-2.52901478738299	-16.0209220818313	-15.0076230091737	-0.31051073765293	-8.89944578344735	-8.15401861053295	-8.81698362325538
run06-181	-3.60931582600856	-2.84436557425702	-16.0209220818313	-6.6945727111091	-0.462260810575118	-9.20647174964053	-4.97836567710969	-6.65757850362689
run06-182	-3.0354053361312	-2.12696236396835	-16.0209220818313	-8.16468835307617	-0.65362326993583	-15.8344463596196	-6.67702305370992	-12.6882503091332
run06-183	-4.98295786014824	-1.55424364809521	-16.0209220818313	-15.0076230091737	-1.63742992061529	-15.8344463596196	-1.70630889853994	-15.5083312572928
run06-184	-3.85661364118114	-1.86306866331844	-16.0209220818313	-7.09762174068493	-0.964062484845138	-12.3644082813798	-2.90805386627154	-8.50642728625226
run06-186	-3.62667880694305	-1.93787087807185	-9.89658468948213	-9.67419226814568	-0.679704132155885	-15.8344463596196	-5.01666114147388	-10.7445815960371
run06-187	-4.79719830702143	-2.1157088826217	-16.0209220818313	-9.43462822763673	-0.764562158539151	-15.8344463596196	-2.874932485526	-7.17828847437694
run06-188	-2.76571624153543	-1.73686477337991	-16.0209220818313	-8.28107327477072	-0.958949174850672	-15.8344463596196	-4.84463329875966	-10.9972803087701
run06-189	-3.16974796192302	-2.59517898663759	-16.0209220818313	-9.34846260309846	-0.6954025859939	-15.8344463596196	-3.26099976184813	-15.5083312572928
run06-190	-5.46553919672557	-1.80652802552742	-6.70340302682446	-15.0076230091737	-0.57814390436516	-15.8344463596196	-6.90776152533065	-8.06208967172194
run06-97	-6.49661788899229	-1.58088351483444	-16.0209220818313	-15.0076230091737	-0.621035027950944	-15.8344463596196	-7.81388460650979	-15.5083312572928
run06-98	-5.75436148945451	-2.0942392265009	-16.0209220818313	-15.0076230091737	-0.652106760242295	-10.9356912541691	-3.45648841461871	-5.69319762677611
run06-99	-5.60344646476605	-2.29457149374439	-16.0209220818313	-8.63374922492958	-0.423652271023296	-15.8344463596196	-5.390126125542	-8.07626746063053
run07-Cah7-101	-2.9598513935188	-1.26547354718419	-16.0209220818313	-8.99180525537646	-1.17930703004289	-15.8344463596196	-6.38299601270093	-15.5083312572928
run07-Cah7-102	-5.65831044547286	-2.30442000210172	-16.0209220818313	-9.77267747042486	-0.574379775564712	-15.8344463596196	-3.25099851882166	-15.5083312572928
run07-Cah7-103	-5.97582851991584	-1.3556667593926	-16.0209220818313	-15.0076230091737	-0.763378901826973	-15.8344463596196	-7.88108802994543	-15.5083312572928
run07-Cah7-106	-4.13186184038975	-1.82396330540645	-16.0209220818313	-6.31553999689939	-0.725146532364172	-15.8344463596196	-4.55697214824798	-10.8515928971396
run07-Cah7-107	-3.89406034470665	-2.18351426745011	-16.0209220818313	-10.4648647824311	-0.511032100285863	-15.8344463596196	-6.61937473148677	-15.5083312572928
run07-Cah7-109	-6.30092012595216	-1.3552752560091	-16.0209220818313	-8.18459600798493	-0.844871440481933	-15.8344463596196	-4.78552121903086	-15.5083312572928
run07-Cah7-110	-5.73804183072555	-1.42302072708426	-16.0209220818313	-9.1718628056838	-0.752922080268553	-15.8344463596196	-7.04924351901985	-7.46784763331889
run07-Cah7-113	-3.79256822719233	-1.45492932734741	-7.03949629823994	-8.03949629823994	-1.01479402670715	-7.25400081014607	-4.66537199222715	-6.53253630952005
run07-Cah7-114	-4.93591048436785	-1.18992040686326	-7.2635978485439	-8.63443554391221	-1.07509142135986	-15.8344463596196	-4.64535919294845	-7.53822022865291
run07-Cah7-115	-5.92637579950188	-0.811173691806312	-16.0209220818313	-8.14197265932948	-1.37222179577669	-15.8344463596196	-5.46805923569857	-9.68946045463197
run07-Cah7-116	-5.181184118857	-1.82305807044642	-7.3714291046789	-7.75609295491423	-0.646552464562578	-12.3410554556354	-5.32610511416941	-6.03727470745828
run07-Cah7-117	-5.86530121197859	-1.71073424663691	-10.2765767924612	-7.89191294222591	-0.572769325004743	-15.8344463596196	-14.5888317327002	-15.5083312572928
run07-Cah7-121	-5.51698160484203	-2.96191524799372	-16.0209220818313	-8.83280089014674	-0.515643090713951	-15.8344463596196	-6.05477004756908	-2.90941062654104
run07-Cah7-122	-3.48073638433228	-2.03988049495013	-9.35418049684766	-6.56627793745623	-0.668008290175829	-11.7692179961265	-5.83848065856362	-6.9618630740689
run07-Cah7-123	-4.41972614507247	-1.04031568637636	-10.9115792414021	-6.94964728223567	-2.36822513921976	-15.8344463596196	-1.91722580454329	-15.5083312572928
run07-Cah7-124	-3.50522460140438	-2.1820909956544	-10.1596722024468	-7.1038189677133	-0.575401950104863	-15.8344463596196	-6.34151052543263	-15.5083312572928
run07-Cah7-125	-4.90556586197483	-1.57643328249813	-16.0209220818313	-7.0881859362655	-0.814496281243753	-15.8344463596196	-4.19226645847799	-10.5476175549028
run07-Cah7-126	-2.79551892253561	-2.74968085288981	-7.43351941663704	-15.0076230091737	-0.546009569932748	-15.8344463596196	-5.9139329247679	-15.5083312572928
run07-Cah7-127	-4.05671439099432	-1.45742393930121	-16.0209220818313	-11.9862687067272	-1.05007247667561	-15.8344463596196	-3.45410762174396	-9.55330929945107
run07-Cah7-129	-4.51447600529035	-2.20566624969974	-16.0209220818313	-8.63549140625171	-0.522856425580437	-15.8344463596196	-4.63436474079743	-10.4979878825018
run07-Cah7-130	-3.72200622228238	-1.73652768399715	-16.0209220818313	-10.0417686499516	-0.749539058046677	-15.8344463596196	-5.15424337921004	-11.6856248397264
run07-Cah7-131	-3.97394825842209	-2.39581263721093	-16.0209220818313	-9.73239357999874	-0.466544158557897	-12.0543216748861	-5.55713513425339	-15.5083312572928
run07-Cah7-132	-3.94871303116203	-1.98368825956875	-16.0209220818313	-10.1091777033553	-0.625065642221477	-15.8344463596196	-4.92401075962924	-12.6116780438845
run07-Cah7-133	-4.1758347711562	-1.92105587880118	-10.6224586134929	-8.4348316103171	-0.640019540674231	-15.8344463596196	-5.27471422680138	-6.71023457358132
run07-Cah7-134	-2.51879688471196	-3.66429319921543	-16.0209220818313	-13.4780743904325	-0.432997338497523	-15.8344463596196	-7.42279195493127	-15.5083312572928
run07-Cah7-135	-2.80869563553984	-2.74676788639663	-16.0209220818313	-8.61850203659154	-0.514381744001257	-15.8344463596196	-7.46649894314649	-15.5083312572928
run07-Cah7-136	-6.62720141346295	-2.66682848758366	-12.707574829927	-11.1226123292058	-0.283321044062973	-15.8344463596196	-6.86627257594603	-9.33834102026125
run07-Cah7-137	-5.11093762498788	-1.83431157120002	-5.42337427089795	-7.50444588154526	-0.680949784243066	-15.8344463596196	-4.73572610620223	-10.8516112679316
run07-Cah7-145	-2.7861967787167	-2.91591060093264	-16.0209220818313	-9.58605283585875	-0.538049446126114	-15.8344463596196	-4.94219664608402	-15.5083312572928
run07-Cah7-146	-2.88138379413567	-1.12484693196531	-16.0209220818313	-15.0076230091737	-1.46498543676598	-15.8344463596196	-4.52289021649052	-15.5083312572928
run07-Cah7-147	-4.64966375900285	-1.82646245702906	-16.0209220818313	-8.50885761258007	-0.851168813865471	-15.8344463596196	-3.04543292457691	-15.5083312572928
run07-Cah7-148	-3.99954908734095	-1.4905772173414	-16.0209220818313	-7.72283974461008	-0.821289734545107	-15.8344463596196	-6.89617134749564	-8.61787018500854
run07-Cah7-149	-2.58365092461568	-1.55479148077395	-16.0209220818313	-8.57534629319826	-1.06641968350964	-15.8344463596196	-6.30131288841521	-15.5083312572928
run07-Cah7-150	-5.33231680037512	-2.56642552490101	-16.0209220818313	-9.84862294042934	-0.471328971444951	-15.8344463596196	-3.57393120164909	-15.5083312572928
run07-Cah7-151	-6.08410235289738	-1.77515211200822	-16.0209220818313	-12.4721196382425	-0.535757751485747	-15.8344463596196	-8.32237251873783	-15.5083312572928
run07-Cah7-152	-4.13311757450182	-2.36294020131376	-16.0209220818313	-8.35946800940695	-0.556578870921386	-12.6448702282692	-3.94269754290366	-11.059907727548
run07-Cah7-153	-4.31020217269039	-2.01638560375199	-9.47894801996743	-8.54404304818932	-0.895312135469308	-12.9814483604966	-5.65352152498781	-2.82916351819004
run07-Cah7-154	-4.05355211359614	-1.62728735889405	-16.0209220818313	-4.75056558236224	-0.937170479654546	-15.8344463596196	-4.14387639156109	-13.1620765703743
run07-Cah7-155	-4.19399158742715	-2.78919265857325	-11.028031617628	-9.53326692587841	-0.384011494549197	-15.8344463596196	-4.94636662091576	-12.9025007355441
run07-Cah7-156	-4.18885128563594	-1.55461547384239	-9.00958523749475	-7.38340007404708	-0.951240504242994	-15.8344463596196	-3.65050414418992	-15.5083312572928
run07-Cah7-159	-6.11352453325552	-1.63269777388337	-16.0209220818313	-8.45161744757389	-0.653088601983942	-15.8344463596196	-5.3629598277535	-15.5083312572928
run07-Cah7-160	-4.25172949531889	-1.66495155702479	-16.0209220818313	-9.55007076988863	-0.702040016718686	-15.8344463596196	-7.55007076988863	-6.53552246131948
run07-Cah7-162	-6.54092887695679	-1.60572901734362	-16.0209220818313	-11.9446510630078	-1.31226165845862	-15.8344463596196	-1.95596637623563	-15.5083312572928
run07-Cah7-163	-3.98014117989394	-2.01930435389909	-6.76900491209568	-7.87334157191042	-0.75241254177201	-10.0253446653555	-4.35816740134612	-4.91295342780927
run07-Cah7-164	-4.86806237470601	-1.64643918561433	-6.74432700628376	-7.27594008241199	-0.817807603926311	-15.8344463596196	-4.53540787322559	-5.6349435467765
run07-Cah7-165	-5.98598966692028	-0.890598597792567	-12.1921900547541	-7.78846786870314	-1.25690220691734	-15.8344463596196	-5.78563070939961	-8.14779593539569
run07-Cah7-166	-5.30888505741176	-2.13504693670447	-7.47881005885408	-8.10029843560035	-0.567957497093135	-15.8344463596196	-5.23696987528941	-4.76511424401072
run07-Cah7-167	-6.0796947965374	-1.83358062551567	-10.2669392741797	-8.02231690545983	-0.514885930167117	-15.8344463596196	-12.7905012302368	-15.5083312572928
run07-Cah7-168	-4.29606782959397	-1.29056963704479	-16.0209220818313	-7.31005205902967	-1.05278668100675	-10.6699480041161	-4.28336695088644	-15.5083312572928
run07-Cah7-169	-5.48027072639687	-2.73126357256037	-16.0209220818313	-8.74497395259128	-0.469496060902087	-15.8344463596196	-5.92054551717473	-3.54040280834207
run07-Cah7-170	-3.24588111336337	-1.89307520430211	-9.86761449223995	-6.20135188941695	-0.796735201687743	-11.2212514468547	-5.38836143268991	-6.53942740688091
run07-Cah7-171	-5.21961344866878	-1.29605287195165	-9.82066992551024	-5.87365121719641	-2.42835250273148	-15.8344463596196	-1.46633576642139	-13.5211096436513
run07-Cah7-172	-3.49774566425288	-2.27310561630269	-9.43045255166553	-7.02673036561452	-0.550358884555512	-15.8344463596196	-6.3080559203058	-15.5083312572928
run07-Cah7-173	-4.47560071094782	-1.23577749664662	-16.0209220818313	-7.63041881999993	-1.0941716043118	-15.8344463596196	-4.14257878617688	-11.4080263986635
run07-Cah7-174	-2.4335455983165	-2.59610698994151	-7.44424019911273	-13.6439125439491	-0.688081039713218	-15.8344463596196	-5.4565604707486	-12.0589500432279
run07-Cah7-175	-3.89008005671082	-1.54736321432659	-16.0209220818313	-8.71482869966189	-0.978203403891152	-15.8344463596196	-3.70381247254895	-8.08519714960701
run07-Cah7-176	-4.28644850575617	-1.61748042246645	-16.0209220818313	-11.5590782907325	-0.742894609300202	-15.8344463596196	-5.32306409883246	-15.5083312572928
run07-Cah7-177	-4.27564534762634	-2.18076564010172	-16.0209220818313	-9.33922855336354	-0.609884464523534	-15.8344463596196	-3.8229788027264	-11.4435652131783
run07-Cah7-178	-3.65923931930253	-1.38324891829059	-16.0209220818313	-9.89285899606223	-0.99337618901174	-15.8344463596196	-4.89098170882156	-11.155893401896
run07-Cah7-179	-3.83472703243847	-2.2738451248427	-16.0209220818313	-9.78802809300394	-0.525571805807776	-12.488467811145	-5.20306559228279	-15.5083312572928
run07-Cah7-180	-3.64055482668447	-1.9073037976852	-16.0209220818313	-9.3548003443506	-0.709592261575913	-15.8344463596196	-4.64192947666069	-12.676728439238
run07-Cah7-181	-4.34897598983898	-1.33181048546803	-11.2914904951782	-8.0184720007718	-0.944484374621836	-15.8344463596196	-5.3845998995697	-7.41702137726208
run07-Cah7-182	-2.55192623319029	-3.13711043119054	-16.0209220818313	-11.8979966739755	-0.513536676370473	-15.8344463596196	-6.05501784218713	-15.5083312572928
run07-Cah7-183	-3.13009167014997	-1.97753979831659	-16.0209220818313	-8.86148292440054	-0.690173020837366	-15.8344463596196	-6.6545205436337	-15.5083312572928
run07-Cah7-184	-4.22043622437112	-2.11764610540475	-12.3328757311527	-8.40213839358979	-0.54008543685161	-15.8344463596196	-5.67823970262471	-7.49998571698793
run07-Cah7-185	-4.91128192643562	-1.95576053893547	-5.84161376578788	-7.75366606651218	-0.628710971477161	-15.8344463596196	-4.65438896362974	-11.1228998761779
run07-Cah7-98	-3.02306487941706	-0.898321022087263	-16.0209220818313	-15.0076230091737	-1.72244279472427	-15.8344463596196	-4.73940680145742	-15.5083312572928
4013.2.lib27	-5.9993244228203	-3.8689611399762	-16.0209220818313	-10.6005887358706	-0.191004938955762	-15.8344463596196	-7.18965563492445	-4.94627818845866
4013.3.lib30	-6.27608111295054	-1.86566427432552	-11.2169190404824	-8.53242086621033	-0.772052049601641	-15.8344463596196	-5.78586922321492	-3.23963911698248
4013.4.lib30	-4.61085236844569	-2.21596901339269	-10.7673568541257	-8.39812304445997	-0.555164482217213	-15.8344463596196	-5.81704397822604	-4.57424222531148
4015.2.rerun.lib32	-4.46057073834977	-1.73234929681621	-16.0209220818313	-6.80084814311602	-0.669505603992759	-15.8344463596196	-5.98855529824275	-12.4447043328907
4015.3.lib30	-5.58831730690716	-1.50170579257604	-16.0209220818313	-7.34191357561748	-0.720675688504778	-15.8344463596196	-6.25404081959215	-15.5083312572928
4015.4.lib30	-5.11311344290858	-1.70416152742879	-16.0209220818313	-7.41650558635851	-0.632984844850481	-15.8344463596196	-6.20954320559167	-15.5083312572928
4016.2.rerun.lib32	-3.85699598448884	-11.2600080080638	-16.0209220818313	-15.0076230091737	-0.116656684237282	-15.8344463596196	-6.92015800517922	-15.5083312572928
4016.4.rerun.lib32	-2.80536705396371	-13.407666097055	-16.0209220818313	-15.0076230091737	-0.223885121977516	-15.8344463596196	-10.502334580198	-15.5083312572928
4018.2.rerun.lib32	-4.90811759199011	-6.37460662283141	-16.0209220818313	-15.0076230091737	-0.422874517443904	-6.58359238561671	-2.3362112440944	-11.965567864174
4018.4.rerun.lib32	-7.02550357976185	-6.13596022771722	-16.0209220818313	-15.0076230091737	-0.181413669690075	-6.86776411676765	-3.51121782501071	-15.5083312572928
4020.2.lib29	-5.54133406841261	-1.63298510013414	-7.31711891146934	-7.19732439893462	-0.693767866255476	-14.1688679528854	-5.34550071283916	-12.846939857998
4020.3.lib30	-6.51942181604431	-1.94984234802254	-6.89139059343127	-6.97885343468161	-0.530737129272145	-15.8344463596196	-5.5259944699678	-15.5083312572928
4020.4.lib30	-6.62314668126385	-1.49785820782391	-7.33633489214693	-7.27522337784354	-0.733350585165152	-15.8344463596196	-5.53096305636843	-15.5083312572928
4022.2.lib27	-9.422934733058	-0.63446952203084	-16.0209220818313	-15.0076230091737	-1.58199406584576	-15.8344463596196	-5.61913763041359	-15.5083312572928
4022.4.lib30	-8.2684888359259	-0.899188921880191	-16.0209220818313	-15.0076230091737	-1.21740351396849	-15.8344463596196	-5.03443349706387	-15.5083312572928
4023.2.lib27	-9.00035559625779	-1.31256376262742	-13.3649280285536	-15.0076230091737	-1.041873268212	-6.91536665394041	-3.30234216204239	-15.5083312572928
4023.3.rerun.lib32	-8.04608077763594	-1.26645797226945	-16.0209220818313	-15.0076230091737	-1.10322133624225	-9.96361861744397	-3.151263014328	-9.37865611672282
4023.4.lib30	-9.44988739818252	-1.13868570988822	-16.0209220818313	-15.0076230091737	-1.14025666209854	-8.00183484167571	-3.52588138147106	-15.5083312572928
4024.2.lib27	-5.89085448481862	-2.75126797174959	-16.0209220818313	-15.0076230091737	-0.271346679694257	-15.8344463596196	-7.56793518752821	-10.2683749056693
4024.3.lib30	-4.77630200606765	-2.54935705636881	-16.0209220818313	-15.0076230091737	-0.347145260646441	-15.8344463596196	-7.44673384897815	-10.2745528735955
4024.4.lib30	-4.89130917119364	-2.41918914254931	-16.0209220818313	-15.0076230091737	-0.366282041117707	-15.8344463596196	-8.13215595856657	-15.5083312572928
4027.4.lib30	-8.12810807575989	-1.26839060037599	-16.0209220818313	-15.0076230091737	-0.887036227353435	-15.8344463596196	-4.62311387974214	-15.5083312572928
4028.2.lib27	-5.12417200652641	-1.56747812783932	-16.0209220818313	-7.32086391753151	-0.693227571105389	-15.8344463596196	-6.80224391163905	-11.9892424264403
4028.3.lib30	-5.56827310615433	-1.43651413718934	-16.0209220818313	-8.10164101357999	-0.747370021301525	-15.8344463596196	-6.67077854713946	-11.6041413541092
4028.4.lib30	-5.10000892106734	-1.45530910688284	-16.0209220818313	-6.82458616734049	-0.77305880704254	-15.8344463596196	-6.40019350300994	-11.5741204350097
4030.2.rerun.lib32	-7.67345156255363	-1.6701830261353	-16.0209220818313	-15.0076230091737	-0.571405316215559	-12.8906822787743	-7.00315700803271	-15.5083312572928
4030.3.rerun.lib32	-7.96307300503578	-1.43240789748269	-16.0209220818313	-15.0076230091737	-0.703954274264014	-15.8344463596196	-6.43057792420876	-15.5083312572928
4030.4.lib30	-8.68345739386799	-1.5937813830926	-16.0209220818313	-15.0076230091737	-0.614620071311851	-12.7318204154294	-6.26347407198434	-15.5083312572928
4035.2.lib27	-6.16726022590446	-1.96957955806476	-16.0209220818313	-6.82728567559964	-0.487435672715016	-15.8344463596196	-6.85139813171645	-15.5083312572928
4035.3.lib30	-5.69921967997884	-1.60896182001593	-16.0209220818313	-6.90323357200043	-0.679659498749086	-15.8344463596196	-5.62581373825258	-15.5083312572928
4035.4.lib30	-5.80672525205612	-1.88651793061155	-16.0209220818313	-6.22901249041435	-0.570117547218748	-15.8344463596196	-5.33453068149691	-15.5083312572928
4036.2.lib27	-10.8827606044681	-2.3664544644139	-16.0209220818313	-8.53880620325075	-1.40158215421338	-15.8344463596196	-4.68082520812318	-1.37572836720471
4036.4.lib30	-9.02717167970213	-1.55892948734196	-16.0209220818313	-7.92388387129011	-1.84734032319517	-15.8344463596196	-4.86856199148765	-1.54612910476838
4037.2.lib27	-8.14794583243637	-2.63462067524534	-16.0209220818313	-8.28755189973196	-1.03866034011759	-14.8344463596196	-1.54305979031939	-8.7791639241184
4037.3.lib30	-7.75325086552636	-1.68804083112315	-11.0460326147542	-7.69553536767007	-0.656508822926804	-11.0460326147542	-4.5931736500404	-8.19803570819926
4042.2.lib27	-6.15419892282526	-1.6188067007387	-16.0209220818313	-8.50772386260696	-0.677638800642399	-15.8344463596196	-5.03941983996571	-8.95752678004648
4042.3.lib30	-5.38500427765046	-1.76265313099456	-16.0209220818313	-9.05132942008554	-0.623897221655499	-15.8344463596196	-5.10244473581239	-9.42437283069975
4042.4.lib30	-5.56312367465522	-1.7825495288281	-16.0209220818313	-8.54472952355793	-0.611637025685822	-15.8344463596196	-5.12756123682851	-8.67736729213605
4051.2.lib27	-5.2154039122248	-1.71496458512816	-16.0209220818313	-8.32704926805371	-0.622748082700208	-13.1850302631813	-5.982090204511	-15.5083312572928
4051.3.lib30	-4.28976369987023	-1.74879333196414	-16.0209220818313	-7.05600843396451	-0.672846433301567	-15.8344463596196	-5.91795625265296	-15.5083312572928
4051.4.lib30	-5.2041453698386	-1.2437375489115	-16.0209220818313	-7.42551713669959	-0.907555470343894	-15.8344463596196	-6.41839270226621	-15.5083312572928
4054.2.lib27	-5.69219572404618	-2.24809258768512	-16.0209220818313	-15.0076230091737	-0.434652673581575	-15.8344463596196	-5.04525558414842	-15.5083312572928
4054.3.lib30	-4.49733475967189	-2.46069825176597	-16.0209220818313	-15.0076230091737	-0.470772804317151	-15.8344463596196	-4.25188188315243	-15.5083312572928
4054.4.lib30	-5.20083319287889	-2.33124113869334	-16.0209220818313	-15.0076230091737	-0.458897032268716	-15.8344463596196	-4.42490024590759	-15.5083312572928
4056.2.lib27	-7.24896526360766	-1.84955381186079	-16.0209220818313	-7.32415276000188	-0.524717890298009	-15.8344463596196	-6.09668042130108	-15.5083312572928
4056.3.lib30	-6.37711050383587	-1.55047108242697	-16.0209220818313	-7.83482292261822	-0.709505336817924	-15.8344463596196	-5.02746800056061	-15.5083312572928
4056.4.lib30	-7.3327079336406	-1.12563936763047	-16.0209220818313	-6.8997485263645	-0.982407145335408	-15.8344463596196	-5.57426261206395	-15.5083312572928
4058.3.lib30	-6.02786787491308	-6.42860481064112	-16.0209220818313	-15.0076230091737	-0.107388387293091	-15.8344463596196	-4.48042371895906	-15.5083312572928
4058.4.lib30	-6.40559436804962	-5.58825348964869	-16.0209220818313	-15.0076230091737	-0.122429942051777	-15.8344463596196	-4.35758554825474	-15.5083312572928
4060.2.lib27	-5.99501030211875	-1.54278899268201	-16.0209220818313	-11.4637797853354	-0.701931781441709	-15.8344463596196	-5.26551015819911	-15.5083312572928
4060.3.lib30	-5.10312044535237	-1.64241604759336	-16.0209220818313	-13.5969758945932	-0.663239141992945	-15.8344463596196	-5.71433284523135	-15.5083312572928
4060.4.lib30	-5.86715283868129	-1.33770392515945	-16.0209220818313	-15.0076230091737	-0.845689820314592	-15.8344463596196	-5.02217412368925	-15.5083312572928
4063.3.lib30	-15.0532046930813	-1.13306707908209	-16.0209220818313	-15.0076230091737	-0.890130529065702	-15.8344463596196	-7.79928773164617	-15.5083312572928
4063.4.lib30	-15.0532046930813	-1.67224282631044	-16.0209220818313	-15.0076230091737	-0.553190154666677	-15.8344463596196	-7.72597481024823	-15.5083312572928
4064.2.lib27	-9.266692856157	-3.13988515301497	-16.0209220818313	-10.7406240444894	-0.340100346105934	-15.8344463596196	-6.72072448705171	-3.55850562013629
4064.4.lib30	-7.56405873447091	-2.87023993222236	-16.0209220818313	-10.7864511558074	-0.381014185605216	-13.3714136565285	-6.01679694293498	-3.75731733359665
4065.2.lib27	-5.78336067784111	-2.46694958792131	-16.0209220818313	-8.56885616593497	-0.36274148190848	-15.8344463596196	-5.5976151589164	-15.5083312572928
4065.3.rerun.lib32	-4.69008114064905	-2.0213649617467	-16.0209220818313	-7.93265144392313	-0.55455506554761	-15.8344463596196	-5.06003075039935	-15.5083312572928
4065.4.lib30	-6.29939120612683	-1.41235341470763	-16.0209220818313	-8.28028238317912	-0.775933796976698	-15.8344463596196	-5.3582848951804	-15.5083312572928
4068.2.lib27	-7.69743954912483	-3.03166500281557	-16.0209220818313	-10.5778579333722	-0.295611907063592	-10.3368498338684	-4.13944409600394	-15.5083312572928
4068.4.lib30	-7.93373604341682	-2.13592489403008	-16.0209220818313	-11.3711413557241	-0.486843620439866	-10.496672237808	-4.21801159682478	-15.5083312572928
4070.2.lib29	-7.50291565626511	-1.6267685840877	-16.0209220818313	-15.0076230091737	-0.97482641079972	-15.8344463596196	-2.6270645518887	-15.5083312572928
4070.3.lib30	-7.49054509671545	-1.37920591339091	-16.0209220818313	-15.0076230091737	-0.975013003916268	-15.8344463596196	-3.30366696199194	-15.5083312572928
4070.4.rerun.lib32	-5.08528725558831	-5.99938190750686	-16.0209220818313	-15.0076230091737	-0.189174141390124	-15.8344463596196	-3.6840029113768	-15.5083312572928
4072.2.lib27	-5.28979547394655	-2.15610063453302	-16.0209220818313	-7.53138146051631	-1.04588754529282	-11.2418748433213	-1.94913491679618	-10.0574502721839
4072.3.lib30	-4.56777989443581	-1.68057166468899	-16.0209220818313	-7.26998007044134	-0.858256127758206	-10.1883663048877	-3.53731461370875	-10.3086605386054
4072.4.lib30	-4.93019284442879	-1.90368709021084	-16.0209220818313	-8.08178602309885	-0.785078343363219	-10.3712926402938	-3.12758971271197	-10.3712926402938
4075.2.lib27	-6.77223958392549	-2.29194508177264	-8.06174620112047	-8.17855986610322	-0.406076353099403	-15.8344463596196	-6.62582133536781	-6.09211985016399
4075.3.rerun.lib32	-6.9288221343068	-3.03589771786229	-8.69102501997203	-7.265418278983	-0.262623791047789	-15.8344463596196	-6.16869350752128	-6.21370324243885
4075.4.lib30	-6.93827517801807	-1.7360224442969	-7.34250592234033	-7.25884799329342	-0.655308710267732	-13.4085951127981	-5.73381434982848	-5.31407751401381
4076.2.lib27	-4.23511492959054	-3.26408568301816	-16.0209220818313	-6.2553332090092	-0.729812399914126	-11.2095295193961	-2.16530618370646	-8.20952951939607
4076.3.lib30	-3.5625866196279	-2.26292952451058	-16.0209220818313	-5.91794578411751	-0.737781598170364	-15.8344463596196	-3.48616121000152	-9.31026320689628
4076.4.rerun.lib32	-2.32941180504182	-5.69130363936638	-16.0209220818313	-6.06859522445785	-0.442284464254736	-15.8344463596196	-5.14176163701982	-8.65039044610032
4077.2.lib27	-7.06634061268846	-2.67009035228777	-16.0209220818313	-15.0076230091737	-0.502041417482901	-11.3609613615801	-2.95528802929822	-15.5083312572928
4080.2.lib27	-9.21370273165116	-8.08011957727257	-16.0209220818313	-15.0076230091737	-0.498432208584274	-15.8344463596196	-6.94663657179832	-1.84353584802314
4080.3.lib30	-8.12978317123699	-7.48089334372628	-16.0209220818313	-15.0076230091737	-0.186500207597214	-15.8344463596196	-6.0218678320701	-3.37023429170366
4080.4.lib30	-8.01235420250433	-7.64462241800384	-16.0209220818313	-15.0076230091737	-0.153972068755822	-15.8344463596196	-5.90315543160269	-3.72456736319687
4083.3.lib30	-5.14927785059955	-2.05145153156246	-16.0209220818313	-6.87264103365561	-0.497499659470817	-15.8344463596196	-6.18823687971925	-15.5083312572928
4083.4.lib30	-4.85936993818362	-2.48637116294487	-16.0209220818313	-7.58829821328441	-0.383636507217227	-12.7582232147267	-6.03484668530847	-15.5083312572928
4086.2.lib27	-9.78519491103226	-4.36630261589171	-16.0209220818313	-15.0076230091737	-1.1360617957109	-15.8344463596196	-5.13975855128479	-1.0984545622083
4086.3.lib30	-9.55297578431121	-3.45450130613061	-16.0209220818313	-15.0076230091737	-1.51839642497401	-15.8344463596196	-5.60937747182182	-0.894614266196187
4086.4.lib30	-9.42783660345852	-2.97868795808308	-16.0209220818313	-15.0076230091737	-1.00813971515254	-15.8344463596196	-4.52395475772234	-1.59494658929378
4092.2.lib27	-8.76075645295826	-1.79891858157614	-16.0209220818313	-15.0076230091737	-0.57844689164526	-10.3958424331053	-4.65641979314353	-12.1183084575763
4092.3.lib30	-8.20114373205303	-1.55188755453572	-16.0209220818313	-15.0076230091737	-0.654828009235758	-11.9381093262192	-5.65270710735699	-11.9381093262192
4096.2.rerun.lib32	-6.63142288443	-2.2636834843719	-16.0209220818313	-8.88667993967207	-0.502557696818709	-10.4485588272802	-3.77613348530869	-15.5083312572928
4096.4.rerun.lib32	-5.60646977388462	-1.77962571293135	-16.0209220818313	-8.17475353345914	-0.71292130587024	-9.67518252396863	-3.76711948210226	-15.5083312572928
4097.2.lib27	-5.86225406760615	-2.78119305320669	-9.81645037799302	-6.78670303459897	-0.850826401686107	-15.8344463596196	-1.87458764363432	-15.5083312572928
4097.3.lib30	-5.94152599004204	-1.78873042470621	-9.40492651088229	-6.4970647304233	-0.729183273886526	-15.8344463596196	-3.67096966658842	-15.5083312572928
4111.2.lib27	-6.83725296503301	-1.21785142559308	-16.0209220818313	-8.94960069089851	-0.950156413303854	-10.2919928883456	-4.61351850170129	-13.514385309682
4111.3.lib30	-6.50588992658741	-1.29286827289753	-16.0209220818313	-9.979061601851	-0.890296605230694	-10.6826685990708	-4.65271096560407	-15.5083312572928
4111.4.rerun.lib32	-5.39891660439012	-2.99310044098232	-16.0209220818313	-7.19464620132809	-0.288701502375593	-9.62598551293604	-5.40125295314507	-11.6703796322945
4113.3.lib27	-9.35081643555232	-3.83424090981142	-16.0209220818313	-6.12842401421587	-0.157975692840677	-15.8344463596196	-5.87688524721991	-10.3508164355523
4113.4.lib30	-7.67802969080587	-1.66090850159752	-16.0209220818313	-6.11119173802063	-0.643946888752295	-15.8344463596196	-5.39332037577563	-10.5688006210511
4114.2.lib27	-7.91168404567847	-3.37907695001845	-16.0209220818313	-15.0076230091737	-0.152769478678622	-15.8344463596196	-12.2245670009628	-15.5083312572928
4114.3.rerun.lib32	-9.61643026935294	-1.74288693093286	-16.0209220818313	-15.0076230091737	-0.530850730506138	-15.8344463596196	-7.00077097140887	-15.5083312572928
4114.4.rerun.lib32	-7.60454053605867	-3.97338840231745	-16.0209220818313	-15.0076230091737	-0.116645453297683	-15.8344463596196	-6.81708517143878	-15.5083312572928
4116.2.lib27	-8.0663775468412	-1.5742954694713	-16.0209220818313	-15.0076230091737	-0.754531941981471	-12.1956605637862	-4.20378446478275	-6.23855852222388
4116.3.lib30	-8.22894523714224	-1.38246511750462	-16.0209220818313	-15.0076230091737	-0.858487248327219	-11.4768727505858	-4.25046055779704	-6.84751613050622
4116.4.lib30	-8.08956082530051	-2.96889093866025	-10.3525952311343	-6.69724340252175	-0.258913581986153	-15.8344463596196	-5.77365651804092	-7.89316361249701
4117.2.lib27	-5.66822121097159	-2.2398132331915	-16.0209220818313	-15.0076230091737	-0.870959440523417	-10.6356533485152	-2.17651451426058	-15.5083312572928
4117.3.rerun.lib32	-4.27695420479181	-4.31492205499083	-16.0209220818313	-15.0076230091737	-0.510593093705012	-11.1287032462079	-2.3525992581347	-15.5083312572928
4117.4.lib30	-6.72834571471098	-2.36311686545943	-16.0209220818313	-15.0076230091737	-1.21305653796536	-10.1433832139898	-1.45814773936694	-15.5083312572928
4119.2.lib27	-6.82833372312315	-2.21289221786399	-10.3354389033131	-7.38732564497804	-0.430280842997622	-12.3995692407328	-5.35815897981316	-8.91648635403085
4119.3.lib30	-6.50363319528267	-2.14784774380974	-10.356630782896	-6.74192093878078	-0.493761001250407	-8.83306882683897	-4.69592174411392	-8.7776920698026
4121.2.rerun.lib32	-7.80609351200471	-2.46614927383863	-16.0209220818313	-15.0076230091737	-2.29536596768372	-8.72447974645105	-0.716723604989708	-15.5083312572928
4121.3.lib30	-6.85765366783385	-3.25313836969129	-16.0209220818313	-15.0076230091737	-1.57642179511902	-10.3447688451569	-0.861415586630049	-15.5083312572928
4121.4.lib30	-7.79196502805648	-2.39517412869841	-16.0209220818313	-15.0076230091737	-1.93146278268388	-9.25663329505992	-0.88472599746477	-15.5083312572928
4124.4.rerun.lib32	-4.34711185429076	-1.87942146125384	-16.0209220818313	-11.3805348558282	-0.65629232806165	-15.8344463596196	-4.50625204837153	-12.3805348558282
4125.2.rerun.lib32	-7.76079709716227	-2.48662511312234	-16.0209220818313	-8.20420545366941	-0.322676906964676	-15.8344463596196	-6.2058918302973	-11.138317518013
4125.3.lib30	-5.9478766934148	-2.60463163309459	-16.0209220818313	-9.45773773889524	-0.329239008482712	-15.8344463596196	-5.50556626398586	-15.5083312572928
4128.2.lib27	-5.85232268942057	-1.05934863254846	-16.0209220818313	-11.9321883828313	-1.12150199803718	-12.2801116862517	-4.57526486658778	-10.2476902085593
4128.3.lib30	-5.6784222580607	-1.27117284224841	-16.0209220818313	-15.0076230091737	-1.00024329163128	-15.8344463596196	-3.9276935798809	-10.9016454856631
4128.4.lib30	-5.13929075467751	-1.72958287252342	-16.0209220818313	-15.0076230091737	-0.746973331898747	-14.341414578508	-3.75880212724095	-11.6409748603669
4130.2.lib27	-10.4245049575773	-1.44206332896165	-4.5537425274357	-10.3787012679642	-0.995266966141447	-15.8344463596196	-6.49911801835144	-3.73304283555551
4130.4.lib30	-9.82628981065221	-1.13913795386836	-4.47119485182965	-11.082629563912	-1.25820112849545	-15.8344463596196	-5.52463411079111	-4.07016021194978
4131.2.lib27	-5.26591482161044	-1.39717599736934	-16.0209220818313	-10.6448738615342	-0.773763524568483	-15.8344463596196	-6.82428311231988	-15.5083312572928
4131.3.lib30	-4.61864429632285	-1.42424880739421	-16.0209220818313	-10.0595134639337	-0.803599714595935	-15.8344463596196	-6.28472640433255	-15.5083312572928
4131.4.lib30	-4.76772520892255	-1.20640966879432	-16.0209220818313	-9.15795931720082	-0.945555050479886	-14.2023534365593	-6.81003601378052	-15.5083312572928
4132.2.lib27	-6.5646500452989	-1.53812354932382	-16.0209220818313	-15.0076230091737	-0.646444965826656	-15.8344463596196	-7.32192809488736	-15.5083312572928
4132.3.lib30	-6.68400189386183	-1.12839666775704	-16.0209220818313	-15.0076230091737	-0.922597478192618	-15.8344463596196	-7.56188837233571	-15.5083312572928
4132.4.rerun.lib32	-7.2278164709065	-1.11798581662771	-16.0209220818313	-15.0076230091737	-0.928799297818914	-15.8344463596196	-7.09853345396154	-15.5083312572928
4133.2.lib27	-11.1145078871228	-1.32698938071935	-16.0209220818313	-15.0076230091737	-1.70711514388192	-15.8344463596196	-1.76278915132059	-15.5083312572928
4133.3.lib30	-13.2060222789054	-1.46497670189555	-16.0209220818313	-15.0076230091737	-1.57757673876821	-15.8344463596196	-1.7244750887021	-15.5083312572928
4133.4.rerun.lib32	-10.0810193511249	-1.27933548431072	-16.0209220818313	-15.0076230091737	-1.74103442235369	-15.8344463596196	-1.79617772874951	-15.5083312572928
4139.2.lib27	-7.80713583729903	-1.29847866360726	-16.0209220818313	-7.23202112253423	-0.873585679502376	-15.8344463596196	-4.77438725495932	-15.5083312572928
4139.3.lib30	-7.91607849484477	-1.32146359771038	-16.0209220818313	-8.50104099556592	-0.838075982843496	-15.8344463596196	-4.89617893740706	-15.5083312572928
4139.4.lib30	-7.02761907008759	-1.27634143132836	-16.0209220818313	-6.8851321388234	-0.893139455217284	-15.8344463596196	-4.9392755522156	-15.5083312572928
4140.2.lib27	-7.01454830856916	-1.89345821268733	-8.76457005556081	-15.0076230091737	-0.743632194297679	-11.8089641749193	-3.92479365581083	-4.12158849148179
4140.3.rerun.lib32	-7.00767356984109	-3.35829905618453	-9.80641536159399	-15.0076230091737	-0.384350595421177	-15.8344463596196	-4.21395832432591	-3.76430002179775
4140.4.rerun.lib32	-6.41470500538798	-1.92853700427855	-9.1141071865977	-15.0076230091737	-0.799656291652986	-11.5336460781115	-3.64095148669651	-3.86157438120632
4141.2.lib27	-8.51678408430335	-1.61741702265456	-16.0209220818313	-15.0076230091737	-0.610054873005188	-14.1509901040444	-6.60409564415672	-7.41853999100065
4141.3.lib30	-7.50494091852638	-1.49469502157978	-16.0209220818313	-15.0076230091737	-0.672717122355882	-12.3378309326911	-6.60312131246529	-9.08990341924754
4141.4.lib30	-7.92800582199609	-1.67546168048213	-16.0209220818313	-15.0076230091737	-0.57169494250439	-15.8344463596196	-7.06366092135366	-8.62844554013718
4146.2.lib27	-4.24539137849141	-1.59970849673235	-16.0209220818313	-9.57386231924554	-1.10718329609754	-15.8344463596196	-2.71956058761902	-15.5083312572928
4146.3.lib30	-3.98228580999661	-1.41782752904336	-16.0209220818313	-9.56935597367976	-1.31660755856917	-15.8344463596196	-2.6469410995821	-15.5083312572928
4146.4.lib30	-4.29006616904492	-1.61479739124343	-16.0209220818313	-7.9986756106651	-1.0049678193936	-12.2178441311273	-3.05923444291278	-15.5083312572928
4147.2.lib27	-6.02288996107646	-2.39062174557695	-16.0209220818313	-15.0076230091737	-0.336719042083135	-15.8344463596196	-8.90871894115715	-15.5083312572928
4147.3.lib30	-5.39191795024654	-1.79581489192019	-10.8181827049486	-15.0076230091737	-0.546330653166786	-15.8344463596196	-8.44894889528292	-15.5083312572928
4147.4.rerun.lib32	-5.22267806495795	-2.55848887308622	-16.0209220818313	-15.0076230091737	-0.32424733712255	-15.8344463596196	-7.7422461477081	-13.5919118746237
4148.2.lib27	-5.16245965970884	-2.8964165040027	-16.0209220818313	-15.0076230091737	-0.583407532642723	-15.8344463596196	-2.55310739163896	-15.5083312572928
4148.3.lib30	-4.56667135186367	-1.98322428724917	-11.0699292114656	-15.0076230091737	-0.698619282516723	-15.8344463596196	-3.50224470217627	-15.5083312572928
4148.4.lib30	-5.1130850768965	-2.8316834331951	-16.0209220818313	-15.0076230091737	-0.810675003208692	-15.8344463596196	-1.94051946880341	-15.5083312572928
4149.2.lib27	-5.85552653705926	-1.68929389651591	-16.0209220818313	-4.51288632766349	-0.81458472779576	-13.9121642521725	-4.05690642497926	-12.9121642521725
4149.3.lib30	-5.36148461169308	-1.83137058796754	-16.0209220818313	-4.35758367635317	-0.748582856258271	-15.8344463596196	-4.30154964143885	-15.5083312572928
4149.4.lib30	-4.95609459360929	-2.12608531698592	-16.0209220818313	-3.84482962747627	-0.666707473067335	-15.8344463596196	-4.67425578633744	-15.5083312572928
4150.2.lib27	-14.0532046930813	-10.2983171909179	-16.0209220818313	-15.0076230091737	-0.24218128278046	-11.593773074444	-2.70502982554577	-15.5083312572928
4150.3.lib30	-10.4763816875672	-9.03277503609162	-16.0209220818313	-15.0076230091737	-0.247995870517885	-10.7279204545632	-2.69213946550945	-15.5083312572928
4150.4.lib30	-11.1932410202498	-9.24982454861618	-16.0209220818313	-15.0076230091737	-0.187616471055938	-12.3087182376698	-3.06276945864813	-15.5083312572928
4151.2.lib27	-9.23151902110055	-2.59145884444058	-16.0209220818313	-14.0076230091737	-0.629843106269361	-15.8344463596196	-2.42576338294022	-15.5083312572928
4151.3.lib30	-6.91147203814042	-1.69489277183742	-16.0209220818313	-9.13754011762027	-0.69208179768486	-15.8344463596196	-4.00972999007418	-15.5083312572928
4151.4.rerun.lib32	-6.91103746549699	-2.66048948990186	-16.0209220818313	-9.15771966592334	-0.546997339430961	-15.8344463596196	-2.76287045827566	-15.5083312572928
4156.2.rerun.rep.lib32	-10.8742424967394	-1.0251983402621	-16.0209220818313	-15.0076230091737	-1.01542463684536	-15.8344463596196	-6.28466336794788	-10.667791619272
4156.3.rerun.lib32	-10.3064414959439	-1.89988215058933	-8.08404907460742	-15.0076230091737	-0.48063467248056	-15.8344463596196	-6.51984513405306	-15.5083312572928
4156.4.rerun.lib32	-13.5409755788093	-0.605396127052611	-16.0209220818313	-15.0076230091737	-1.55833844513983	-15.8344463596196	-8.34130323397289	-15.5083312572928
4158.2.lib27	-9.16101521200119	-1.48944138468662	-16.0209220818313	-15.0076230091737	-0.697301640266615	-12.1085477921071	-7.36515592878142	-5.71133156991546
4158.3.lib27	-11.338272120288	-0.81839019779062	-16.0209220818313	-15.0076230091737	-1.25956533927553	-12.9232346210092	-7.18176763460806	-6.99249728344632
4158.4.lib30	-9.46401294817078	-0.947884718090711	-16.0209220818313	-15.0076230091737	-1.22052847399592	-13.4026124035066	-6.34371871445307	-4.69295415533617
4159.2.lib27	-6.68176260817656	-2.76168802357744	-16.0209220818313	-15.0076230091737	-0.330454044317779	-8.89003392126835	-4.46072229100739	-15.5083312572928
4159.3.lib30	-6.88965605819216	-2.10273303603937	-16.0209220818313	-15.0076230091737	-0.508329419331381	-9.08230113613456	-4.21440467214191	-15.5083312572928
4159.4.lib30	-7.12247276369376	-2.08753897358437	-16.0209220818313	-15.0076230091737	-0.498017737243841	-8.84070179527838	-4.4025806828865	-15.5083312572928
4163.2.lib27	-6.27985945866334	-1.60341679713536	-16.0209220818313	-15.0076230091737	-0.801676474575179	-15.8344463596196	-3.56744502851567	-15.5083312572928
4163.3.lib30	-6.66986510165293	-1.74366375223475	-16.0209220818313	-15.0076230091737	-0.716758402732577	-15.8344463596196	-3.58891720141272	-15.5083312572928
4163.4.lib30	-7.37499023654225	-1.45334013734251	-16.0209220818313	-15.0076230091737	-1.04045973786318	-15.8344463596196	-2.80966897214921	-15.5083312572928
4166.2.lib27	-7.39777552141892	-1.87658252326839	-16.0209220818313	-6.09778997941223	-0.592792203368361	-15.8344463596196	-4.53791845965391	-9.91624261035317
4166.3.lib30	-8.15391971702501	-1.46050770277605	-16.0209220818313	-6.23569764906051	-0.798639673570779	-15.8344463596196	-4.49463348668068	-10.693078528133
4166.4.lib30	-5.51670801592167	-1.74107845813358	-6.18596875094948	-5.04433734157687	-1.17682592141219	-15.8344463596196	-6.47318064038075	-2.46281392482249
4167.2.lib27	-7.00101173989354	-1.9018196060611	-16.0209220818313	-6.01283717529033	-0.570917666311826	-15.8344463596196	-4.81482168408845	-11.352687178175
4167.3.lib30	-5.259221061851	-1.38436032530769	-6.37182887491938	-4.86339086635821	-1.37033238940883	-15.8344463596196	-6.49978160588637	-2.77054462343785
4167.4.rerun.lib32	-7.09612611764642	-1.49772921527611	-16.0209220818313	-5.96984558886297	-0.798318482824159	-15.8344463596196	-4.43237201392314	-9.59662826527876
4168.2.lib27	-6.95584006058491	-1.00237490742673	-16.0209220818313	-15.0076230091737	-1.10805298532127	-15.8344463596196	-5.11541637373476	-15.5083312572928
4168.3.lib30	-6.72503655519271	-0.966254085650223	-16.0209220818313	-15.0076230091737	-1.12176217619461	-15.8344463596196	-5.70412756542973	-15.5083312572928
4170.2.lib27	-4.90732601352142	-1.39737948850937	-16.0209220818313	-4.78397419437987	-0.934288659339732	-15.8344463596196	-7.12661118609934	-5.62206736783348
4170.3.rerun.lib32	-3.67832131215637	-1.39782218545517	-16.0209220818313	-4.18181971224863	-1.15890074848758	-15.8344463596196	-6.37743135735459	-5.1893830063251
4170.4.lib30	-4.12202166761903	-1.7323405087824	-16.0209220818313	-4.18482570975836	-0.841868560415053	-15.8344463596196	-6.83713167849442	-5.64716892381556
4173.2.lib30	-8.99689712551234	-3.1298243526873	-16.0209220818313	-15.0076230091737	-0.495723401206183	-15.8344463596196	-2.52116369454594	-11.3188252203997
4173.3.lib30	-9.06877827798541	-3.07732910992998	-16.0209220818313	-15.0076230091737	-0.59442232011778	-15.8344463596196	-2.20586281053836	-10.7103243070729
4173.4.lib30	-9.26418453413139	-2.04855446817828	-16.0209220818313	-15.0076230091737	-1.1303487615564	-15.8344463596196	-1.75948470035556	-7.79951626712794
4174.2.lib30	-5.49786286137765	-1.48496828565735	-16.0209220818313	-15.0076230091737	-0.715489052788264	-10.2607431542946	-6.53282269973145	-15.5083312572928
4174.3.lib30	-4.96542253799224	-1.52013448811477	-16.0209220818313	-15.0076230091737	-0.732936695731868	-15.8344463596196	-5.82331790561343	-15.5083312572928
4174.4.lib30	-4.57172667356446	-1.50455633406609	-16.0209220818313	-15.0076230091737	-0.760846963433233	-11.0245856382783	-6.0703893278914	-15.5083312572928
4176.2.lib30	-9.17106557084981	-11.6629186671795	-16.0209220818313	-15.0076230091737	-0.0645753303994397	-12.4929936657372	-4.58877720442698	-15.5083312572928
4176.3.rerun.lib32	-8.63739429737205	-13.407666097055	-16.0209220818313	-15.0076230091737	-0.0590633568205686	-15.8344463596196	-4.73305940666729	-15.5083312572928
4176.4.lib30	-8.33338982782336	-13.407666097055	-16.0209220818313	-15.0076230091737	-0.0811059093356358	-15.8344463596196	-4.27740773418969	-15.5083312572928
4177.2.lib30	-5.85752716823821	-1.75954747737694	-16.0209220818313	-11.006078518888	-0.742464101830416	-13.0935413601383	-3.53559907335085	-8.44968517036357
4177.3.lib30	-5.76498145966746	-2.10332137858668	-16.0209220818313	-10.8506752080647	-0.596827723077336	-15.8344463596196	-3.59958735372783	-7.74913718160268
4177.4.lib30	-5.71539612580883	-1.48496684073421	-16.0209220818313	-10.221470655137	-0.853700678561068	-15.8344463596196	-3.95242849321825	-7.66873212440158
4178.2.rerun.lib32	-6.66645603667843	-2.83016851739357	-16.0209220818313	-15.0076230091737	-1.54289844115461	-15.8344463596196	-0.98180944462516	-15.5083312572928
4178.3.lib30	-9.12964244767578	-1.68111791956375	-16.0209220818313	-15.0076230091737	-1.80373565721543	-15.8344463596196	-1.32213775193095	-15.5083312572928
4178.4.rerun.lib32	-10.1019756709492	-1.82021119509167	-16.0209220818313	-15.0076230091737	-1.53076478300627	-15.8344463596196	-1.43511765581289	-15.5083312572928
4180.2.lib30	-6.56335149012715	-1.36985478153082	-16.0209220818313	-8.79979168594923	-0.757570131258686	-15.8344463596196	-6.83479813577714	-15.5083312572928
4180.3.lib30	-6.28029155628848	-1.49266485560101	-16.0209220818313	-8.30764204443344	-0.686291191898456	-15.8344463596196	-7.13541792690154	-14.0150011765143
4180.4.rerun.lib32	-5.09292017735651	-1.53783003210519	-16.0209220818313	-7.98937532029872	-0.71658793779525	-15.8344463596196	-6.17646087289921	-15.5083312572928
4183.2.lib30	-6.80150483277648	-1.89513328557827	-16.0209220818313	-15.0076230091737	-0.522704433151168	-15.8344463596196	-5.54106753842872	-7.75052090405767
4183.3.rerun.lib32	-5.90378254926071	-2.00989766347696	-16.0209220818313	-15.0076230091737	-0.504310940928345	-15.8344463596196	-5.46320995787473	-7.08964909457205
4183.4.lib30	-6.18514972907866	-1.46660105606941	-16.0209220818313	-15.0076230091737	-0.754064656626482	-15.8344463596196	-5.25607151500928	-7.55305325276641
4184.2.rerun.lib32	-8.66337007721324	-1.72654065331927	-15.0209220818313	-6.55195870102137	-0.904496890051848	-15.8344463596196	-2.82534481508052	-6.73860584284281
4184.4.lib30	-8.4001311846997	-0.861212282969604	-16.0209220818313	-7.57377927218473	-1.53460516440531	-15.8344463596196	-3.5654157992501	-6.42261519885108
4185.2.lib30	-7.90006173260222	-1.46821594563682	-16.0209220818313	-8.9324832102946	-0.720816103183427	-15.8344463596196	-5.32045246637527	-10.8069523282107
4187.2.rerun.lib32	-6.815722387364	-2.46925024420776	-16.0209220818313	-10.6583144894781	-1.24541899625411	-15.8344463596196	-1.36572738698341	-13.3587542076192
4187.3.lib30	-6.27762034660617	-1.64877642435078	-12.1068900450922	-8.14606064237289	-1.34890483994137	-15.8344463596196	-1.87910221926391	-15.5083312572928
4187.4.lib30	-6.91021005510843	-2.10034391389478	-16.0209220818313	-8.360871464118	-1.4332910097423	-15.8344463596196	-1.37648465412382	-15.5083312572928
4188.2.rerun.lib32	-6.93692461900216	-3.20401724141031	-16.0209220818313	-8.8077959918097	-1.02526894024908	-12.6756924558024	-1.44615259806282	-5.4662390901734
4188.3.lib30	-8.05730775140959	-2.20247216822759	-16.0209220818313	-8.69642602217766	-0.969175083462603	-12.4572383582982	-1.9997434727425	-6.00694353423306
4190.2.lib30	-8.08211101515318	-2.6493901684466	-16.0209220818313	-10.4040391100405	-0.285932313394389	-15.8344463596196	-5.9682200486252	-15.5083312572928
4192.2.rerun.lib32	-7.81254248453443	-1.79354617196746	-16.0209220818313	-15.0076230091737	-0.543625456067334	-15.8344463596196	-5.5958467933675	-11.4074890738282
4192.4.rerun.lib32	-9.20772921516915	-1.17458434496623	-16.0209220818313	-15.0076230091737	-0.889311939078938	-15.8344463596196	-6.0185036577679	-15.5083312572928
4194.2.lib30	-6.51219645914634	-1.34925320662801	-16.0209220818313	-7.53552896297697	-1.15210640102441	-11.2517359969764	-2.82846998590411	-15.5083312572928
4194.3.rerun.lib32	-6.05403560777114	-1.40846148544907	-16.0209220818313	-7.93055255433613	-1.20231314291083	-15.8344463596196	-2.56013758545644	-15.5083312572928
M001.AS	-6.5298209465287	-2.44040102375614	-6.57490883605723	-15.0076230091737	-0.422744736525203	-15.8344463596196	-4.36731341664887	-15.5083312572928
M002.AS	-5.87024109797789	-1.82705274136483	-16.0209220818313	-4.9635915743126	-1.25486728436064	-2.41048080977751	-4.04033559892588	-9.81004631605914
M002.SI	-6.14248790729869	-2.55073312249462	-16.0209220818313	-6.67943778904464	-0.679979985746622	-2.87043171368418	-4.52015289312214	-10.0877449427043
M003.SI	-8.36173740173748	-1.49442231798275	-9.24756638181817	-6.57145599303882	-1.28605377417657	-15.8344463596196	-2.1875754074087	-11.7711283378752
M004.AS	-4.74409266356036	-1.88940385596451	-12.6267357129222	-8.85063172484904	-0.598933361960388	-14.3637013070884	-5.05157467949681	-15.5083312572928
M004.SI	-4.66108108123269	-1.64684303605117	-10.7153770585478	-8.02506155768044	-0.687659514076817	-15.8344463596196	-5.98005182276288	-15.5083312572928
M005.AS	-8.12537433115962	-1.2321494199844	-16.0209220818313	-4.79762890967695	-1.45495054838069	-15.8344463596196	-4.68461000676241	-2.93096567144957
M006.AS	-5.13042873714295	-2.20704157682318	-16.0209220818313	-8.56994044529789	-0.577231501966927	-12.468793721841	-3.61146063395963	-15.5083312572928
M006.SI	-6.007149856248	-2.63385242638872	-16.0209220818313	-8.74947721144965	-0.484884884167657	-11.7191035624061	-3.23562364710146	-15.5083312572928
M007.AS	-13.4767462039395	-3.07853694247261	-16.0209220818313	-15.0076230091737	-2.44297908909308	-4.02039178883118	-0.652881431370837	-15.5083312572928
M007.SI	-11.7903484967519	-1.74527144481697	-16.0209220818313	-8.8834579011434	-1.35181651899033	-2.39856789073875	-3.0847161093905	-15.5083312572928
M008.SI	-9.04934437504708	-1.78013109695764	-16.0209220818313	-7.48230378232318	-0.794578184976436	-15.8344463596196	-3.15857344480184	-6.28066992115353
M009.SI	-11.60416709974	-1.15932475283044	-16.0209220818313	-7.06500828863195	-1.08412142071107	-15.8344463596196	-4.55704318762596	-5.04319745464063
M010.SI	-9.3770658920566	-3.75550237690033	-16.0209220818313	-12.2839564876651	-0.293675212304793	-14.2839564876651	-3.20580567993046	-15.5083312572928
M012.SI	-6.31210761927596	-2.26310740009326	-9.19384473765614	-9.04184164421109	-0.545653623660383	-15.8344463596196	-3.59779305827318	-7.00036500823494
M013.AS	-6.7109181551811	-2.8413902762436	-16.0209220818313	-10.5310971175963	-0.267192207170752	-15.8344463596196	-5.69399485214464	-15.5083312572928
M013.SI	-7.21569865308076	-2.89803573510895	-11.3909570988261	-9.43986669930706	-0.254649485534409	-15.8344463596196	-5.71664711250968	-13.2978476944346
M014.AS	-5.4384794764973	-2.35371100923273	-16.0209220818313	-9.14132971322907	-0.407872208752292	-15.8344463596196	-5.27687438394095	-15.5083312572928
M014.SI	-5.60468400261517	-2.20475339572654	-16.0209220818313	-10.0771717740779	-0.434919470005783	-13.5690248704076	-5.52053799641526	-15.5083312572928
M015.AS	-6.35335162993567	-2.28518360836923	-8.36243092384654	-6.62765288891809	-0.457150292656352	-15.8344463596196	-4.90101348928539	-7.04634370754823
M015.SI	-6.56697966681578	-2.46110926321595	-7.7086884258089	-7.56998215497731	-0.383620263724321	-15.8344463596196	-5.34373053818522	-7.22894523714224
M016.AS	-9.29938416087463	-2.66331731920547	-11.4148613782946	-8.81849411430116	-0.299910652356968	-15.8344463596196	-5.31632792433303	-10.7627846817149
M016.SI	-8.85285075589563	-2.06825439811415	-10.174778850783	-9.67727919131218	-0.615795485878598	-15.8344463596196	-3.263651262288	-10.6772791913122
M017.AS	-6.40094561040053	-1.79930436853274	-6.3568904303226	-7.76831667604906	-0.678945647972223	-15.8344463596196	-5.4521709337557	-4.77192792960144
M017.SI	-5.77528929831511	-1.97581366968709	-6.68690230416603	-5.06305079005128	-0.904790263341109	-7.55155045127114	-3.31900423499468	-4.37327580660841
M022.AS	-5.6976321342224	-1.89148911969908	-16.0209220818313	-9.99267693495882	-0.570612168786007	-11.4914827919303	-4.77425341582532	-15.5083312572928
M022.SI	-5.57040864436949	-2.01135449777947	-16.0209220818313	-9.56088587025099	-0.53305260666193	-13.8088133836946	-4.70159630810319	-15.5083312572928
M023.AS	-6.27813807054141	-2.75936934086748	-9.49953928947481	-12.6150165068947	-0.351209379785012	-15.8344463596196	-4.21200448331975	-15.5083312572928
M023.SI	-5.9704657632063	-2.46769905673055	-9.31193404448931	-15.0076230091737	-0.437958701902192	-15.8344463596196	-3.97759980581695	-14.5083312572928
P301CA1R.lib20	-3.75309113487912	-1.66630238962565	-8.90636778529626	-6.90636778529626	-0.871030760206571	-15.8344463596196	-4.48741523601403	-6.79330512080962
P301SI1R.lib20	-5.07457226802348	-1.55530040233519	-8.26219927119925	-7.23049041147191	-0.858287767512526	-15.8344463596196	-4.18419675919798	-6.20715790764129
P302CA1R.lib21	-4.62484529189419	-2.54019888444035	-5.62948170201491	-8.36438482972423	-0.471473444908559	-15.8344463596196	-4.56885534306341	-10.0342362280319
P302SI1R.lib21	-5.03398218369849	-2.59050287364419	-4.9311643298336	-8.12611502453465	-0.462907141721561	-15.8344463596196	-4.63300027964106	-9.62294661497714
P304CA1R.lib21	-6.73306796960172	-3.60455322907904	-16.0209220818313	-15.0076230091737	-0.288477443916293	-15.8344463596196	-3.47996190745879	-15.5083312572928
P304SI1R.lib21	-5.49916583123809	-3.2546875974964	-16.0209220818313	-11.4351493383669	-0.393718334914091	-15.8344463596196	-3.16368631046256	-15.5083312572928
P305CA1R.2.lib21	-7.91106882650321	-1.31407523873361	-16.0209220818313	-8.19117674569595	-1.37800634832414	-10.6766035728662	-2.28715148378182	-15.5083312572928
P305SI1R.lib20	-7.44246275774335	-0.857500257022195	-16.0209220818313	-10.5509872145215	-2.16944426333693	-12.5509872145215	-2.18959168135563	-15.5083312572928
P306CA1R.lib21	-5.88258340798682	-1.65067151964881	-9.60786719710539	-7.30467566479961	-0.715593697569054	-7.08633007652587	-4.68248025787948	-9.20451150287418
P306SI1R.lib21	-6.66903170752389	-1.42948257482145	-10.019528954608	-6.20760130276059	-0.858593084265073	-9.48901423790924	-4.34773237492187	-8.69120308852251
P307CA1R.lib21	-5.22018504760663	-2.37475228170032	-8.04077579682093	-9.13699111208023	-0.482355083552262	-15.8344463596196	-4.1261495524328	-9.1876171851502
P307SI1R.lib21	-6.42690982291803	-2.63309395451414	-8.40488351658803	-8.42690982291803	-0.402750424794386	-15.8344463596196	-3.96949737191738	-9.86431513522533
P308CA1R.lib21	-7.15286235681003	-2.68355727748872	-9.28691032192374	-9.21290974047997	-0.503550170287287	-15.8344463596196	-5.66447311578392	-3.19833127555707
P308SI1R.lib20	-6.9022031054968	-1.9306209762966	-9.87344411251538	-8.42093190781787	-0.742805815958399	-15.8344463596196	-5.7290542031802	-3.1987872232453
P310CA1R.lib21	-6.33569485992759	-2.29552969707514	-7.75073235920644	-15.0076230091737	-0.559486167777346	-15.8344463596196	-3.34597783318945	-8.70766363731455
P310SI1R.lib21	-6.25733171434277	-2.26810618593695	-7.74275854151302	-11.4797241356792	-0.559040462780259	-15.8344463596196	-3.42504445558304	-8.67236921362162
P314CA1R.lib21	-5.52508458948689	-2.57546584520656	-10.6574177027918	-15.0076230091737	-0.506542155352479	-15.8344463596196	-3.23800366048764	-15.5083312572928
P314SI1R.lib21	-4.67053568577051	-2.19535982233707	-7.33447384864173	-10.1604444488667	-0.687169180091325	-12.3974836461675	-3.13203603368093	-15.5083312572928
P318CA1R.lib21	-6.6425340314043	-2.24411124597635	-7.91219137943183	-9.83465477896081	-0.448441363726759	-12.6759570329417	-4.61977093625167	-15.5083312572928
P318SI1R.lib21	-6.33556771573811	-1.91549349235393	-8.43808262636404	-9.51857254422441	-0.551180905088941	-15.8344463596196	-4.80635565830696	-13.4493098817873
P320CA1R.lib21	-6.49953122023673	-1.60599017828723	-5.94655883376001	-5.17760312534937	-0.858525268545921	-15.8344463596196	-4.50428475020737	-5.57253305117964
P320SI1R.lib20	-6.36717050043953	-2.09006460316139	-6.76406065300811	-5.70132489766015	-0.530121477843633	-15.8344463596196	-5.37939680277279	-6.95213300116069
P321SI1R.lib21	-8.64689616952396	-3.29044419930221	-16.0209220818313	-9.12333421346695	-0.18733647640117	-15.8344463596196	-6.69269985913709	-7.47697116808165
P323CA1R.lib21	-5.19942490550107	-2.16542823464574	-8.71573104555529	-8.37177664433792	-0.541717655890387	-15.8344463596196	-4.18795332140294	-8.55818976856881
P323SI1R.lib20	-5.37534743157031	-2.25496189092932	-7.97868846160632	-7.87177325768981	-0.523045103458735	-15.8344463596196	-4.07921533756029	-8.32863093266328
P325CA1R.lib21	-5.3581138990067	-1.88213597148952	-8.67620673676373	-8.10406827640016	-0.942336520209337	-15.8344463596196	-4.52125424225758	-2.89624048282025
P325SI1R.lib21	-6.65589896561552	-2.04465714009552	-8.45795958800362	-6.67727261640809	-0.71303952422183	-15.8344463596196	-4.4214337119785	-3.67324086238904
P326CA1R.lib21	-4.75838356267618	-2.31943608556048	-8.69056817844861	-10.6048383044227	-0.479524189680707	-15.8344463596196	-4.56549741279056	-12.3052780225638
P326SI1R.lib21	-3.9282567095773	-2.04530966523273	-9.89532282021522	-9.15835722604901	-0.689258132427627	-15.8344463596196	-3.86496221643323	-11.158357226049
P329CA1R.lib21	-7.68720657697262	-1.88701360062733	-16.0209220818313	-12.2600962453932	-0.599832881768649	-15.8344463596196	-3.9933097046983	-8.99706183955941
P329SI1R.lib21	-7.3187455716977	-1.99150962695518	-16.0209220818313	-13.6041477905599	-0.494072355853418	-13.6041477905599	-5.24220401682471	-7.46459643816116
P333CA1R.lib21	-6.67496903062497	-2.847963020986	-9.21448856058496	-10.7338627196785	-0.264831480867082	-9.83339839322946	-6.01870149583069	-12.0557908145659
P333SI1R.lib21	-5.55928823459971	-2.11936854621864	-8.54328775590599	-8.41158207669417	-0.464391338901634	-11.6307505971563	-5.80102786207028	-15.5083312572928
P334CA1R.lib21	-4.71350978658746	-2.9832014867109	-16.0209220818313	-8.6738979306886	-0.343279778124463	-15.8344463596196	-4.48275644333659	-15.5083312572928
P334SI1R.lib21	-4.41347778443935	-2.70167226417154	-16.0209220818313	-8.90074361127337	-0.438137009507551	-15.8344463596196	-4.07874191325136	-15.5083312572928
P336CA1R.lib21	-4.95536154517617	-2.30296900144219	-16.0209220818313	-9.11697127840648	-0.4916403185347	-8.30252693156256	-4.35290045407768	-15.5083312572928
P336SI1R.lib20	-4.23658862752021	-2.23142692240443	-16.0209220818313	-8.96839251657064	-0.571991606658941	-11.038781844462	-4.08691434013513	-15.5083312572928
