feature	Actinomyces	Bifidobacterium	Rothia	Atopobium	Libanicoccus	Olsenella	Collinsella	f__Coriobacteriales_Incertae_Sedis.g__uncultured	Adlercreutzia	Eggerthella	Enterorhabdus	Gordonibacter	Senegalimassilia	Slackia	f__Eggerthellaceae.g__uncultured	Bacteroides	Barnesiella	Coprobacter	f__Barnesiellaceae.g__uncultured	Butyricimonas	Odoribacter	Muribaculaceae	Alloprevotella	Paraprevotella	Prevotella	Prevotella_7	Prevotella_9	Prevotellaceae_NK3B31_group	f__Prevotellaceae.g__uncultured	Alistipes	Parabacteroides	Tannerellaceae	Gastranaerophilales	Bilophila	Desulfovibrio	f__Desulfovibrionaceae.g__uncultured	Catenibacterium	Erysipelatoclostridium	Erysipelotrichaceae_UCG.003	Dielma	Faecalitalea	Holdemanella	Holdemania	Merdibacter	Solobacterium	Turicibacter	X.Clostridium._innocuum_group	Granulicatella	Lactococcus	Streptococcus	o__Lactobacillales.f__unassigned.g__unassigned	RF39	Gemella	Christensenella	Christensenellaceae_R.7_group	f__Christensenellaceae.g__unassigned	Clostridia_UCG.014	Clostridia_vadinBB60_group	Clostridium_sensu_stricto_1	Anaerofustis	Defluviitaleaceae_UCG.011	Agathobacter	Anaerostipes	Blautia	CAG.56	Coprococcus	Dorea	Eisenbergiella	Frisingicoccus	Fusicatenibacter	GCA.900066575	Howardella	Hungatella	Lachnoclostridium	Lachnospira	Lachnospiraceae_FCS020_group	Lachnospiraceae_ND3007_group	Lachnospiraceae_NK4A136_group	Lachnospiraceae_UCG.004	Lachnospiraceae_UCG.010	Marvinbryantia	Oribacterium	Roseburia	Sellimonas	Tuzzerella	Tyzzerella	X.Eubacterium._eligens_group	X.Eubacterium._fissicatena_group	X.Eubacterium._hallii_group	X.Eubacterium._ruminantium_group	X.Eubacterium._ventriosum_group	X.Eubacterium._xylanophilum_group	X.Ruminococcus._gauvreauii_group	X.Ruminococcus._gnavus_group	X.Ruminococcus._torques_group	f__Lachnospiraceae.g__unassigned	Monoglobus	Butyricicoccus	UCG.009	Colidextribacter	Flavonifractor	Intestinimonas	NK4A214_group	Oscillibacter	Oscillospira	Pseudoflavonifractor	UCG.002	UCG.003	UCG.005	f__Oscillospiraceae.g__unassigned	f__Oscillospiraceae.g__uncultured	Anaerofilum	Anaerotruncus	CAG.352	Candidatus_Soleaferrea	Faecalibacterium	Fournierella	Incertae_Sedis	Negativibacillus	Paludicola	Ruminococcus	Subdoligranulum	UBA1819	X.Eubacterium._siraeum_group	f__Ruminococcaceae.g__unassigned	f__Ruminococcaceae.g__uncultured	UCG.010	X.Clostridium._methylpentosum_group	X.Eubacterium._coprostanoligenes_group	Peptococcus	f__Peptococcaceae.g__uncultured	Family_XIII_AD3011_group	Family_XIII_UCG.001	Mogibacterium	X.Eubacterium._brachy_group	Parvimonas	Intestinibacter	Peptostreptococcus	Romboutsia	Terrisporobacter	Acidaminococcus	Phascolarctobacterium	Megamonas	Mitsuokella	Allisonella	Dialister	Megasphaera	Veillonella	Fusobacterium	TM7x	o__Rhodospirillales.f__uncultured.g__uncultured	Parasutterella	Sutterella	Escherichia.Shigella	Actinobacillus	Haemophilus	Victivallis	Akkermansia	Alloscardovia	Corynebacterium	Dysgonomonas	Porphyromonas	Campylobacter	f__Erysipelotrichaceae.g__unassigned	Abiotrophia	Enterococcus	Lacticaseibacillus	Lactobacillus	Leuconostoc	Ligilactobacillus	Limosilactobacillus	f__Lactobacillaceae.g__unassigned	Staphylococcus	Lachnospiraceae_UCG.001	Lachnospiraceae_UCG.003	Lactonifactor	Robinsoniella	DTU089	X.Eubacterium._nodatum_group	Anaerococcus	Peptoniphilus	Clostridioides	Anaeroglobus	Veillonellaceae	Sphingobium	Citrobacter	Klebsiella	f__Enterobacteriaceae.g__unassigned	o__Enterobacterales.f__unassigned.g__unassigned	Azotobacter	Pseudomonas
Cah8-297-CE	4	1326	0	0	0	21	921	7	7	0	20	0	75	15	32	1821	309	0	19	168	66	0	0	68	0	0	2819	0	0	267	130	0	306	23	0	90	0	0	127	0	0	0	2	7	0	23	0	0	0	61	2	91	0	0	80	140	351	24	113	0	3	757	145	2011	30	739	218	0	0	481	20	30	0	63	15	25	236	191	24	8	16	0	29	0	0	0	221	3	192	0	7	0	70	0	310	441	59	18	10	25	7	8	14	37	3	0	645	58	193	25	56	0	2	0	2	3155	12	57	9	0	963	477	0	5	0	94	15	0	209	7	0	45	5	40	0	2	22	0	256	16	0	123	0	65	0	0	15	0	0	0	6	0	146	0	0	6	20	114	0	0	0	0	0	0	0	0	0	0	0	0	0	0	0	46	0	0	0	0	3	0	0	0	0	0	0	0	0	0	0	0	0
Cah8-297-RE	3	1419	5	0	0	51	1191	4	12	0	31	0	101	27	37	1854	326	0	10	183	62	0	0	64	0	0	2744	0	0	299	138	0	256	22	0	20	0	0	126	0	0	0	2	15	0	23	0	0	0	101	0	138	0	0	115	193	448	27	123	2	2	811	233	2031	49	835	233	0	0	527	16	18	0	66	7	48	209	190	22	7	31	0	34	0	0	0	244	0	158	6	25	0	76	0	304	475	70	29	5	22	0	2	28	28	2	0	746	47	238	33	74	0	3	0	0	3295	6	71	11	0	955	450	0	6	0	121	29	0	291	14	0	34	5	82	0	0	29	0	366	36	0	153	0	121	2	0	18	2	0	0	5	4	148	0	0	15	22	184	0	0	0	0	0	0	0	0	0	0	0	0	0	0	0	56	0	0	0	0	0	0	0	0	0	0	0	0	0	0	0	0	0
Cah8-298-RE	11	894	11	0	0	0	0	0	0	0	0	273	0	0	0	2798	0	0	0	0	81	0	0	0	0	0	0	0	0	0	684	0	0	0	0	0	0	14	0	0	0	0	0	87	0	7	3	0	69	212	5	0	0	0	24	0	106	0	0	40	0	145	262	3463	0	0	671	28	108	180	74	0	61	150	0	0	0	37	164	259	0	0	774	219	16	0	52	5	162	0	87	0	0	102	1808	268	5	25	2	83	151	216	24	184	3	5	264	15	415	90	144	4	0	0	9	3241	92	233	380	60	479	93	145	0	0	22	0	3	154	89	0	0	0	0	0	0	0	0	80	0	0	114	0	0	0	0	0	3	0	0	152	54	0	0	0	0	0	0	0	0	0	0	0	0	0	0	0	25	0	0	0	0	6	0	0	0	0	0	0	0	0	0	0	0	0	0	0	0	0	0	0
Cah8-299-CE	18	13	0	8	0	0	1580	0	51	400	0	5	0	0	0	7552	0	784	4	71	87	0	0	360	0	54	0	0	0	562	268	0	0	156	0	0	0	0	34	7	33	0	37	0	0	0	18	0	0	162	0	6	0	0	17	0	0	0	0	7	0	0	451	2473	42	191	370	0	0	131	0	66	14	949	2	3	4	3	35	474	3	4	11	97	0	0	0	12	445	0	0	0	157	2848	5201	2056	0	44	0	279	747	50	0	206	0	0	198	26	82	0	116	0	31	0	17	555	0	10	0	0	0	54	98	0	60	49	0	0	107	0	0	0	0	2	0	2	0	14	13	0	0	398	0	0	0	0	0	4	2	9	162	570	0	0	0	0	0	29	0	0	0	0	0	0	0	0	0	0	2	0	0	0	0	0	0	0	0	0	0	0	0	0	0	0	0	0	0	0	0	0	0
Cah8-300-CE	16	276	0	0	0	0	2277	0	4	2	70	4	373	48	84	5070	191	29	7	39	72	116	843	66	0	0	507	0	57	181	1314	0	74	135	28	14	282	0	7	0	0	149	0	0	0	0	0	0	3	152	3	0	4	0	43	0	14	0	0	0	3	159	89	3104	573	669	1955	5	0	257	0	75	0	359	17	66	106	23	34	215	26	0	663	0	0	0	7	0	217	13	8	0	0	0	1670	1177	0	62	0	111	10	7	43	54	29	0	531	0	12	28	44	2	7	0	4	2158	0	69	16	2	668	1058	9	0	9	26	0	0	56	0	0	21	10	2	17	4	0	0	3	0	38	226	0	0	2	0	0	17	8	0	13	10	918	0	0	27	11	0	0	0	0	0	0	0	0	0	0	0	0	0	0	0	0	0	0	0	0	6	0	0	0	0	0	0	0	0	0	0	0	0	0
Cah8-301-RE	0	47	0	0	0	0	473	0	152	24	0	4	0	0	0	6682	518	48	0	58	191	0	0	0	0	0	0	101	0	108	223	7	69	42	0	6	0	0	62	0	0	0	31	16	0	0	0	0	0	75	0	12	0	0	94	141	95	5	20	0	0	48	16	681	271	741	294	0	0	59	10	0	0	1096	0	7	62	48	67	383	12	0	249	0	0	0	9	0	61	0	0	0	9	325	371	1264	0	28	0	79	24	23	2	106	34	3	174	39	231	4	111	0	0	341	0	3055	0	32	108	0	35	642	8	8	2	29	26	6	39	0	0	25	0	0	6	0	0	0	0	0	0	280	0	0	0	0	0	0	0	0	138	40	904	0	3	2	0	0	0	0	0	0	0	0	0	0	0	0	0	0	0	0	0	0	0	0	0	0	0	2	0	0	0	0	0	0	0	0	0	0	0
Cah8-302-CE	3	0	0	0	0	0	84	0	0	62	5	55	29	12	0	7307	470	264	0	178	294	0	0	259	0	0	0	0	0	327	671	0	0	30	0	5	0	157	58	564	3	0	29	0	0	0	6	0	0	39	4	0	2	0	5	4	99	0	0	0	0	0	10	282	0	45	144	52	1908	0	14	0	0	958	0	4	74	0	30	111	18	0	22	27	549	0	0	8	24	0	0	0	0	0	2484	1962	0	37	3	189	670	83	3	256	44	0	70	117	58	15	234	0	25	9	4	604	0	70	12	0	8	105	360	0	5	31	0	14	5	0	18	5	0	0	0	0	2	0	0	0	0	1048	0	0	0	0	0	4	0	0	357	46	308	3482	0	0	0	0	0	0	0	0	0	0	0	0	0	0	0	0	0	0	0	0	0	0	0	0	0	0	0	0	0	0	0	0	0	0	0	0	0
Cah8-302-RE	9	11	3	0	0	0	149	0	0	80	0	62	75	30	0	5571	509	172	0	150	372	0	0	192	0	0	0	0	0	243	447	0	0	54	0	25	0	77	24	371	2	0	25	0	0	0	0	0	11	73	5	0	0	0	30	9	123	0	2	0	0	0	9	315	0	122	241	64	1167	10	35	0	2	650	0	0	63	0	49	91	4	0	39	26	381	0	0	0	54	0	0	0	0	0	1822	1379	0	52	10	174	407	45	13	183	18	5	60	103	98	8	196	13	12	11	5	1531	0	56	6	0	5	79	225	0	3	44	0	7	11	0	17	0	0	0	0	4	15	0	0	0	0	750	0	0	0	0	0	0	0	0	308	40	478	2470	0	0	0	0	0	0	0	0	0	0	0	0	0	0	0	0	0	0	0	0	0	0	0	0	0	0	0	0	0	0	0	0	0	0	0	0	0
Cah8-303-CE	0	235	0	0	0	0	1629	0	73	0	0	22	0	0	0	4729	206	0	0	29	52	0	0	0	0	0	0	0	0	325	98	0	0	14	0	0	191	0	59	0	0	408	0	0	0	3	0	0	0	95	0	49	0	2	224	60	48	35	34	0	21	1302	46	1640	119	946	344	0	0	924	24	0	0	553	146	24	36	66	24	18	24	0	79	0	0	0	167	0	167	0	74	0	17	0	107	262	94	53	6	35	10	54	14	40	0	0	210	21	164	6	88	0	0	1465	0	5816	0	59	0	0	200	718	31	0	3	10	41	0	87	0	0	16	15	0	0	0	24	0	170	0	0	158	0	0	0	0	0	0	0	0	0	364	32	0	0	4	19	107	0	0	0	0	0	0	0	0	0	0	0	0	0	0	0	5	0	0	0	0	0	0	0	0	0	0	0	0	0	0	0	3	0
Cah8-303-RE	0	266	0	0	0	0	2041	0	135	0	0	24	0	0	0	5203	259	7	0	43	65	0	0	0	0	0	0	0	0	416	119	0	0	16	0	0	292	0	57	0	0	598	0	0	0	12	4	0	0	156	0	98	0	2	281	114	70	33	26	0	15	1207	72	1993	139	964	348	0	0	961	25	0	0	522	157	35	59	75	25	20	26	0	185	0	0	0	171	3	223	0	77	0	26	0	136	269	82	51	11	42	20	63	12	56	0	0	262	21	117	14	82	0	0	1600	4	6483	3	57	0	3	220	905	38	0	0	6	38	0	95	0	0	36	17	0	0	0	45	0	232	0	0	166	0	0	0	0	0	0	0	0	0	435	56	0	0	2	22	158	0	0	0	0	0	0	0	0	0	0	0	0	0	0	0	0	0	0	0	0	0	0	0	0	0	0	0	0	0	0	0	0	0
Cah8-304-CE	2	3	0	0	0	0	150	0	24	69	0	16	0	252	0	3940	643	27	0	176	91	68	2357	0	0	0	8	0	2	724	143	9	0	144	0	3	27	4	0	0	0	68	5	9	0	3	2	0	0	90	0	0	0	0	366	50	0	10	37	0	0	91	0	277	200	369	442	0	0	17	54	0	0	547	0	11	0	0	64	283	10	0	163	0	0	0	5	2	16	0	0	0	7	73	708	4576	5	26	0	9	32	22	22	126	4	0	712	13	1225	21	232	0	0	162	0	2236	11	46	121	0	28	182	22	34	11	21	0	0	140	37	0	26	3	0	0	0	76	0	69	0	0	184	14	0	0	35	0	3	3117	0	411	0	1533	107	0	9	6	342	0	0	0	0	0	0	0	0	4	0	0	0	0	0	3	0	0	0	0	0	0	0	0	0	0	0	0	0	0	0	0	0	0
Cah8-304-RE	0	6	4	0	0	0	170	5	11	67	0	0	0	231	0	3218	504	15	0	113	95	60	2091	0	0	0	8	0	1	566	105	8	0	90	0	3	30	13	0	0	0	74	8	20	0	0	0	0	0	96	0	0	0	0	304	72	0	5	27	0	0	197	6	216	155	461	398	6	0	17	60	0	0	425	0	4	7	0	53	256	2	0	136	0	0	0	0	0	11	2	0	0	7	55	563	3280	3	32	0	27	28	15	41	133	2	0	898	13	1270	16	185	9	0	160	0	2149	18	30	96	3	33	121	11	68	8	15	0	0	147	44	0	17	2	0	0	0	67	0	44	0	0	114	10	0	0	39	0	0	2334	0	351	2	1370	69	0	0	10	308	0	0	0	0	0	0	0	0	2	0	0	0	0	0	0	0	0	0	0	0	0	0	0	0	0	0	0	0	0	0	0	0	0
Cah8-305-CE	0	457	0	0	0	0	1783	0	3	216	0	0	0	0	0	5488	0	88	0	0	2	0	0	0	0	0	0	0	0	68	2	0	0	7	0	0	0	39	165	0	0	541	8	0	0	0	0	0	0	4	0	0	0	0	0	0	0	0	0	0	0	50	643	1542	0	133	387	0	0	230	0	0	3	475	60	4	60	0	11	0	0	0	8	0	62	20	0	0	151	0	17	0	0	711	629	127	6	34	0	66	42	25	0	82	0	0	0	0	2	0	26	0	0	0	0	923	0	19	0	0	3	78	0	0	2	0	0	0	0	0	0	0	0	0	0	0	6	0	0	0	0	242	0	0	0	0	0	0	0	0	0	0	18	0	0	0	0	0	0	0	0	0	0	0	0	0	0	0	0	0	0	0	0	0	0	0	0	0	0	0	0	0	0	0	0	0	0	0	0	0	0
Cah8-305-RE2	0	24	0	4	0	0	395	21	15	42	0	64	0	0	0	11653	1426	2	10	0	127	0	0	0	0	0	0	0	0	818	226	0	14	78	0	0	0	656	0	0	0	0	14	68	0	0	5	0	0	79	2	0	20	0	99	0	0	4	421	6	0	45	1	201	58	1225	89	0	0	16	0	0	0	550	3	0	48	2	32	3	0	0	41	96	0	0	7	0	0	0	2	0	0	129	1304	744	7	55	0	35	430	45	0	431	0	0	147	83	15	21	281	8	0	40	0	5713	0	167	264	0	82	134	3	0	6	30	0	0	9	0	0	12	13	0	8	2	389	0	184	2018	45	393	0	0	0	0	0	0	0	0	142	1104	0	997	0	0	0	5	0	0	0	0	0	0	0	0	0	2	0	0	0	0	0	7	0	0	0	0	0	6	0	0	0	0	0	0	176	0	0	0	0
Cah8-308-CE	0	9	8	0	0	0	378	12	27	42	0	51	0	0	0	9114	1347	3	14	0	82	0	0	0	0	0	0	0	0	779	325	0	10	63	0	3	0	41	0	0	0	0	11	39	0	0	13	0	0	89	0	0	8	0	57	0	0	0	391	5	0	56	5	379	53	2184	214	0	0	33	13	0	0	692	0	0	40	16	43	11	2	0	41	170	0	0	6	3	0	0	6	0	0	210	2007	1143	4	80	0	59	392	18	0	480	0	11	207	76	18	30	237	2	0	41	4	6290	0	137	360	2	109	116	0	0	2	37	0	8	8	0	0	3	8	0	7	0	327	0	138	1888	39	422	0	0	0	0	0	4	0	0	161	912	0	974	0	0	0	11	0	0	0	0	0	0	0	0	0	0	0	0	0	0	0	5	0	0	0	0	0	0	0	0	0	0	0	0	113	0	0	0	0
run06-101	39	1397	33	6	0	178	3625	0	6	26	0	11	147	171	20	3389	164	15	7	0	42	0	0	19	0	29	0	0	0	75	104	0	0	65	0	11	0	95	0	9	17	0	6	144	0	2	25	0	0	478	20	0	22	0	10	29	0	0	5	0	0	0	181	2566	0	383	697	35	5	107	59	0	59	184	0	0	3	7	0	43	0	4	634	22	241	2	3	14	49	0	6	0	3	1345	883	648	0	139	0	226	76	82	48	134	30	125	392	12	36	42	103	3	0	0	0	1127	319	117	687	0	170	676	24	0	5	39	0	2	24	0	0	23	0	7	3	77	55	0	41	4	158	267	0	0	0	17	0	22	0	6	0	0	154	33	0	92	0	0	0	0	0	22	4	2	0	0	0	0	0	0	0	0	0	0	0	0	0	0	0	0	0	0	0	0	0	0	0	3	0	0	147
run06-102	322	31	126	99	0	17	0	0	0	0	0	0	0	2	0	4	0	0	0	0	0	0	0	0	0	0	0	0	0	0	0	0	0	0	0	0	0	0	0	0	0	0	0	0	0	0	0	26	0	4068	339	0	193	0	0	0	0	0	0	0	0	0	0	4	0	6	0	0	0	0	0	0	0	0	0	0	0	0	0	0	0	138	0	0	0	0	0	0	4	0	0	0	0	0	0	2	0	0	0	0	0	0	0	0	0	0	0	0	0	0	0	0	0	0	0	0	0	0	0	0	0	0	0	0	0	0	0	0	0	0	0	0	0	26	0	0	0	74	0	0	0	0	0	0	0	0	0	659	5	24	0	0	0	0	0	23	0	0	0	0	0	0	3	0	36	6525	0	0	0	0	0	0	0	0	0	0	0	0	0	0	3	0	2	2	0	0	4714	0	0	2	0
run06-103	0	64	0	0	37	930	19	0	0	0	2	0	0	0	0	4301	0	0	0	0	12	41	24	32	0	0	106	0	244	61	20	0	0	0	0	0	470	0	0	0	0	26	0	0	271	0	0	0	0	2	0	0	0	0	0	6	0	0	0	0	0	30	414	4498	517	358	498	0	0	169	3	153	3	320	0	109	514	17	82	124	58	4	3191	3	0	0	0	0	303	0	23	0	106	0	54	2280	87	193	0	4	8	12	368	42	6	0	190	16	35	13	21	0	0	0	0	395	0	5	0	0	28	1583	0	0	3	6	4	0	94	0	0	0	0	3	23	0	0	0	0	0	0	114	0	575	15	222	0	8	0	0	0	0	0	0	0	0	0	0	0	0	0	0	0	0	0	0	0	0	0	0	0	0	0	0	0	0	0	0	0	0	4	0	0	0	0	0	0	2	0	0	0
run06-104	14	0	7	0	0	0	0	0	0	0	0	0	0	0	0	0	0	0	0	0	0	0	0	0	0	0	2	0	0	0	0	0	0	0	0	0	0	0	0	0	0	0	0	0	0	0	0	0	0	102	5	2	0	0	0	0	0	0	0	0	0	0	0	0	0	0	0	0	0	0	0	0	0	0	0	0	0	0	0	0	0	0	0	0	0	0	0	0	0	0	0	0	0	0	0	6	0	0	0	0	0	0	0	0	0	0	0	0	0	0	0	0	0	3	0	0	0	0	0	0	0	0	0	0	0	0	0	0	0	0	0	0	0	0	0	0	0	0	0	0	0	0	0	0	0	0	0	0	0	0	0	0	0	0	0	97	0	0	0	0	0	0	0	0	2	4050	0	0	0	0	0	0	0	0	0	0	0	0	0	0	0	0	0	0	0	0	6488	0	0	0	0
run06-106	0	126	3	0	0	0	749	0	0	9	0	0	2	0	0	4707	66	0	0	10	20	0	0	0	0	0	0	0	0	318	0	0	0	20	0	0	0	0	112	0	2	0	8	4	0	0	4	0	0	14	0	0	0	0	28	0	0	0	0	0	0	116	70	1386	97	1120	617	0	0	162	28	0	0	112	0	0	47	112	523	46	0	0	298	0	34	0	18	0	175	0	0	0	24	0	395	395	5	45	0	91	5	5	0	0	0	4	154	196	24	13	16	0	0	0	3	3160	0	66	103	0	46	763	8	0	2	6	3	2	11	3	0	5	0	0	0	0	45	0	0	7	0	180	0	0	0	0	0	2	0	0	0	689	0	0	0	3	0	0	0	18	0	0	0	0	0	0	0	0	0	0	0	0	0	0	35	0	0	0	0	0	0	0	0	0	0	0	2	0	0	0	0
run06-107	0	549	0	0	0	0	0	0	0	11	0	0	0	92	0	3254	0	0	0	0	0	0	0	0	0	0	0	0	0	0	0	0	0	0	0	0	0	21	0	0	0	0	0	3	0	0	1009	0	5	73	0	0	0	0	0	0	0	12	39	8	0	0	46	2550	0	0	1256	0	0	0	0	0	10	737	13	0	0	0	0	16	0	0	490	6	0	0	0	0	13	0	0	0	0	4210	884	112	23	3	0	89	419	61	0	70	4	6	0	0	0	0	107	0	0	0	17	0	0	32	0	0	917	2	0	0	0	0	0	0	26	0	12	0	0	0	0	0	428	0	60	0	0	0	0	0	0	9	0	595	3	2	0	0	0	352	0	0	0	0	0	0	13	0	0	0	0	149	0	0	7	0	0	7	0	0	0	0	0	0	0	0	0	0	11	0	0	26	1	23	0	0	0
run06-109	31	0	16	0	0	0	0	0	0	0	0	0	0	0	0	0	0	0	0	0	0	0	0	0	0	0	0	0	0	0	0	0	0	0	0	0	0	140	0	0	0	0	0	0	0	0	0	0	6	4	0	0	0	0	0	0	0	0	0	0	0	0	0	0	0	0	0	0	0	0	0	0	3185	0	0	0	0	0	0	0	0	0	0	0	0	0	0	0	0	0	0	0	0	0	0	0	0	0	0	0	0	0	0	0	0	0	0	0	0	0	0	0	0	0	0	0	0	0	0	0	0	0	0	0	0	0	0	0	0	0	0	0	0	0	0	0	0	0	0	0	0	0	0	0	0	0	0	0	0	0	0	0	0	0	0	0	0	0	0	0	0	0	0	0	0	4398	64	0	10	0	0	0	0	0	0	0	0	0	0	0	0	13916	0	0	0	15	326	20	0	0	191
run06-112	0	2243	0	0	0	0	1039	22	15	0	2	6	0	0	0	666	72	0	0	0	54	0	0	0	0	0	0	0	0	669	0	0	0	68	0	0	0	39	0	0	0	0	0	0	0	0	181	0	19	11	0	56	0	5	140	0	0	0	40	9	0	233	233	700	0	105	34	9	0	154	10	0	5	39	34	0	248	0	46	0	0	0	61	230	0	0	88	4	233	9	24	14	14	299	30	479	32	34	0	5	38	31	28	50	6	0	306	26	28	0	0	0	0	1756	8	1398	0	20	16	4	217	181	32	0	3	6	6	0	202	0	0	15	0	0	3	0	44	0	48	0	0	0	0	0	0	132	0	0	0	0	0	82	0	694	0	0	0	35	0	0	0	0	0	0	0	51	0	0	3	0	0	0	0	7	0	0	0	16	2	0	0	0	0	0	0	10	11	38	0	0	0
run06-113	168	163	74	0	0	0	0	0	0	0	0	0	0	0	0	0	0	0	0	0	0	0	0	0	0	0	0	0	0	0	0	0	0	0	0	0	0	0	0	0	0	0	0	0	0	0	0	0	0	421	12	0	3	0	0	0	0	0	13073	0	0	0	0	0	0	0	0	0	0	0	0	0	0	0	0	0	0	0	0	0	0	0	0	0	0	0	0	0	0	0	0	0	0	0	0	0	0	0	0	0	0	0	0	0	0	0	0	0	0	0	0	0	0	0	0	0	0	0	0	0	0	0	0	0	0	0	0	0	0	0	0	0	0	2	0	0	4623	16	0	0	0	0	0	0	0	0	0	142	0	0	0	0	0	0	0	4	0	0	190	0	0	0	0	0	0	2608	0	0	0	0	0	0	0	0	0	0	0	0	0	0	0	0	0	0	14	0	0	0	0	0	0
run06-114	248	10	15	217	0	0	12	0	0	0	0	0	0	0	0	3	0	0	0	0	0	0	0	0	3231	0	6	0	0	0	0	0	0	0	0	0	0	625	0	0	0	0	0	0	0	0	2	0	7	1144	12	0	0	0	4	0	0	0	0	0	0	0	2	0	0	9	0	0	0	4	0	21	0	4210	0	3	0	0	0	0	0	0	0	0	0	0	0	0	0	4	0	0	0	0	0	8	0	0	0	0	2	0	6	0	0	0	4	2	0	0	0	0	0	5	0	8	0	0	0	0	8	21	0	0	0	2	0	0	5	0	0	0	0	39	0	0	0	6	0	0	0	0	0	0	0	3	44	822	0	0	0	0	0	0	0	0	0	7	1297	0	0	0	190	442	0	464	4	0	0	0	0	0	0	0	0	0	0	0	415	12	616	1426	0	0	0	0	0	0	0	0	0
run06-116	10	238	13	0	0	0	652	3	0	194	0	6	0	0	0	3407	0	229	0	213	109	0	0	59	0	0	0	0	0	39	34	0	34	60	0	0	0	9	0	0	0	0	7	0	0	0	47	0	0	8	0	0	0	0	0	0	0	0	6	0	0	0	24	1486	0	0	0	27	0	1154	0	0	16	665	0	0	0	0	0	100	0	0	0	185	0	0	0	10	393	0	0	0	144	100	1195	352	107	83	0	20	31	36	0	53	0	0	78	0	0	14	0	0	0	0	10	1887	0	37	0	0	0	771	11	0	0	22	0	0	0	0	0	0	0	0	0	0	29	0	18	4	0	186	0	0	0	0	0	66	0	0	0	0	0	0	0	0	0	0	0	0	0	0	0	0	0	3	23	0	0	0	0	0	0	0	0	17	10	0	0	0	0	0	0	0	0	21	0	2	5	2	0
run06-117	3	41	16	5	0	0	633	0	0	7	30	0	0	54	51	3010	160	104	0	155	28	106	8	149	0	0	0	0	0	245	103	0	8	80	160	0	0	0	387	0	0	41	2	0	0	0	0	0	0	66	19	28	7	0	244	0	10	64	58	0	0	197	1060	1916	0	97	809	4	0	604	0	0	0	311	416	0	123	13	115	110	0	0	1127	0	0	0	101	0	313	0	0	4	117	64	286	1280	37	43	0	24	0	14	371	0	0	0	313	84	137	2	77	0	2	0	3	6020	0	137	0	0	20	217	0	0	0	2	3	0	283	25	0	151	13	2	0	2	2	0	0	0	0	230	0	0	0	0	0	85	0	0	307	26	116	0	0	60	0	308	0	38	0	9	0	3	24	0	0	0	0	0	0	0	0	13	98	0	0	0	0	18	0	0	0	0	26	0	0	0	0	7	7
run06-118	18	0	19	11	0	0	804	0	0	0	0	3	0	0	0	5300	0	0	0	0	0	0	0	0	0	0	0	0	0	35	60	0	0	45	0	0	0	0	76	0	0	0	0	0	0	0	0	0	0	466	0	0	0	0	0	0	0	0	2	0	0	356	366	1624	0	93	395	0	0	78	0	0	45	1418	84	6	38	0	206	0	26	0	515	0	256	0	37	0	142	0	16	4	61	0	498	2015	84	64	0	112	0	138	202	0	0	0	22	216	0	0	64	0	0	0	0	15	0	0	0	0	483	25	2	0	0	0	0	0	44	0	0	0	0	0	0	0	0	0	0	0	0	0	0	0	50	718	0	183	0	0	0	330	0	2	0	0	0	3656	0	0	0	0	0	0	0	3	0	0	0	7	3	33	2	8	0	0	0	0	0	0	0	0	0	0	0	0	0	0	0	0	0
run06-121	19	16	109	2	0	0	474	0	0	1362	0	6	0	0	0	3272	0	0	0	0	0	0	0	0	0	0	0	0	0	66	0	0	0	0	0	0	0	1	0	0	0	0	0	0	0	0	38	0	0	430	35	0	0	0	22	0	0	0	0	0	0	0	4	1894	0	0	0	58	0	35	0	0	484	1112	33	0	2	0	784	0	0	0	6	57	0	0	68	55	17	0	0	0	431	931	907	1231	0	79	0	15	98	33	0	0	0	0	119	0	3	0	5	0	0	0	0	230	56	26	0	8	0	30	13	5	0	0	0	0	8	0	0	0	0	0	0	0	523	0	0	0	5	0	0	0	0	6	0	51	0	0	24	0	113	333	0	0	0	0	0	0	0	0	0	0	12	0	0	0	0	0	0	0	0	0	0	0	0	3	0	0	0	119	0	0	0	0	384	0	0	0	0
run06-123	0	18	13	0	3	0	95	20	14	3	4	2	37	126	56	864	24	2	0	13	30	0	1864	76	0	611	2439	0	0	128	106	12	0	9	157	6	0	0	4	0	0	0	0	0	0	0	0	0	0	52	0	0	0	0	26	0	0	0	5	0	0	155	447	2257	0	12	269	4	0	24	4	25	5	629	0	13	65	0	34	30	68	0	97	0	0	0	0	3	749	0	0	0	91	0	106	354	0	73	0	41	2	14	116	7	7	0	247	72	85	5	39	0	12	0	0	1746	0	70	0	0	106	55	2	0	0	0	0	0	302	0	0	30	3	93	0	5	36	10	0	0	0	175	0	0	11	0	0	0	2	0	9	11	25	183	0	0	7	53	0	0	0	0	0	0	0	150	11	6	0	0	0	0	0	0	0	2	0	0	0	0	0	0	5	0	5	0	0	156	0	0	6
run06-124	0	757	0	0	0	0	466	0	22	97	0	0	0	0	13	1798	207	0	0	0	0	0	0	0	0	0	0	0	0	185	29	0	0	0	0	0	0	0	29	0	0	0	0	0	0	0	17	0	0	56	0	0	0	0	0	6	0	0	651	0	0	0	231	3401	0	29	638	0	0	273	8	0	6	98	0	0	73	295	84	7	15	0	105	18	0	0	112	3	223	0	0	0	0	74	311	190	24	16	0	25	40	2	5	0	48	0	146	0	0	0	0	0	6	0	0	530	31	173	24	0	25	0	23	0	0	8	0	0	27	0	0	7	0	0	0	0	41	0	0	0	0	0	0	0	0	45	0	6	0	0	0	0	62	23	0	0	0	0	0	0	0	0	0	0	0	21	0	0	0	0	0	0	0	0	0	0	0	2	0	0	0	0	0	0	0	0	0	69	30	0	2
run06-125	0	2043	0	0	0	0	0	0	0	96	0	0	0	0	0	2491	0	0	0	0	0	0	0	0	0	0	0	0	0	20	45	0	0	0	0	0	0	0	346	0	0	0	0	0	0	0	13	0	0	15	2	0	0	0	0	0	0	0	0	0	0	98	1143	2164	0	230	0	0	0	33	0	12	73	356	0	0	0	0	35	0	0	0	129	0	2	0	38	2	132	0	0	0	0	759	585	190	0	36	0	0	7	7	0	34	0	0	7	0	0	0	0	0	0	0	0	1288	0	0	0	0	0	0	0	0	0	0	0	0	0	3	0	0	0	11	0	4	27	3	0	0	130	0	0	0	0	68	0	0	0	0	0	0	23	108	0	0	0	0	0	0	0	0	0	0	0	6	0	0	0	3	0	0	0	0	0	0	0	0	0	33	0	0	0	7	0	0	2	0	0	0	0
run06-126	128	364	117	0	0	0	72	0	6	0	0	0	0	84	0	802	0	0	0	0	0	0	0	0	0	0	0	0	0	0	204	0	0	0	0	0	0	0	0	0	0	0	0	0	0	0	36	0	3	573	95	0	76	0	0	0	0	0	5	0	0	0	0	1997	0	0	386	9	0	0	0	0	0	95	0	0	0	0	0	114	7	0	0	13	0	0	0	0	0	0	0	0	0	234	4183	21	0	18	0	441	506	0	0	2	0	0	13	3	0	0	0	0	0	0	0	490	0	0	0	0	0	446	0	0	0	0	0	0	0	0	0	0	0	0	0	19	0	14	0	0	0	0	0	0	16	8	0	122	10	6	0	0	77	2927	0	28	0	0	0	3	0	10	0	0	40	0	19	0	0	0	7	5	0	0	0	0	0	0	0	0	0	0	0	3	0	0	0	0	0	0	0
run06-128	16	6	11	0	0	0	319	26	14	0	0	0	0	177	0	2720	2	4	0	8	45	2	0	0	43	45	9	0	3	21	344	0	0	0	0	0	14	0	8	13	0	7	0	0	0	0	0	0	0	68	2	0	4	0	10	3	8	0	8	2	0	0	19	331	0	326	42	0	0	243	0	8	0	548	15	29	18	4	98	41	24	2	105	0	0	0	26	0	48	2	0	0	98	0	31	1700	10	29	0	44	44	113	0	14	0	0	56	24	31	16	0	0	0	0	0	658	8	14	17	0	0	150	4	2	0	5	0	6	16	12	0	7	6	5	3	0	0	0	2	0	0	24	0	0	0	0	0	14	0	5	20	143	192	2154	0	21	0	5	6	0	0	0	0	0	0	0	0	0	0	0	0	0	0	0	0	0	0	0	0	0	0	0	0	0	0	0	0	0	0	0	0
run06-129	157	129	172	18	39	7	825	0	0	0	7	0	123	78	49	585	5	5	3	5	19	7	0	22	0	41	46	0	0	146	65	0	0	0	63	0	0	0	19	0	0	340	0	0	16	3	0	118	4	1025	88	3	188	0	145	94	52	0	12	0	0	0	13	531	57	279	322	0	0	54	11	47	0	49	3	22	14	87	20	68	25	13	199	0	0	0	33	0	53	32	10	0	43	0	2220	346	8	6	0	4	0	66	74	0	0	0	537	32	156	6	0	0	0	0	0	720	0	37	39	0	95	348	0	0	3	37	5	2	130	13	0	28	13	97	51	38	19	261	67	2	66	47	0	0	2	45	16	114	238	18	20	0	54	19	9	331	4	53	0	5	0	0	37	10	9	15	0	0	5	0	0	0	0	7	0	0	0	0	7	0	0	0	0	0	0	0	0	0	0	0	0
run06-130	0	204	0	0	96	16	1960	0	0	3	30	0	163	135	23	787	50	2	0	21	19	0	549	0	489	0	920	0	0	142	117	0	0	13	66	4	485	0	37	0	0	461	0	0	0	0	0	0	0	28	0	0	0	2	5	0	0	0	20	0	0	555	126	1605	35	282	576	3	0	1305	7	35	0	441	278	27	147	49	21	64	25	0	122	0	0	33	0	0	136	0	0	0	497	18	1979	358	0	32	0	37	24	40	0	38	0	0	20	7	16	0	0	0	6	0	0	955	0	46	23	0	0	203	10	0	0	5	0	5	0	5	0	30	6	0	4	0	79	0	47	0	0	239	0	103	2	0	80	0	0	0	0	0	110	0	0	0	0	0	0	0	0	0	0	0	0	0	0	0	0	0	0	0	0	0	0	0	0	7	0	0	0	0	0	0	0	0	0	0	0	0	0
run06-131	8	13	0	0	0	0	1029	0	0	54	0	12	0	155	9	2686	16	21	0	9	5	0	0	0	0	0	0	0	0	46	152	0	0	39	0	0	0	1	63	0	3	0	3	0	0	0	59	0	0	10	8	0	0	0	8	0	17	0	0	0	0	0	20	1912	1	336	569	26	0	24	15	0	6	165	0	2	3	5	65	114	0	0	633	3	0	0	0	11	81	0	0	0	13	102	2081	588	0	28	0	20	20	6	0	3	0	0	78	7	7	0	5	0	2	0	0	952	0	47	25	0	9	287	2	0	3	0	0	0	3	0	0	15	6	3	2	0	0	9	0	0	0	52	0	0	0	0	0	6	7	0	0	0	36	1380	0	0	0	37	0	0	0	0	0	0	0	0	0	0	0	0	0	0	0	0	0	0	0	0	4	0	0	0	0	0	0	3	0	0	0	0	0
run06-132	3	169	0	0	0	0	2137	5	3	36	0	5	201	0	0	3511	88	22	4	9	35	115	0	0	0	0	0	0	0	140	39	0	13	19	0	0	0	0	246	0	9	0	0	24	0	0	0	0	0	0	0	0	0	0	114	2	17	4	10	0	0	457	224	3668	53	201	828	0	0	406	17	0	0	1166	16	158	153	10	82	11	8	0	410	0	8	5	6	1	251	16	5	3	54	644	1995	2492	5	36	0	66	187	40	20	24	0	15	356	125	71	6	53	0	0	0	5	2006	0	198	219	0	342	627	9	6	5	0	0	0	38	0	0	39	0	0	2	0	22	0	0	0	32	261	0	0	14	0	40	0	0	0	442	278	0	0	0	0	0	0	0	2	0	0	0	0	0	0	0	3	0	0	0	0	0	0	0	0	0	0	0	0	0	0	0	0	0	0	0	0	0	0	0
run06-133	80	15	72	10	0	0	399	0	0	0	0	0	71	2	0	2289	15	65	0	0	14	0	0	0	0	0	0	0	0	32	91	0	0	28	0	0	0	0	432	0	0	85	0	0	0	0	5	0	0	235	25	0	33	0	0	0	3	0	0	7	0	0	42	1033	0	673	21	0	0	14	9	0	14	961	0	6	0	0	97	0	0	10	627	3	0	0	0	0	21	0	0	0	0	2164	481	1042	0	25	0	0	15	6	3	9	0	4	15	0	0	0	5	0	4	0	0	1700	0	98	13	0	0	99	22	0	0	0	0	0	0	0	0	9	0	6	5	7	0	82	0	0	7	35	40	0	0	0	11	51	11	15	5	0	897	1295	0	24	0	102	0	0	0	0	0	0	0	0	0	0	0	0	0	0	0	0	0	0	0	0	3	0	0	0	0	0	0	0	0	0	0	0	0
run06-134	20	737	9	11	0	12	1439	0	0	0	18	0	108	57	20	2099	0	15	0	0	25	26	0	10	0	117	101	0	11	70	176	2	0	0	15	4	4	0	47	0	0	0	0	6	109	0	0	0	0	51	4	0	5	0	7	0	0	0	4	0	0	110	47	992	58	303	440	0	0	78	12	0	0	260	16	39	29	5	37	28	2	0	1078	7	0	0	0	0	136	0	0	0	4	0	1033	73	0	46	0	5	5	41	2	8	11	0	135	0	8	7	6	0	0	0	0	1176	3	64	7	0	72	560	2	5	0	8	0	3	34	7	0	17	0	105	7	5	0	2	10	0	45	109	0	0	0	0	26	2	0	0	95	0	208	0	0	2	0	6	0	0	0	0	0	2	0	0	0	0	0	16	0	0	0	0	0	0	0	0	0	0	0	0	0	0	0	0	0	0	0	0	0
run06-135	8	444	2	3	0	0	1101	0	0	15	0	0	0	0	34	1798	3	11	0	0	9	0	0	0	0	0	0	0	0	10	27	0	0	13	0	0	0	0	227	0	0	0	0	0	0	0	0	0	0	77	10	0	10	0	0	0	0	0	0	0	0	151	864	1943	0	308	1112	5	0	994	21	0	4	571	205	44	191	346	70	19	0	0	293	0	0	0	3	0	35	0	0	0	496	88	186	615	7	53	0	0	5	0	0	2	0	0	4	0	0	0	0	0	0	0	0	850	0	47	0	0	0	537	0	0	0	0	0	0	0	0	0	0	0	0	3	0	10	0	0	0	11	0	0	0	0	0	0	28	0	8	230	0	413	1132	0	8	0	0	0	0	0	0	0	0	3	0	0	0	0	0	0	0	0	0	0	0	0	0	0	0	0	0	0	0	0	0	0	0	0	0	0
run06-150	22	0	0	0	0	0	0	0	18	215	0	13	0	0	0	6902	0	0	0	0	0	0	0	0	0	0	0	0	0	0	0	0	0	0	0	0	0	0	62	0	0	0	0	0	0	0	47	0	0	46	2	0	0	0	0	0	0	0	0	0	0	0	51	1266	0	112	0	76	0	40	0	0	151	709	323	0	0	0	0	0	7	0	2416	54	0	0	204	17	0	0	0	0	38	990	1396	984	63	31	0	0	79	73	0	0	0	0	2	0	0	0	0	0	7	0	0	1601	0	46	0	0	135	0	17	2	0	0	0	0	0	0	0	0	0	0	0	0	276	2	0	0	266	0	0	0	0	97	0	47	0	0	0	0	104	0	0	4	0	0	0	0	21	0	0	0	0	42	0	0	0	0	0	0	0	0	10	0	0	0	0	0	0	0	0	0	0	0	0	51	0	0	0
run06-151	7	311	6	0	0	18	0	0	73	0	0	0	0	4	0	4332	0	0	0	0	0	0	0	0	0	70	0	0	0	384	667	0	0	0	0	0	0	0	0	0	0	0	0	0	0	0	12	0	9	475	0	0	0	0	0	0	0	0	21	0	0	0	37	4147	0	313	47	0	0	283	0	0	38	942	20	0	347	0	0	0	0	0	766	0	0	0	0	6	0	0	0	0	207	21	0	2072	0	147	0	0	0	0	33	181	0	0	0	0	0	0	0	0	0	0	0	757	0	49	0	0	28	639	0	69	0	0	0	0	0	0	0	0	0	9	0	0	408	0	0	0	507	0	0	0	0	208	13	296	7	0	0	151	0	1231	0	11	0	1030	2	3	0	0	0	0	0	561	0	18	0	167	0	0	0	0	0	0	4	0	0	0	0	0	0	123	0	0	0	4	0	0	0
run06-152	13	486	0	0	0	0	0	41	110	198	0	37	0	0	0	1484	8	60	4	0	34	0	0	0	0	0	0	0	0	288	47	0	0	74	0	0	0	16	31	0	0	0	3	0	0	62	2	0	0	31	0	0	0	0	57	130	0	5	303	2	0	83	91	1416	46	351	1093	0	0	194	9	0	2	81	6	59	109	83	57	0	35	0	89	0	0	0	14	0	86	0	42	3	61	20	323	647	36	32	5	28	0	11	88	26	0	0	522	18	148	16	47	0	0	0	0	1117	3	119	21	6	616	1399	4	3	4	60	4	0	36	5	0	5	26	0	8	0	129	0	556	0	0	0	0	0	0	43	0	45	0	0	0	118	0	0	0	44	4	86	2	0	0	0	0	0	0	0	0	0	0	0	0	0	0	4	0	0	0	0	0	0	0	0	0	0	0	0	0	0	0	0	0
run06-154	11	1133	8	0	0	105	2984	0	17	24	0	8	144	106	10	2553	169	5	17	0	24	0	0	15	0	18	0	0	0	54	67	0	0	47	0	1	0	25	0	5	13	0	0	41	0	0	5	0	0	232	7	0	0	2	14	4	0	0	11	5	0	0	170	2646	0	281	642	47	6	123	30	0	38	126	0	0	0	0	0	32	0	0	463	27	26	4	8	12	35	0	0	0	7	1014	590	497	0	98	0	160	38	61	27	95	29	127	328	19	29	33	81	3	4	0	0	1095	203	68	519	0	118	536	15	0	4	18	0	0	5	0	0	9	3	0	11	35	37	0	24	0	68	40	0	0	0	5	0	14	0	2	2	0	97	11	0	28	0	0	0	0	0	0	0	0	0	0	0	0	0	0	0	0	0	0	0	0	0	2	0	0	0	0	0	0	0	0	0	8	0	0	106
run06-156	0	28	0	0	60	501	13	0	0	0	7	0	0	2	0	1944	13	0	0	0	15	59	13	69	0	0	72	0	230	81	19	0	0	0	0	0	416	0	0	0	0	25	0	0	234	0	0	0	10	12	0	0	0	0	0	5	0	0	0	0	0	0	400	7348	282	523	1079	0	0	413	0	393	0	481	0	152	464	9	123	73	56	0	3199	0	0	0	0	0	414	0	48	0	111	0	84	2147	30	351	0	3	3	13	724	61	0	0	220	38	19	19	5	0	15	0	0	331	0	5	0	0	44	1810	0	0	0	5	0	0	108	0	0	0	0	0	17	0	0	0	0	0	0	156	0	239	9	123	0	0	0	0	0	0	2	0	0	0	0	0	0	0	0	0	0	0	0	0	0	0	0	0	0	0	3	0	0	0	0	0	0	6	2	0	0	0	0	0	0	7	0	0	0
run06-162	9	1053	0	0	0	0	0	0	0	19	0	0	0	104	0	2084	0	0	0	0	0	0	0	0	0	0	0	0	0	0	32	0	0	0	0	0	0	3	0	0	0	0	0	0	0	0	366	0	5	76	0	0	0	0	0	0	0	24	38	0	0	0	46	3384	0	0	477	0	0	0	0	0	13	664	108	0	10	0	0	13	0	0	262	0	0	0	0	0	16	0	0	0	0	3742	472	187	55	0	0	109	242	49	0	92	0	0	0	0	0	0	60	0	0	0	14	50	2	28	0	0	1475	21	0	0	0	0	0	0	37	0	36	0	0	0	0	0	526	0	92	0	0	0	0	0	0	0	0	495	5	3	0	6	0	293	0	0	0	0	0	0	26	0	0	0	0	213	6	0	4	0	0	0	0	0	0	0	0	3	0	0	0	0	5	0	0	12	2	15	0	0	0
run06-164	0	0	0	0	0	0	0	0	0	0	0	0	0	0	0	0	0	0	0	0	0	0	0	0	0	0	0	0	0	0	0	0	0	0	0	0	0	0	0	0	0	0	0	0	0	0	0	0	0	0	0	0	0	0	0	0	0	0	0	0	0	0	0	0	0	0	0	0	0	0	0	0	2660	0	0	0	0	0	0	0	0	0	0	0	0	0	0	0	0	0	0	0	0	0	0	0	0	0	0	0	0	0	0	0	0	0	0	0	0	0	0	0	0	0	0	0	0	0	0	0	0	0	0	0	0	0	0	0	0	0	0	0	0	0	0	0	0	0	0	0	0	0	0	0	0	0	0	0	0	0	0	0	0	0	0	0	0	0	0	3	0	0	0	0	0	1605	0	0	0	0	0	0	3	0	0	0	0	0	0	0	0	10985	0	0	0	0	154	0	0	0	9
run06-167	8	191	11	0	0	0	0	0	0	0	0	0	0	0	0	47	3	0	0	0	2	0	0	0	0	0	3	0	0	5	0	0	0	0	0	0	0	0	0	0	0	0	0	0	0	0	0	0	0	158	0	0	2	0	2	0	0	0	9505	0	0	0	0	16	4	5	6	0	0	0	0	0	0	0	0	0	3	0	2	0	0	0	0	0	0	0	0	0	3	0	0	0	0	0	0	20	0	2	0	0	0	0	0	0	0	0	7	0	0	0	0	0	0	0	0	0	0	0	0	0	13	0	0	0	0	0	0	0	0	0	0	0	0	0	0	0	4269	5	0	0	0	1	0	0	0	0	0	172	0	0	3	0	0	0	0	0	0	18	282	0	0	0	0	0	0	2125	0	0	0	0	0	0	4	0	0	0	0	0	0	0	0	0	0	0	11	0	2	0	0	0	6
run06-168	143	18	27	334	0	0	0	0	0	0	0	0	0	0	0	2	0	0	0	0	0	0	0	0	3088	0	0	0	0	0	0	0	0	0	0	0	0	577	0	0	0	0	0	0	0	0	0	0	5	1155	28	0	0	0	0	0	0	0	0	0	0	0	0	0	0	0	0	0	0	0	0	36	0	5468	0	0	0	0	0	0	0	0	0	0	0	0	0	0	0	0	0	0	0	0	0	0	0	0	0	0	0	0	0	0	0	0	0	0	0	0	0	0	0	0	0	0	0	2	0	0	0	0	0	0	0	0	0	0	0	0	0	0	0	67	0	0	0	9	0	0	0	0	0	0	0	0	53	1004	0	0	0	0	0	0	0	0	0	0	1794	0	0	0	184	450	0	487	5	4	0	0	0	0	0	0	0	0	0	0	693	23	607	1987	0	0	0	0	0	0	0	0	0
run06-170	13	179	24	0	0	0	846	11	0	189	2	2	0	0	0	3665	0	215	0	206	106	0	0	48	0	0	0	0	0	30	48	0	33	64	0	0	0	11	0	0	0	0	12	0	0	0	47	0	0	42	0	0	0	0	0	0	0	0	3	0	0	0	26	1553	0	0	0	15	0	975	0	0	12	785	2	0	0	0	0	119	0	0	0	126	0	5	0	12	404	0	0	0	175	98	1352	388	104	129	0	29	41	35	0	35	0	0	81	0	0	17	0	0	2	0	6	1935	0	29	0	0	0	871	5	0	0	16	0	0	0	0	0	0	0	0	0	4	26	0	16	0	0	218	0	0	0	0	0	81	0	0	0	0	0	0	0	0	0	0	0	0	0	0	0	0	0	0	24	0	0	0	0	0	0	0	0	12	5	0	0	0	4	0	0	0	6	17	0	0	4	0	0
run06-171	0	20	0	0	0	0	503	0	0	7	17	0	0	49	28	3297	55	44	0	137	40	35	3	95	0	0	0	0	0	253	64	0	22	22	98	0	0	0	465	0	0	73	11	0	0	0	7	0	0	4	0	13	0	0	145	0	0	44	85	0	0	107	817	1717	0	52	461	8	10	289	0	0	22	348	264	0	30	6	88	82	0	0	898	0	0	0	106	3	216	0	0	11	74	49	254	906	34	38	0	13	0	6	211	11	0	0	178	56	70	0	33	0	3	0	0	4876	0	43	0	0	5	274	0	0	0	0	3	0	140	16	0	45	0	3	0	0	0	0	0	0	0	138	0	0	0	0	0	9	0	0	203	16	188	0	0	29	0	139	7	0	0	8	0	0	0	0	0	0	0	0	0	0	0	5	57	0	0	0	0	0	0	0	0	0	2	0	0	0	0	0	0
run06-172	13	0	20	4	0	0	362	0	0	0	0	0	0	0	0	3179	0	0	0	0	0	0	0	0	0	0	0	0	0	3	31	0	0	12	0	0	0	0	30	0	0	0	0	0	0	0	0	0	0	183	0	0	0	0	0	0	0	0	0	0	0	212	180	843	0	107	242	0	0	43	0	0	12	620	38	12	21	0	103	0	18	2	331	0	133	0	18	0	55	0	4	2	33	0	230	894	29	48	0	87	0	61	26	0	0	0	4	75	0	0	25	0	0	0	0	0	0	0	0	0	211	7	0	0	0	0	0	0	13	0	0	0	0	0	0	0	0	0	0	0	0	0	0	0	29	305	0	97	0	0	0	161	0	0	0	0	0	1548	0	0	0	0	0	0	0	0	0	0	0	2	0	16	0	7	0	0	0	0	0	0	0	0	0	0	0	0	0	0	0	0	0
run06-173	4	15	102	0	0	0	201	0	0	741	0	0	0	0	0	3308	0	0	0	0	0	0	0	0	0	0	0	0	0	41	0	0	0	0	0	0	0	57	0	0	0	0	0	0	0	0	20	0	0	231	24	0	0	0	56	0	0	0	0	0	0	0	0	1055	0	0	0	25	0	5	0	0	313	559	13	0	0	0	350	0	0	0	0	39	0	0	18	33	0	0	0	0	129	710	557	571	0	76	0	13	73	21	0	0	0	0	24	0	0	0	0	0	0	0	0	127	26	16	0	4	0	9	7	2	0	0	0	0	0	0	0	0	0	2	0	0	325	2	0	0	4	0	0	0	0	7	0	26	0	0	10	0	27	328	0	0	0	0	0	0	0	0	0	0	8	0	0	0	0	0	0	0	0	0	0	0	0	0	0	0	0	67	0	0	0	0	374	0	0	0	0
run06-176	7	948	0	0	0	0	431	0	11	98	0	0	0	0	11	2141	297	0	0	0	0	0	0	0	0	0	0	0	0	207	0	0	0	0	0	0	0	3	27	0	3	0	0	0	0	0	24	0	0	119	0	0	0	0	2	3	0	0	1479	0	0	0	181	2577	0	33	455	0	0	202	7	0	7	52	0	0	64	228	62	5	2	0	59	9	2	0	82	0	256	0	4	0	0	54	268	130	33	19	0	21	37	3	0	2	39	0	91	0	3	0	0	0	4	0	0	587	59	24	24	0	22	0	29	0	0	6	0	0	39	0	0	8	0	0	0	0	85	0	0	0	0	0	0	0	0	86	0	14	0	0	0	0	65	41	0	2	0	0	0	0	0	0	0	0	0	53	0	0	0	0	0	0	0	0	0	0	0	0	0	0	0	0	0	0	0	0	0	231	67	0	0
run06-177	5	2640	15	0	0	0	0	0	0	94	0	2	0	0	0	3498	0	0	0	0	0	0	0	0	0	4	0	0	0	20	0	0	0	0	0	0	0	2	403	0	0	0	0	0	0	0	15	0	0	264	16	0	0	0	0	0	0	0	0	0	0	95	1393	2424	0	289	0	0	0	22	0	22	24	262	0	0	0	0	54	0	0	0	251	0	6	0	45	0	16	0	0	0	0	727	868	127	0	47	0	0	2	11	0	20	0	0	0	0	0	0	0	0	0	0	0	2357	0	0	0	0	0	0	4	0	0	0	0	0	0	3	0	0	0	5	0	4	2	0	0	0	295	0	0	0	0	190	0	20	0	0	0	0	56	128	0	37	0	0	0	0	0	0	0	0	0	5	0	0	0	6	0	0	0	0	0	0	0	0	0	13	0	0	0	13	0	0	3	0	0	0	0
run06-179	54	761	46	0	0	0	80	0	0	0	0	0	0	51	0	2155	0	0	0	0	0	0	0	0	0	0	0	0	0	0	265	0	0	0	0	0	0	9	0	0	0	0	0	0	0	0	57	0	6	809	49	0	51	0	0	0	0	0	0	0	0	0	3	1788	0	0	557	20	0	0	0	0	0	80	0	0	0	0	0	102	4	2	0	11	0	0	0	0	0	0	0	0	0	139	4153	43	0	23	0	400	537	0	0	8	0	0	18	2	0	0	0	0	0	0	0	595	0	0	0	0	0	848	0	0	0	0	0	0	0	0	0	3	0	0	0	7	0	7	0	0	0	0	0	0	14	26	0	108	3	8	0	0	117	3151	0	12	0	0	0	0	0	0	0	3	21	0	19	0	0	0	27	102	0	0	0	0	0	0	0	0	0	0	0	0	0	0	0	0	0	3	0
run06-180	55	0	9	0	0	0	98	0	0	0	0	0	0	0	0	2757	0	0	12	0	0	30	0	0	0	0	2	0	0	5	7	0	0	0	0	0	0	0	0	0	0	0	0	0	0	0	0	0	0	101	0	0	0	0	9	0	0	0	0	0	0	0	0	6112	0	77	0	103	0	0	0	75	2	480	0	170	0	142	86	168	76	0	221	37	0	0	0	43	446	0	28	0	36	0	0	3112	9	16	0	12	0	0	0	20	15	0	413	289	177	0	0	0	3	95	0	28	0	10	0	10	0	132	0	12	0	15	0	0	132	0	0	0	0	0	0	0	0	0	0	0	0	0	0	0	0	0	0	63	0	0	0	0	25	0	0	0	0	36	0	0	0	0	0	0	0	68	8	0	0	0	12	0	5	0	0	8	0	0	0	0	0	0	0	0	0	0	9	0	0	0	0
run06-181	20	75	20	4	9	0	1009	0	0	0	19	0	81	50	20	1599	3	14	0	9	37	0	0	41	0	142	27	0	0	223	123	3	0	0	135	4	0	0	26	0	0	735	2	0	13	8	2	2	6	399	17	4	5	0	184	73	123	0	7	0	7	0	5	852	40	725	458	11	0	102	23	122	0	75	11	26	62	151	56	124	33	3	265	0	0	0	11	0	79	58	9	0	46	0	2423	487	8	23	0	15	3	103	26	3	0	0	653	53	184	7	3	0	2	0	0	918	0	45	72	0	149	526	1	7	2	63	7	7	120	23	0	32	31	63	113	4	10	22	47	6	79	107	0	4	1	40	36	28	25	3	97	0	234	121	0	26	10	93	0	0	0	0	11	4	0	18	9	0	0	0	4	0	0	0	0	2	0	0	0	4	0	0	0	0	0	0	0	0	0	0	0
run06-182	0	128	0	0	57	5	1218	0	0	0	16	0	103	68	15	805	18	0	0	2	6	0	801	0	408	0	817	0	0	37	128	0	0	9	34	3	486	0	34	2	4	565	0	0	0	0	0	0	0	56	0	0	0	0	0	0	0	0	5	0	0	466	44	976	29	288	324	0	0	567	15	42	0	215	318	18	122	35	17	86	22	0	76	0	0	8	0	0	114	0	2	0	319	12	1078	306	0	26	0	31	14	33	0	11	2	0	13	2	6	0	3	0	0	0	0	939	0	30	0	0	0	189	8	0	0	10	0	4	0	0	0	11	0	0	3	0	8	0	10	0	0	263	0	93	0	0	28	0	0	0	0	2	95	0	0	0	0	0	0	0	0	0	0	0	0	0	0	0	0	0	0	0	0	0	0	0	0	0	0	0	0	0	0	0	0	0	0	0	0	0	0
run06-183	8	13	3	0	0	0	242	2	2	2	0	0	0	203	0	4622	0	11	0	7	55	3	0	0	53	51	11	0	0	27	302	0	0	0	0	0	25	0	15	23	0	30	14	0	0	0	0	0	0	112	3	0	0	0	9	0	16	0	14	0	0	0	15	287	0	285	14	0	0	189	4	10	0	424	22	12	11	4	94	88	11	0	138	6	0	0	23	11	41	0	0	0	96	0	15	1473	10	35	0	57	67	69	0	37	2	0	31	25	19	8	2	0	0	0	0	668	4	18	21	2	7	165	14	3	0	3	4	5	8	0	0	3	3	3	0	0	0	0	0	0	0	21	0	0	0	0	0	9	0	4	37	160	329	4091	5	16	0	0	4	0	0	0	0	0	0	0	0	0	0	0	0	0	3	0	0	0	0	0	0	0	0	0	0	0	0	0	0	0	0	4	0
run06-184	0	16	0	0	0	0	535	0	0	41	0	3	0	128	5	2678	14	27	0	12	6	0	0	2	0	0	0	0	0	58	102	0	0	77	0	0	0	5	72	0	0	0	0	0	0	0	45	0	0	4	3	0	6	0	8	0	14	0	0	0	0	0	14	735	0	316	366	24	0	15	13	0	0	110	0	0	0	0	34	115	0	0	337	0	0	0	0	2	50	0	0	0	7	29	1336	274	0	25	0	18	20	8	0	4	0	0	117	7	10	0	7	0	0	0	0	808	0	56	12	0	4	248	9	0	0	2	0	0	0	0	0	13	0	0	0	11	0	25	0	0	0	55	0	0	0	0	0	4	2	0	0	2	65	1335	0	0	0	29	0	0	0	0	0	0	0	0	0	0	0	0	0	0	0	0	0	0	0	0	6	3	0	0	0	0	0	3	0	0	0	0	0
run06-186	3	142	0	0	0	0	985	9	2	10	0	3	111	0	0	4024	76	17	8	15	37	144	0	0	0	0	0	0	0	157	0	0	18	21	0	0	0	0	176	0	11	0	6	13	0	0	0	0	0	0	0	0	0	0	92	0	17	0	4	0	3	653	161	1886	8	68	379	0	0	385	4	0	0	606	0	42	81	15	36	0	9	0	246	2	40	22	0	0	119	20	21	9	46	397	679	1163	0	21	0	42	135	12	11	33	0	0	221	51	59	11	46	0	0	0	2	1026	0	113	80	0	528	462	12	19	6	7	2	0	45	0	0	30	0	0	6	0	14	0	0	0	17	229	0	0	6	0	39	2	0	0	326	202	0	0	0	0	0	0	0	0	0	0	0	0	0	0	2	0	0	0	0	0	0	0	0	0	0	0	0	0	0	0	0	0	0	0	0	0	0	0	0
run06-187	11	58	2	6	0	0	318	0	0	3	0	0	46	4	0	2642	9	63	0	0	17	0	0	5	0	0	0	0	0	39	97	0	0	18	0	0	0	0	253	0	0	115	2	0	0	0	13	0	0	48	0	0	2	0	0	2	5	0	0	0	0	0	18	553	0	430	11	0	0	0	0	0	5	666	0	8	0	0	52	0	0	0	504	0	3	0	0	0	26	0	0	0	0	2149	224	798	0	22	0	0	12	0	0	16	0	0	6	0	0	0	5	0	0	0	0	1172	0	35	7	0	0	65	23	0	0	0	0	0	0	0	0	5	0	0	0	2	0	12	0	0	8	24	23	0	0	0	2	0	0	0	6	0	501	1188	0	3	3	83	0	0	0	0	0	2	0	0	0	0	0	0	0	0	0	0	0	0	0	0	0	0	0	0	0	0	0	0	0	0	0	0	0
run06-188	13	537	2	4	0	7	1364	0	0	0	11	0	112	30	24	3667	0	25	0	0	21	6	0	4	0	135	102	0	11	118	202	2	0	0	26	20	2	0	35	0	0	0	0	5	109	0	0	0	0	23	4	0	0	0	0	0	0	2	4	0	0	126	51	873	57	388	464	0	0	44	14	0	0	224	11	37	23	0	26	42	2	0	1018	8	0	0	0	0	111	0	0	0	7	0	848	68	0	68	0	5	4	49	0	21	4	0	88	0	10	13	2	0	0	0	0	1164	0	116	4	0	64	655	0	22	0	13	0	3	36	6	0	11	0	126	14	3	0	0	5	0	51	91	0	0	5	0	53	2	0	0	99	0	399	0	0	0	2	2	0	0	0	0	0	0	0	0	0	0	0	14	0	0	0	0	0	0	0	0	0	0	0	0	0	0	0	0	0	0	0	0	0
run06-189	3	541	4	0	0	0	1190	0	0	29	0	0	0	0	40	2631	9	0	0	4	13	0	0	0	0	0	0	0	0	2	35	0	0	25	0	0	0	0	450	0	0	0	0	0	0	3	3	0	0	62	4	0	0	0	4	0	0	0	0	0	0	188	834	1695	0	300	866	5	0	702	21	0	0	523	224	31	108	267	72	59	0	0	192	0	0	0	5	0	61	0	2	0	386	56	228	557	12	63	0	2	11	0	0	0	0	0	5	0	0	0	5	0	0	0	0	1322	0	44	0	0	0	640	0	0	0	0	0	0	0	0	0	0	0	0	0	0	8	4	0	0	3	0	3	0	0	5	2	22	0	0	333	0	448	904	0	15	0	0	0	0	0	0	0	0	0	0	0	0	0	0	0	0	3	0	0	0	0	0	0	0	0	0	0	0	0	0	0	0	0	0	0
run06-190	8	76	11	2	0	0	0	0	18	36	0	14	0	0	208	4078	20	48	0	32	39	63	0	209	0	0	0	0	0	216	32	0	159	0	0	0	0	44	0	0	0	0	0	0	0	0	0	0	0	241	0	0	0	0	19	0	0	0	4	0	0	19	224	2453	207	105	364	0	0	290	6	0	0	265	62	23	69	40	72	0	22	0	239	0	3	0	84	0	559	0	13	0	30	0	284	335	16	88	0	0	11	7	87	4	0	0	38	34	28	9	23	0	0	0	0	3651	0	11	0	0	111	542	2	0	2	6	0	2	22	0	0	6	0	0	0	0	12	0	7	0	0	78	0	0	0	0	14	204	0	0	10	88	13	0	0	27	0	62	2	0	0	0	0	0	0	0	0	0	0	0	0	2	0	0	0	0	0	0	0	0	0	0	0	0	0	0	0	0	0	0	0
run06-97	0	0	0	0	0	0	3	0	5	297	0	4	0	0	0	9319	0	0	0	0	0	0	0	0	0	0	0	0	0	0	0	0	0	0	0	0	0	28	56	0	0	0	0	0	0	0	171	0	0	35	0	0	0	0	0	0	0	0	0	0	0	0	85	954	0	215	0	70	0	62	0	0	241	1220	607	0	0	0	0	0	0	0	4531	73	0	0	584	41	0	3	17	0	50	2063	2368	1923	31	66	0	0	394	75	0	0	0	0	0	0	0	0	0	0	14	0	0	1394	0	37	0	0	144	0	38	2	0	0	0	0	0	0	0	0	0	0	0	0	130	0	0	0	255	0	0	0	0	64	0	35	0	0	0	0	106	0	0	0	0	0	0	0	8	0	0	0	0	59	0	0	0	0	0	0	0	3	4	0	0	0	0	0	0	0	0	0	0	0	0	18	0	0	0
run06-98	2	228	4	0	0	4	0	0	12	0	0	0	0	4	0	2422	0	0	0	0	0	0	0	0	0	46	0	0	0	194	539	0	0	0	0	0	0	13	0	0	0	0	0	0	0	0	15	0	0	282	0	0	0	0	0	0	0	0	41	0	0	0	12	2526	0	123	48	0	0	324	0	0	8	420	12	0	160	0	0	0	0	0	581	0	0	0	0	3	0	0	0	0	67	27	0	991	0	117	0	0	0	0	12	90	0	0	0	0	0	0	0	0	0	0	0	740	0	12	0	0	7	822	0	24	0	0	0	0	0	0	0	0	0	7	0	0	145	0	0	0	284	0	0	0	0	146	14	168	3	0	0	106	0	1125	0	5	0	265	0	0	0	0	0	0	0	345	0	10	0	85	0	0	0	0	0	0	3	0	0	0	0	0	0	39	0	2	0	4	0	0	0
run06-99	13	333	0	4	0	0	0	10	23	34	0	14	0	0	0	3606	14	117	12	0	53	0	0	0	0	5	0	0	0	365	119	0	0	53	0	0	0	18	56	3	0	0	0	0	0	121	0	0	0	132	2	5	0	0	95	162	0	10	209	0	0	152	159	1932	84	330	924	0	0	356	15	0	6	155	13	63	109	182	149	23	29	0	497	0	0	0	30	0	166	5	202	0	33	0	516	1075	80	101	0	69	4	27	160	26	4	2	527	43	228	37	39	0	3	0	0	2414	4	124	29	22	482	2578	3	11	9	49	9	0	15	22	0	0	29	0	5	0	104	0	72	0	0	0	0	0	0	133	0	156	0	0	0	175	0	0	0	292	0	74	0	0	0	0	0	0	0	0	0	0	0	0	0	0	0	29	0	0	0	0	3	0	0	0	0	0	0	0	0	35	0	0	0
run07-Cah7-101	14	151	0	2	0	0	1768	0	0	8	10	0	10	0	0	4960	312	16	0	95	88	0	0	48	0	0	0	0	0	541	293	0	0	30	0	0	0	0	18	0	0	0	0	0	0	3	0	0	0	99	3	0	5	0	2	0	0	0	0	0	0	400	12	1703	8	1034	444	0	0	109	0	27	5	354	0	15	21	0	0	31	4	0	44	0	0	0	0	0	170	0	16	0	21	194	210	45	0	79	0	90	111	28	2	6	3	0	25	11	2	0	0	0	0	25	0	645	0	3	0	0	0	263	0	0	0	0	0	0	0	0	0	2	0	4	3	0	0	0	438	0	0	4	0	0	0	0	0	3	0	0	25	0	118	0	14	26	0	0	0	0	0	0	0	0	0	0	0	0	0	0	0	0	0	0	0	0	0	0	0	0	0	0	0	0	0	0	0	0	0	0	0
run07-Cah7-102	7	42	0	7	8	2	264	0	3	16	0	0	84	0	0	3387	129	306	0	73	49	0	0	81	0	0	0	0	0	150	252	0	0	25	0	0	0	0	123	0	0	200	8	0	0	0	6	4	0	78	11	0	9	0	5	0	90	0	0	0	0	0	64	843	82	379	430	0	0	118	0	0	0	1017	0	0	10	5	47	252	3	0	89	0	0	0	0	0	81	0	4	0	0	223	2676	4902	0	37	0	1149	327	0	0	21	0	0	0	0	0	0	48	0	0	0	10	725	0	109	59	0	0	62	6	0	0	8	0	0	0	0	0	5	0	0	0	15	0	15	0	0	228	99	0	0	0	0	0	4	0	6	35	6	858	1398	0	0	0	0	0	0	0	0	0	0	0	0	0	0	0	0	0	0	0	0	0	0	0	0	0	0	0	0	0	0	0	0	0	0	0	0	0
run07-Cah7-103	0	0	0	0	0	0	0	0	0	217	0	4	0	0	0	4973	379	0	0	0	24	0	0	0	0	0	0	0	0	59	0	0	0	0	0	0	0	2	288	0	210	0	20	6	0	0	152	0	0	5	0	0	0	0	0	0	3	0	0	0	0	0	53	581	0	51	219	0	0	39	0	0	0	1033	2	0	0	0	31	2	0	0	219	3	39	0	0	0	135	0	0	0	12	1495	798	133	0	17	0	0	4	16	0	4	3	0	0	0	0	0	24	135	0	0	0	44	421	35	0	0	0	1911	15	0	5	7	0	0	0	0	0	0	0	0	0	0	0	3	0	0	0	13	0	0	0	0	0	2	0	0	0	0	4	55	0	0	0	0	0	0	0	0	0	0	2	0	0	0	0	0	0	0	0	0	0	0	0	2	0	0	0	0	0	0	0	0	0	0	0	0	0
run07-Cah7-106	1	381	0	0	0	0	341	6	37	0	41	0	0	48	199	2384	385	2	0	73	19	0	1009	161	0	113	273	12	0	610	131	0	0	38	194	0	0	0	130	0	0	0	7	37	0	0	0	0	2	6	0	32	0	2	85	22	68	38	46	0	4	129	892	1100	28	430	205	0	0	155	14	0	0	535	19	35	137	3	9	63	31	0	75	0	0	0	80	0	212	8	0	0	22	0	372	495	10	26	3	58	32	72	5	74	13	0	577	4	136	40	66	5	7	0	5	3553	0	53	18	0	54	281	10	0	19	34	20	6	103	0	4	13	19	50	2	0	0	0	0	0	0	180	0	0	0	0	0	0	0	0	0	0	785	0	0	0	10	0	0	0	0	0	0	0	0	0	0	0	0	0	0	0	0	0	0	0	0	0	0	0	0	0	0	0	0	0	0	0	0	0	0
run07-Cah7-107	2	372	8	0	0	0	1110	0	0	29	0	0	0	0	0	4939	23	0	0	0	9	0	0	0	0	0	0	0	0	7	0	0	0	16	0	0	0	12	1538	12	0	0	29	0	0	0	207	0	0	42	2	0	2	0	0	0	0	0	0	0	0	0	799	2149	0	649	37	0	0	62	26	0	0	368	8	6	0	142	430	2	7	0	221	5	87	44	0	0	105	0	0	0	0	5342	804	134	0	108	0	63	41	0	0	2	0	0	0	0	0	0	2	0	0	0	0	2283	0	26	0	0	0	0	4	5	0	7	0	0	0	0	0	0	0	0	0	0	3	0	45	0	0	0	0	0	0	0	0	6	0	0	0	0	230	0	0	0	0	0	0	0	0	0	0	0	0	0	0	0	0	0	0	0	0	0	0	0	0	0	0	0	0	0	0	0	0	0	0	0	0	0	0
run07-Cah7-109	2	215	0	0	0	0	0	0	0	38	0	0	0	0	0	7458	0	0	0	26	0	0	0	434	52	0	0	0	0	3	54	0	0	71	0	0	860	0	0	0	0	0	0	0	0	0	5	0	18	223	0	0	0	0	0	0	0	0	10	0	0	159	350	1752	0	211	741	0	0	83	0	0	0	4081	80	0	7	0	16	0	0	0	51	0	0	0	0	0	436	0	0	0	59	790	287	855	0	85	0	0	21	0	0	0	0	0	0	0	0	0	0	0	0	0	0	122	0	15	0	0	0	0	0	0	0	0	0	2	0	0	0	0	0	0	0	0	157	0	0	0	0	0	0	0	7	0	0	18	0	0	0	568	0	140	0	0	0	0	0	2	0	0	0	0	0	0	0	0	0	0	0	0	0	0	0	0	0	0	0	0	0	0	0	0	0	0	6	0	32	0	0
run07-Cah7-110	13	102	3	0	0	0	78	0	0	74	0	11	54	0	0	6466	0	0	0	0	85	0	0	0	0	0	0	0	0	117	0	0	0	31	0	0	0	65	1087	0	0	0	3	0	0	0	93	3	0	37	5	0	0	0	0	0	0	0	0	0	0	183	56	750	0	0	44	0	0	110	6	0	7	558	2	0	43	0	128	0	0	0	0	123	0	0	0	0	161	0	0	0	0	3539	2116	18	3	155	0	317	91	43	0	120	4	0	0	0	0	0	5	0	0	2	0	46	0	25	0	0	0	0	14	0	0	10	0	0	0	0	0	0	0	0	2	5	608	3	0	0	0	0	0	0	0	0	0	5	0	0	0	135	0	0	0	0	0	101	0	0	0	0	0	0	0	0	0	0	0	0	0	0	0	0	0	13	0	2	0	0	0	0	0	0	0	0	0	0	0	0	0
run07-Cah7-113	66	85	6	0	0	0	1226	26	11	15	4	4	0	0	0	4082	1123	26	0	17	104	0	0	0	0	0	0	123	0	896	875	0	152	41	29	6	0	0	238	0	0	0	3	0	0	0	3	2	0	410	38	67	26	2	189	41	366	57	6	0	0	15	48	2817	34	226	315	0	0	39	0	0	0	1302	0	0	2	0	42	80	123	0	19	0	0	0	5	0	193	0	2	0	0	0	270	704	0	0	0	14	6	26	7	173	9	0	344	33	95	34	39	0	0	0	0	781	0	15	0	0	13	320	4	0	0	26	13	0	16	0	0	32	12	0	0	9	51	3	4	0	0	119	0	0	0	0	0	7	116	3	46	27	196	184	29	151	11	177	0	0	0	0	0	0	0	0	0	0	0	0	0	0	0	0	0	0	0	2	0	0	0	0	0	0	0	0	0	0	0	0	0
run07-Cah7-114	3	37	10	6	0	0	491	2	4	0	35	0	64	64	37	8309	221	109	6	99	191	0	0	0	0	0	0	107	0	783	278	0	150	33	0	17	0	338	114	0	0	0	3	0	0	0	4	0	0	72	11	0	6	0	40	4	73	0	0	0	0	0	106	1051	0	508	578	2	171	86	14	7	0	805	4	7	267	54	38	18	4	0	7	2	14	0	7	0	232	0	0	0	25	17	806	954	7	116	0	149	457	289	2	90	72	0	341	49	5	11	193	9	2	0	0	2182	6	15	4	0	10	172	50	0	0	36	0	8	0	0	0	7	15	0	12	0	3	0	0	0	0	166	0	0	0	0	0	2	0	4	476	8	423	0	0	14	3	121	0	0	0	0	0	0	0	2	0	0	0	0	0	0	0	0	0	0	0	2	0	0	0	0	0	0	0	0	0	0	0	0	0
run07-Cah7-115	14	0	3	5	0	0	137	0	2	162	0	0	23	7	0	11509	396	73	0	19	42	0	0	0	0	0	0	0	0	97	99	0	0	76	0	0	0	258	505	200	0	0	41	0	0	0	268	0	0	127	4	10	0	0	5	0	2	0	0	0	0	0	3	58	0	75	125	7	0	7	0	0	8	480	0	0	0	91	22	37	0	0	88	0	222	0	0	0	9	0	0	0	0	575	2714	710	0	40	0	129	353	51	0	34	49	133	8	6	0	0	35	0	0	0	0	96	6	40	30	0	294	11	231	0	0	4	0	5	0	0	30	0	0	0	0	0	0	0	0	0	0	48	0	0	0	0	0	4	0	0	13	0	429	38	0	5	0	26	0	0	0	0	0	0	0	0	0	0	0	0	0	0	0	0	0	0	0	0	0	0	0	0	0	0	0	0	0	0	0	0	0
run07-Cah7-116	0	5	2	0	0	0	178	0	15	216	0	13	0	0	0	2884	83	210	0	32	73	0	0	0	0	0	0	0	0	396	721	0	94	72	0	0	0	0	36	0	0	0	4	3	0	0	0	0	0	31	2	0	5	0	67	50	15	4	0	0	0	41	3	472	0	0	180	6	45	32	16	0	0	1269	0	3	0	0	26	361	0	2	11	98	0	10	0	0	69	0	0	0	0	0	172	1299	0	14	0	315	76	51	3	33	22	0	53	13	93	6	155	0	0	0	3	4469	0	47	66	0	66	0	11	0	2	4	0	0	22	0	0	6	2	4	2	2	0	12	0	0	0	0	23	0	0	0	0	8	3	0	61	61	243	23	0	0	0	235	0	0	0	0	0	0	0	0	0	0	0	0	0	0	0	0	0	0	0	0	0	0	0	0	0	0	0	0	0	0	0	0	0
run07-Cah7-117	2	3	2	0	0	0	161	14	0	171	0	20	0	0	0	5550	0	219	18	98	65	0	0	0	0	0	0	0	0	864	0	7	18	94	0	0	0	161	0	35	0	532	8	0	4	0	0	0	0	27	2	0	0	0	79	0	0	11	0	2	0	0	400	2000	62	371	718	6	0	235	19	0	13	4509	0	19	94	0	5	85	108	0	6	0	2	0	31	15	216	0	0	0	10	42	691	1405	6	37	0	17	28	47	5	54	0	0	397	7	39	4	60	0	10	0	0	1088	0	35	0	7	117	327	35	0	0	20	0	0	32	0	0	52	11	0	0	0	75	0	3	0	0	566	0	0	0	0	0	5	0	0	0	0	0	0	0	0	0	0	0	3	0	0	0	0	0	0	0	0	0	0	0	0	0	2	0	0	0	0	0	0	0	0	0	0	0	0	0	0	0	0	0
run07-Cah7-121	0	211	3	3	0	0	282	6	15	0	0	0	120	63	0	2627	192	222	0	8	71	0	0	0	0	0	0	0	0	769	266	0	0	49	0	22	0	3	22	0	0	0	0	37	0	0	0	0	2	31	8	47	0	0	308	168	83	2	4	0	0	71	21	523	77	881	388	0	0	80	11	105	0	507	0	28	27	12	126	167	5	2	56	0	0	4	0	2	177	0	7	0	0	0	11314	1507	0	61	4	38	17	76	27	8	0	0	477	38	181	25	3	0	2	0	0	3825	0	19	70	0	54	479	0	0	0	12	86	5	44	0	12	30	11	0	7	0	51	0	0	0	116	0	0	22	0	23	0	0	0	0	192	131	164	0	0	0	0	4309	0	0	0	0	0	0	0	0	0	0	0	9	0	0	0	0	0	0	0	0	0	0	0	0	0	0	0	0	0	0	0	0	0
run07-Cah7-122	5	68	0	0	25	0	1447	4	4	0	9	0	222	44	18	2299	13	0	0	22	72	109	0	0	1196	0	1094	0	42	21	225	0	32	81	140	0	256	4	0	0	0	107	0	0	0	0	0	0	0	62	4	0	3	0	45	3	98	7	0	0	0	264	36	1513	626	753	893	0	0	42	28	112	0	437	21	104	15	14	48	259	17	0	508	0	0	0	13	0	190	16	27	0	17	0	2400	626	0	50	0	71	3	68	29	10	0	0	285	51	55	24	0	0	0	84	0	1941	10	15	0	0	62	237	0	0	0	13	20	0	54	8	0	68	7	35	0	2	153	4	25	0	0	207	0	0	0	20	0	2	6	0	0	5	334	0	10	11	0	154	0	0	0	0	0	0	0	0	0	0	0	0	0	0	0	0	0	0	0	0	0	0	0	0	0	0	0	0	0	0	0	0	0
run07-Cah7-123	2	0	0	0	0	6	1064	0	0	0	0	0	8	0	0	9426	0	6	0	75	94	0	351	1028	65	6	0	0	0	62	121	5	12	116	66	0	14	0	0	167	0	218	6	0	0	0	4	0	0	24	0	0	2	0	0	0	118	0	9	0	0	0	0	152	0	46	386	0	0	15	0	0	0	549	0	2	2	0	19	87	0	0	2	0	0	0	0	0	16	0	0	0	0	0	1079	446	0	49	6	0	278	26	0	12	0	0	2	2	2	6	73	0	0	6	9	167	0	0	87	12	0	0	3	0	0	10	0	0	3	0	0	3	0	5	0	0	0	0	0	0	0	175	167	0	0	0	0	3	0	0	518	0	1769	3833	0	0	0	0	0	0	0	0	0	8	0	0	0	0	0	0	0	0	0	0	0	0	0	0	0	0	0	0	0	0	0	0	0	0	0	0	0
run07-Cah7-124	21	303	13	0	0	0	1448	4	8	0	4	0	87	26	0	3816	199	97	12	36	125	0	0	0	0	0	0	0	0	230	272	0	19	111	0	47	0	0	293	0	3	0	0	0	0	0	0	2	0	92	10	0	6	0	75	0	21	0	0	0	0	52	245	3014	241	1461	748	0	0	210	11	0	0	835	6	29	158	34	118	117	66	0	495	0	0	0	57	0	481	3	23	0	132	0	491	1101	3	65	0	32	25	2	4	0	0	0	203	46	9	0	74	0	0	100	0	2490	0	29	42	0	0	745	0	0	0	5	0	0	7	0	0	11	0	0	0	0	0	4	0	0	18	0	0	0	0	25	4	6	0	2	47	32	109	0	0	80	0	0	0	0	0	0	0	0	0	0	2	0	0	0	0	0	0	0	0	0	0	0	0	0	0	0	0	0	0	0	0	0	0	0	0
run07-Cah7-125	0	34	21	0	0	0	667	3	0	63	0	11	0	0	0	6251	333	154	0	90	86	70	0	519	0	0	0	0	0	361	166	0	0	176	0	0	0	0	248	0	0	0	9	0	0	0	14	0	0	89	4	0	3	0	0	0	0	0	0	17	0	128	98	2109	173	1052	410	0	0	265	4	30	0	2006	2	0	0	5	34	0	38	0	107	0	0	4	0	0	110	0	0	0	211	1012	1866	2008	0	51	0	439	58	24	0	72	0	0	11	0	0	0	73	0	0	0	7	124	0	9	55	0	0	106	2	0	0	0	0	0	0	0	0	0	0	0	0	0	0	0	3	0	0	522	0	0	0	0	0	0	0	0	634	8	657	0	0	5	16	0	0	0	0	0	0	0	0	0	0	0	0	0	0	0	0	0	0	0	0	0	0	0	0	0	0	0	0	0	0	6	0	0	0
run07-Cah7-126	3	2547	2	0	32	5	970	0	0	0	3	0	67	41	0	1264	47	10	0	36	3	71	779	148	530	27	15	0	23	161	941	0	158	0	0	0	0	0	366	0	0	90	0	5	89	0	0	0	0	49	0	30	0	0	26	0	202	4	0	0	0	354	120	3390	29	379	697	0	0	299	29	22	0	340	9	42	231	21	26	42	99	0	145	0	0	0	4	0	253	0	0	0	1341	0	3648	572	0	70	0	37	70	67	6	13	10	0	130	53	74	16	0	3	0	0	4	4195	10	42	26	0	51	160	0	0	5	8	0	0	67	49	0	8	5	12	2	0	0	0	0	0	0	8	0	77	0	22	15	0	0	0	116	0	337	0	0	0	0	0	0	0	0	0	0	432	0	0	0	0	0	0	0	0	0	0	0	0	0	0	0	0	0	0	0	0	0	0	0	0	0	0	0
run07-Cah7-127	0	64	0	0	0	0	1123	0	6	5	0	3	0	0	18	7196	9	2	0	13	6	0	0	0	0	0	0	0	0	29	132	0	0	0	5	0	0	0	541	0	0	0	3	0	0	0	8	0	0	6	0	0	0	0	0	0	0	0	0	0	0	0	67	865	43	207	418	0	0	102	5	0	0	881	2	0	26	0	53	15	2	0	65	0	0	0	0	0	117	0	0	0	17	2523	997	550	0	18	0	9	56	11	0	35	4	2	0	0	0	0	0	0	0	0	0	1942	0	29	0	0	6	141	0	0	0	3	0	0	0	0	0	0	0	0	0	0	25	0	0	0	0	0	0	0	0	0	0	0	0	0	0	0	457	1394	0	0	0	27	0	0	0	0	0	0	0	0	0	0	0	0	0	0	0	0	0	0	0	0	0	0	0	0	0	0	0	0	0	0	0	0	0
run07-Cah7-129	9	106	0	0	0	18	981	0	1	0	11	0	166	6	82	5489	692	53	3	81	61	0	0	0	0	0	0	0	0	369	149	0	0	59	0	0	0	0	277	0	9	27	4	0	0	0	0	0	0	51	0	0	0	0	232	0	0	0	0	0	0	476	194	4904	359	1169	266	0	0	219	26	76	0	730	0	15	314	95	123	47	31	0	257	33	106	0	0	6	228	0	6	0	79	0	1674	1854	0	25	5	38	67	20	4	78	4	0	753	35	68	3	82	0	4	86	0	6483	0	6	9	2	6	213	3	0	0	7	0	0	69	0	10	14	5	0	2	0	100	0	0	0	0	0	0	0	0	45	0	3	0	3	0	107	362	0	0	4	8	14	6	0	0	0	0	0	0	0	0	0	0	0	0	0	0	0	0	0	0	7	0	0	0	0	0	0	0	0	808	0	0	0	0
run07-Cah7-130	35	76	4	0	0	3	1795	0	0	0	0	0	39	23	19	6863	48	225	0	25	20	0	0	260	0	0	46	0	0	80	310	0	0	0	2	23	137	0	166	0	0	144	0	0	0	0	8	5	0	83	7	0	2	0	2	0	0	0	0	0	0	50	33	2462	18	510	741	0	0	352	5	15	0	1154	5	26	35	33	35	38	6	2	417	0	0	0	39	0	75	0	11	0	107	15	3000	1852	0	353	0	7	70	79	0	151	0	0	14	17	0	0	6	0	0	0	0	1858	0	0	3	0	0	277	3	0	0	9	0	0	0	0	0	0	0	0	0	0	0	0	0	0	0	15	1200	0	0	0	0	15	0	14	0	0	696	0	0	44	0	8	0	0	0	0	0	0	7	0	0	0	0	0	0	0	0	0	0	0	0	0	0	0	0	0	0	0	0	0	0	0	0	0	0
run07-Cah7-131	2	333	0	0	0	0	1047	53	84	76	0	29	0	0	0	3575	366	87	8	48	44	0	0	0	0	0	0	0	0	530	191	0	0	30	0	0	0	0	304	0	5	0	0	0	41	0	0	0	23	405	5	0	0	0	35	0	0	0	6	0	0	395	363	2610	302	559	687	0	0	1041	36	0	0	1212	59	54	131	23	73	43	32	0	138	0	0	0	4	0	519	0	34	0	64	59	1431	1085	17	65	0	4	29	24	26	6	9	0	235	51	56	0	81	0	0	0	2	4852	0	21	0	0	22	326	0	0	2	0	0	4	77	0	0	5	12	0	0	0	483	0	103	7	0	162	0	0	0	0	0	2	6	0	200	0	320	0	7	15	0	0	0	0	0	0	0	0	0	0	0	0	7	0	0	0	0	0	0	0	0	0	0	0	0	0	0	0	0	0	0	0	0	0	0
run07-Cah7-132	17	688	4	2	0	0	1427	0	20	252	0	19	0	0	0	6643	1264	0	0	57	310	0	0	0	0	0	0	0	0	765	456	0	0	34	0	0	0	0	794	0	0	329	12	0	0	0	0	0	0	191	9	0	0	0	9	0	84	0	0	0	0	645	720	5880	35	960	604	16	0	905	23	0	0	1436	50	60	0	12	179	16	15	0	37	0	0	0	36	0	357	0	9	0	566	135	734	1785	4	221	0	410	152	64	0	175	26	0	107	22	0	0	141	0	0	0	5	5257	0	7	0	0	121	787	39	0	0	8	0	3	26	0	0	0	4	0	6	0	78	0	0	0	0	0	0	0	0	43	0	0	0	0	356	5	872	0	0	0	0	6	0	3	0	0	0	0	0	0	0	0	0	0	0	0	0	0	0	0	0	0	0	0	0	0	0	0	0	0	0	0	0	0	0
run07-Cah7-133	18	326	0	4	0	0	1016	0	4	4	6	0	174	0	18	5377	487	9	0	164	17	0	0	0	0	422	0	0	0	348	664	0	18	82	0	0	0	10	285	0	0	0	4	0	0	0	0	0	0	85	17	0	10	0	237	0	17	0	7	3	0	41	282	1943	192	1776	813	0	0	369	15	0	0	815	0	27	30	33	337	325	5	5	127	0	0	2	3	0	335	0	3	2	108	41	1430	1900	5	111	3	59	75	25	11	86	6	31	132	52	159	14	94	0	0	39	6	5030	4	41	22	0	128	249	0	0	0	18	0	0	30	0	0	41	0	0	0	3	16	0	8	0	32	0	0	0	0	25	5	7	0	0	91	586	5	36	0	15	0	271	0	0	0	0	0	0	0	0	0	0	0	0	0	0	0	0	0	0	0	0	0	0	0	0	0	0	0	0	0	0	0	0	0
run07-Cah7-134	0	1494	14	0	0	0	2184	0	0	42	0	0	245	0	0	1717	24	0	0	8	4	0	0	0	0	0	0	0	0	47	0	0	0	0	2	0	0	0	2572	0	0	0	3	0	0	0	8	0	0	15	0	0	0	0	6	0	0	0	0	0	0	691	1078	4653	187	555	732	0	0	978	0	0	2	1040	231	26	261	77	44	0	12	0	360	0	0	72	0	0	267	2	10	0	0	161	24	146	28	90	0	0	4	6	0	10	2	0	0	0	0	0	0	0	0	40	0	1935	0	5	0	0	15	486	0	0	0	0	0	0	10	0	0	0	0	0	0	0	19	0	0	0	21	0	0	0	0	0	0	3	0	0	0	125	2	0	0	6	0	0	0	0	0	0	0	0	0	2	0	0	0	0	0	0	0	0	0	0	0	0	0	0	0	0	0	0	0	0	0	0	0	0	0
run07-Cah7-135	14	941	7	0	0	0	2088	0	30	38	0	2	170	240	0	3316	0	0	0	0	0	0	0	0	0	0	0	0	0	352	21	0	0	63	0	0	0	0	173	0	0	0	0	39	0	0	0	0	9	470	0	0	0	0	5	0	0	0	0	0	0	279	241	2407	582	817	870	0	0	332	55	0	0	210	105	70	77	58	84	332	21	0	558	0	0	7	4	0	316	0	12	0	44	0	1075	2028	7	84	5	57	7	30	0	3	0	0	224	31	3	28	18	0	0	0	0	4179	0	106	0	0	140	780	6	0	49	9	0	6	58	0	0	25	0	0	0	0	7	0	34	0	0	0	0	0	0	151	4	4	0	11	0	117	21	0	0	2	0	0	0	4	0	0	0	0	0	0	0	0	0	0	0	0	0	0	0	0	0	0	0	0	0	0	0	0	0	0	0	0	0	0	0
run07-Cah7-136	0	137	0	0	0	0	0	9	15	0	8	6	28	0	0	2454	66	15	0	7	13	69	0	169	0	95	0	0	0	127	140	0	3	9	0	0	0	17	258	0	0	48	2	0	0	0	0	0	0	16	4	2	0	0	56	2	76	13	7	0	0	53	18	529	17	1498	172	0	0	52	11	0	0	246	16	26	8	14	55	76	2	0	393	0	0	6	17	0	34	0	21	0	56	0	58	1301	3	44	0	29	14	14	5	26	0	0	364	59	1120	12	48	0	0	193	0	8879	0	72	2	0	68	167	5	0	25	38	4	0	9	0	0	28	3	0	0	0	2	0	0	0	0	37	0	0	0	0	0	0	0	0	27	139	0	0	0	0	2	19	0	0	0	0	0	0	0	0	0	0	0	0	0	0	4	0	35	0	0	0	0	0	0	0	0	0	0	0	0	0	0	0	4
run07-Cah7-137	0	18	4	0	0	0	557	0	34	180	52	64	0	0	0	7058	553	128	24	0	249	0	0	0	0	0	0	0	0	648	149	0	732	173	0	0	0	0	766	17	0	274	31	0	0	0	0	14	0	225	10	0	9	0	9	0	136	10	0	0	15	82	343	2102	63	1262	819	0	92	325	11	0	0	1359	0	25	176	11	32	114	10	0	26	0	0	3	0	0	447	0	6	0	36	32	878	4490	21	53	0	51	46	106	0	54	22	17	88	11	85	0	170	0	0	0	30	4004	0	115	63	0	101	164	23	0	0	22	0	21	28	0	0	9	2	0	6	0	0	0	0	0	0	0	0	0	0	3	0	0	0	0	306	750	0	93	0	30	0	17	0	0	0	0	0	0	0	0	0	2	0	0	0	0	0	2	0	0	0	0	0	0	0	0	0	0	0	0	0	0	0	0	0
run07-Cah7-145	0	302	0	0	0	0	3130	0	22	0	0	0	0	0	0	2793	0	0	4	0	0	0	0	320	0	0	0	0	0	0	38	0	0	31	0	0	0	3	0	0	0	0	0	0	0	0	25	0	0	62	0	0	0	0	0	0	0	0	12	0	0	369	25	7550	0	9	308	6	0	379	0	0	0	317	0	0	0	96	0	10	23	0	159	86	0	0	116	0	786	0	12	0	13	530	289	784	0	18	0	127	36	0	0	3	61	0	4	0	0	0	19	0	0	659	0	2529	0	54	149	0	0	584	2	0	9	0	0	0	22	0	0	0	0	0	0	0	0	0	0	0	0	78	0	0	0	0	0	3	0	0	0	0	24	749	0	0	0	0	0	0	0	0	0	0	0	76	2	0	0	0	0	0	0	0	0	0	0	0	0	0	0	0	0	0	0	0	0	0	0	0	0
run07-Cah7-146	0	0	0	0	0	0	1414	0	0	35	0	0	8	0	0	4923	0	0	0	0	0	0	0	0	0	0	0	0	0	0	0	0	0	0	0	0	0	0	0	0	0	0	0	0	0	0	17	0	0	8	0	0	3	0	0	0	0	0	17	0	0	0	44	609	0	75	354	0	0	0	0	0	0	60	9	0	9	0	96	0	0	3	1693	0	0	0	0	0	19	0	0	0	0	68	671	3	0	4	0	0	0	0	0	0	0	0	0	0	0	0	0	0	0	0	0	41	0	11	0	0	0	14	0	0	0	0	0	0	0	0	0	0	0	0	0	0	6	0	0	0	0	0	0	0	0	0	0	5	0	0	0	14	0	0	0	11	0	0	0	0	0	0	0	0	0	0	0	0	0	0	0	0	0	0	0	0	0	0	0	0	0	0	0	0	0	0	0	442	0	0	0
run07-Cah7-147	0	56	7	0	0	0	442	0	2	0	0	0	31	0	17	3964	0	41	0	8	42	0	0	0	0	0	0	10	0	17	129	0	0	41	0	0	0	0	48	0	0	136	0	0	3	0	0	0	0	8	0	0	3	0	0	0	0	0	0	0	0	0	7	1586	0	333	1219	0	0	15	6	0	0	285	5	6	0	4	56	409	8	0	187	0	0	0	0	0	192	0	0	0	10	305	762	169	0	60	0	140	49	2	3	10	0	0	54	5	0	0	12	0	0	0	0	1763	0	186	0	0	10	178	0	0	0	4	0	0	0	0	0	9	0	0	0	0	0	0	0	0	0	0	12	0	0	7	3	0	0	0	0	0	121	1688	0	0	0	0	0	0	0	0	0	0	10	0	0	0	0	0	0	0	0	0	0	0	0	0	0	0	0	0	0	0	0	0	0	0	0	0	0
run07-Cah7-148	0	802	0	0	0	0	551	7	30	0	0	10	0	0	0	3327	224	0	0	0	149	16	0	0	0	0	3337	0	0	666	250	0	0	103	0	3	0	0	38	0	0	0	0	0	0	0	0	0	0	34	0	0	0	0	40	0	6	3	3	0	0	177	38	1579	22	441	726	0	0	98	53	0	0	253	49	52	84	30	55	143	15	0	732	0	0	17	3	2	195	171	91	0	103	0	919	803	20	46	4	25	0	2	61	10	0	0	472	17	81	12	96	0	0	24	0	1723	0	107	25	0	113	949	0	3	0	7	0	0	159	0	0	42	16	0	10	0	8	0	42	0	0	271	1250	0	7	87	0	0	0	0	0	8	180	0	0	0	0	57	0	0	0	0	0	0	0	0	0	0	0	0	0	0	4	2	0	0	0	0	0	0	0	0	0	0	0	0	0	0	0	0	0
run07-Cah7-149	0	622	0	0	0	0	2390	0	4	13	18	0	38	29	4	4681	394	26	0	129	135	7	0	54	0	0	0	0	0	653	283	0	0	46	3	0	0	0	25	0	0	0	0	0	0	6	2	0	0	18	0	0	0	0	1	0	8	0	2	0	0	497	28	1986	68	1131	589	0	0	174	2	90	13	360	6	54	41	9	10	97	8	0	134	0	0	0	0	0	265	0	36	0	22	137	479	129	4	102	0	29	99	53	5	4	0	0	103	29	14	0	7	0	0	161	0	1243	0	11	7	0	2	464	0	0	0	11	0	0	10	0	0	29	0	0	0	4	2	3	87	0	0	0	0	0	0	0	0	0	0	0	52	0	170	10	0	5	0	0	0	0	0	0	0	0	0	0	0	0	0	12	0	0	0	0	0	0	0	0	0	0	0	0	0	0	0	0	0	0	0	0	0
run07-Cah7-150	11	118	11	4	12	5	299	0	8	15	0	0	112	0	0	3024	133	230	0	48	56	0	0	89	0	0	0	0	0	172	295	0	0	26	0	0	0	6	119	0	0	131	3	0	0	0	5	1	0	102	35	0	15	0	3	0	146	0	0	0	0	0	116	1271	122	502	692	0	0	131	0	0	0	914	0	3	13	2	53	258	5	2	114	0	0	0	0	0	120	0	4	0	0	221	3850	5530	0	34	0	938	167	0	0	22	0	0	0	2	0	0	71	0	0	0	13	820	0	110	111	4	0	42	10	0	0	8	0	0	0	0	0	10	0	0	0	14	0	25	0	0	263	128	0	0	0	0	2	3	0	13	50	3	1106	849	0	5	0	0	0	0	0	0	0	0	0	0	0	0	0	0	0	0	0	0	0	0	0	0	3	0	0	0	0	0	0	0	0	0	0	0	0
run07-Cah7-151	0	0	0	0	0	0	0	0	0	325	0	10	0	0	0	5786	577	0	0	0	45	0	0	0	0	0	0	0	0	116	116	0	0	0	0	4	0	0	597	0	173	0	20	10	0	0	131	0	0	14	3	0	0	0	0	0	12	0	0	0	0	0	212	1700	0	200	528	0	0	155	11	0	0	1631	9	0	8	0	96	16	22	0	738	12	85	2	0	0	202	0	0	0	54	2206	2354	580	0	33	0	14	17	27	0	21	0	0	0	0	0	0	102	126	0	9	4	410	430	64	13	0	0	2418	46	0	12	18	0	4	3	0	3	0	2	0	0	0	3	0	0	0	0	95	0	0	0	0	0	0	0	0	0	0	20	51	0	0	0	0	0	0	0	0	0	0	2	0	0	0	0	0	0	0	0	0	0	0	0	10	0	0	0	0	0	0	0	0	0	0	0	0	0
run07-Cah7-152	5	24	0	0	17	2	507	0	0	0	2	0	131	21	6	2054	15	24	0	7	79	0	0	0	0	0	117	0	0	163	31	0	0	35	0	4	42	0	0	0	0	112	0	0	0	0	0	3	0	21	0	0	2	0	44	12	12	2	20	0	0	0	0	666	89	1198	692	0	0	70	4	335	9	91	3	101	17	3	56	6	10	0	1017	0	0	0	0	0	78	0	9	0	0	0	895	784	3	40	0	16	0	28	19	0	0	0	451	47	83	14	0	0	0	0	0	734	34	0	0	0	27	232	0	0	11	11	0	0	28	0	0	32	3	0	0	0	357	6	9	0	0	101	0	0	0	0	0	4	2	0	0	9	702	86	16	11	0	6	0	8	0	0	0	0	0	0	9	0	0	2	0	0	0	0	0	0	0	0	0	0	0	0	0	0	0	0	0	0	0	0	0
run07-Cah7-153	7	89	0	0	0	9	912	4	39	3	44	0	57	42	14	2906	163	49	0	144	59	315	0	19	0	1465	0	79	0	552	234	0	34	30	2	33	0	26	138	2	0	199	4	0	0	0	0	0	16	12	0	127	5	0	355	40	167	29	0	0	0	594	29	1994	522	1434	482	0	0	114	137	0	0	126	0	21	74	16	59	250	29	0	509	0	0	0	20	0	381	0	7	0	27	0	302	705	0	30	9	45	0	93	77	5	3	0	597	40	194	10	11	5	7	17	7	1083	0	152	0	15	2	394	17	3	0	33	29	0	141	0	0	83	17	257	0	0	0	4	0	0	0	430	254	0	0	0	0	2	3	0	79	5	395	0	0	0	0	3393	0	0	0	0	0	0	0	0	0	0	3	0	0	0	0	0	0	0	0	0	0	0	0	0	0	0	0	0	0	0	0	0	0
run07-Cah7-154	0	240	0	0	0	0	684	8	17	0	23	0	0	9	123	3335	499	0	0	139	16	0	605	501	0	52	133	0	0	483	168	0	0	20	661	0	0	0	104	0	0	0	3	7	0	0	4	0	0	0	0	48	0	0	38	1	92	30	24	9	14	167	327	915	20	242	127	5	0	492	5	0	0	1304	16	20	83	11	20	28	15	0	28	0	0	0	51	8	59	19	3	0	8	0	298	403	16	13	2	48	41	83	8	211	36	0	459	7	63	20	88	0	0	0	3	2873	2	13	6	0	61	182	37	0	7	13	25	2	25	0	0	19	11	12	0	0	0	0	0	0	0	100	0	0	0	0	0	0	0	0	0	0	1037	0	0	0	2	0	0	0	0	0	0	0	0	0	0	0	0	0	0	0	0	0	0	0	0	0	0	0	0	0	0	0	0	0	0	0	0	0	0
run07-Cah7-155	4	569	0	0	0	0	648	0	0	34	0	0	0	0	0	3243	19	0	0	0	7	0	0	0	0	0	0	0	0	12	42	0	11	31	0	0	0	0	1218	0	0	0	17	0	0	0	47	0	0	28	0	0	2	0	0	0	0	0	0	0	0	0	3721	3479	0	1004	181	0	2	50	10	0	0	294	7	24	0	98	191	0	7	0	433	13	27	13	0	0	244	0	0	0	0	2474	1404	58	3	81	0	89	46	0	0	4	4	0	0	0	0	0	0	0	0	0	0	2228	0	27	0	0	0	0	0	0	0	4	0	0	0	0	0	0	0	0	0	0	22	0	7	0	0	0	0	0	0	0	0	2	0	0	0	0	742	0	0	3	0	3	0	0	0	0	0	0	0	0	0	0	0	0	0	0	39	0	0	0	0	0	0	0	0	0	0	0	0	0	0	0	0	0	0
run07-Cah7-156	0	633	2	0	0	0	345	7	67	0	0	41	86	119	0	2084	399	295	0	209	156	0	1083	336	0	0	0	1695	0	1166	648	0	46	139	0	3	0	32	0	0	7	0	25	0	0	5	4	0	0	2	0	0	0	0	9	8	417	0	0	2	0	0	72	1703	0	947	532	8	0	237	3	0	0	204	0	30	0	28	0	130	17	0	213	20	0	0	0	3	152	0	45	0	0	0	7	656	11	78	0	161	67	21	0	238	29	7	207	70	20	6	66	4	0	281	5	2952	4	99	183	0	30	515	1	12	7	18	10	2	112	0	0	16	14	124	0	0	0	0	0	0	1067	0	0	0	0	234	0	0	0	0	169	574	802	340	0	0	0	0	0	0	0	0	0	0	0	0	0	0	0	0	0	0	10	0	0	0	0	8	0	0	0	0	0	0	0	0	3	0	0	0	0
run07-Cah7-159	3	273	0	0	0	0	0	0	0	65	0	0	0	0	0	7290	0	0	0	45	0	0	0	527	41	0	0	0	0	8	44	0	0	71	0	0	719	0	0	0	0	0	0	0	0	0	7	0	11	224	0	0	0	0	0	0	0	0	6	0	0	202	364	2528	0	256	1165	0	0	183	0	0	0	6242	89	0	5	0	76	0	0	0	122	0	0	0	0	0	404	0	0	0	52	1179	381	1020	0	111	0	0	28	0	0	0	0	0	0	0	0	0	0	0	0	0	0	267	0	27	0	0	0	0	0	0	0	0	0	0	0	0	0	0	0	0	0	0	122	0	0	0	0	0	0	0	5	0	0	10	0	0	0	517	0	70	0	0	0	0	0	0	0	0	0	0	2	0	0	0	0	0	0	0	0	0	0	0	0	0	0	0	0	0	0	0	0	0	0	0	11	0	0
run07-Cah7-160	23	272	0	5	0	0	894	0	0	143	0	43	76	0	0	8367	0	0	0	0	120	0	0	0	0	0	0	0	0	176	84	0	0	37	0	0	0	24	1245	0	3	0	5	0	0	0	100	0	0	54	7	0	0	0	0	0	0	0	0	4	0	320	84	1752	0	0	79	0	0	262	16	0	6	982	11	0	112	8	275	0	0	0	0	310	0	0	0	4	211	0	0	0	0	5460	3305	32	8	245	0	431	111	53	0	265	5	0	0	0	0	0	0	0	0	3	0	481	0	51	0	0	0	0	22	0	0	24	0	7	0	0	0	0	0	0	2	2	635	0	0	0	0	0	0	0	0	0	0	7	0	0	0	148	0	0	0	0	0	299	0	0	0	0	0	0	0	0	0	0	0	0	0	0	0	0	0	24	0	3	0	0	0	0	0	0	0	0	0	0	0	0	0
run07-Cah7-162	0	39	0	0	0	0	122	0	0	22	0	0	0	0	0	7208	12	104	0	0	14	0	0	98	0	0	0	4	0	115	76	99	0	6	0	0	0	0	8	114	0	0	0	0	0	0	7	0	0	15	0	0	0	0	0	0	0	0	0	0	0	0	8	90	3	13	25	3	0	13	0	0	18	3019	0	0	0	0	0	0	0	0	0	0	0	0	0	0	3	0	0	0	5	0	4681	730	0	0	0	85	40	29	0	37	0	0	0	0	0	0	10	0	3	0	0	0	0	2	24	0	0	0	0	0	0	0	0	0	0	0	0	0	0	3	0	0	0	0	0	0	0	0	0	4	0	0	23	0	0	0	0	0	327	5461	0	2	0	0	0	25	0	0	0	0	0	486	0	0	0	0	0	0	5	0	0	0	0	0	0	0	0	0	0	0	0	0	0	0	0	0	0
run07-Cah7-163	9	177	0	0	0	0	1491	46	18	17	0	2	0	0	0	3386	1139	28	0	11	151	0	0	0	0	0	0	223	0	1025	975	0	258	78	30	12	0	0	188	0	0	0	0	0	0	0	0	7	0	30	1	149	0	0	669	125	950	192	3	0	0	31	257	5067	37	304	534	0	0	61	0	0	0	1448	0	5	0	0	82	198	200	0	30	0	0	0	13	0	248	0	3	2	0	0	318	1751	4	6	0	20	3	58	25	242	6	0	951	49	241	60	54	0	0	0	3	888	0	5	0	0	31	460	0	0	0	71	25	0	65	0	0	103	21	0	0	0	154	0	8	0	0	238	0	0	0	0	0	0	27	0	62	28	417	759	7	7	28	845	0	2	0	0	0	0	0	0	0	0	0	0	0	0	0	0	0	0	0	0	0	0	0	0	0	0	0	0	0	0	0	0	0
run07-Cah7-164	5	100	5	0	0	0	289	2	13	0	20	0	31	35	34	3353	170	74	0	153	179	0	0	0	0	0	0	134	0	747	190	0	146	80	3	18	0	108	56	0	0	0	2	0	0	0	0	0	8	68	4	0	5	0	22	13	76	0	0	0	0	0	77	935	0	564	285	3	176	64	10	8	0	590	9	3	134	33	27	19	13	0	12	0	1	3	9	4	100	0	3	0	40	1	429	977	8	42	0	77	105	107	9	84	80	0	691	37	26	23	190	8	9	0	3	1914	2	11	5	0	53	157	13	9	0	28	2	0	0	0	0	23	24	0	34	2	0	0	0	0	0	198	8	0	0	0	0	0	0	0	381	6	274	0	0	14	6	309	0	0	0	0	0	0	0	0	0	0	0	0	0	0	0	3	0	0	0	0	0	0	0	0	0	0	0	0	0	0	0	0	0
run07-Cah7-165	14	0	7	3	0	0	201	0	2	129	0	2	60	18	0	14281	349	100	2	42	48	0	0	0	0	0	0	0	0	98	225	0	6	125	2	0	0	115	578	156	0	0	24	0	0	0	176	0	0	177	8	8	0	0	5	0	5	0	0	0	0	0	0	151	0	230	351	5	0	21	8	0	17	907	0	0	0	134	60	68	0	0	232	0	166	0	38	0	24	0	0	0	0	830	4152	1210	0	33	4	156	296	30	0	51	68	138	15	17	0	0	34	0	2	0	4	157	10	39	42	0	416	30	237	0	0	0	0	0	0	0	48	0	0	3	0	0	0	0	0	0	0	55	0	0	0	0	0	0	0	0	14	3	439	43	0	10	0	99	0	0	0	0	0	0	0	0	0	0	0	0	0	0	0	0	0	0	0	0	0	0	0	0	0	0	0	0	0	0	0	0	0
run07-Cah7-166	2	10	0	0	0	0	189	0	31	199	0	19	0	0	0	2720	72	179	0	35	98	0	0	0	0	0	0	0	0	395	562	0	100	65	0	0	0	0	30	0	2	0	2	5	0	0	0	0	0	2	0	0	0	0	58	62	14	11	0	0	3	73	7	825	0	0	321	6	91	43	25	0	0	1925	0	5	0	0	43	461	0	0	19	126	0	13	0	0	124	0	0	0	0	9	229	1811	0	10	0	316	59	69	0	38	34	0	109	18	103	5	163	0	3	0	0	4389	0	51	102	0	83	4	7	0	4	9	0	3	13	0	5	10	0	0	5	0	5	0	0	0	0	0	27	0	0	0	0	4	0	0	92	55	271	55	0	0	0	656	0	0	0	0	0	0	0	0	0	0	0	0	0	0	0	0	0	0	0	5	0	0	0	0	0	0	0	0	0	0	0	0	0
run07-Cah7-167	9	5	0	0	0	0	153	14	0	231	0	5	0	0	0	6338	0	449	9	90	110	0	0	0	0	0	0	0	0	777	154	24	23	109	0	0	0	0	0	20	0	323	16	0	0	0	0	0	0	13	5	0	0	0	99	0	0	16	0	0	3	0	1192	3405	67	447	888	20	0	276	74	0	17	4605	0	30	120	0	36	67	132	0	23	0	0	0	45	13	410	0	0	0	45	54	1194	1285	11	74	0	15	22	53	6	70	0	4	1020	11	125	18	84	0	2	0	0	2013	7	27	0	9	153	363	47	0	0	10	4	3	48	0	0	62	12	0	0	0	183	0	0	0	0	432	0	0	0	0	0	3	0	2	0	0	0	0	0	4	0	0	0	0	0	0	0	0	0	0	0	2	0	0	0	0	0	0	0	0	0	0	0	0	0	0	0	0	0	0	0	0	0	0	0
run07-Cah7-168	36	0	4	3	0	9	323	0	0	65	0	12	166	76	18	4176	158	587	0	116	28	0	0	0	0	0	0	0	0	110	4664	0	0	84	0	70	0	0	196	140	438	0	19	0	0	0	0	25	4	169	44	0	50	0	0	0	119	0	0	9	4	16	5	474	126	242	514	0	0	81	29	0	0	802	29	22	44	0	18	113	35	5	10	0	0	4	0	0	96	0	13	0	12	284	2209	1579	0	84	75	210	694	377	0	78	17	12	46	25	35	3	198	0	7	0	13	427	14	165	196	5	0	369	50	0	7	60	0	8	0	0	0	5	7	0	0	0	0	10	0	0	0	357	0	0	0	0	0	16	15	0	423	57	607	0	0	18	0	0	0	224	0	0	0	0	1	6	0	0	0	0	0	0	5	0	0	0	0	0	0	0	0	0	0	0	0	0	0	0	0	0	2
run07-Cah7-169	3	157	0	4	0	0	370	0	11	0	0	0	92	51	0	3220	222	244	0	11	84	0	0	0	0	0	0	0	0	698	173	0	0	60	0	12	0	14	22	0	0	0	2	41	0	0	0	0	0	15	0	35	0	0	264	113	69	4	0	0	2	62	18	288	46	812	287	0	0	63	19	65	0	383	0	13	35	6	85	160	7	0	29	0	0	0	0	0	125	0	6	0	0	0	13112	976	0	48	0	26	12	55	7	20	0	0	308	22	107	11	0	0	0	0	0	3374	0	20	47	0	45	646	0	2	3	14	38	6	51	0	9	18	7	0	0	0	52	0	0	5	94	0	0	22	0	54	0	0	0	0	168	116	226	0	0	0	0	2650	0	0	0	0	0	0	0	0	0	0	0	6	0	0	0	0	0	0	0	3	0	0	0	0	0	0	0	0	0	0	0	0	0
run07-Cah7-170	9	55	5	0	22	0	1832	0	4	0	7	0	266	43	3	2582	16	0	0	11	68	84	0	0	1872	0	896	0	70	20	166	0	23	100	192	0	194	0	0	0	0	118	0	0	0	0	0	0	0	52	4	2	2	0	72	8	49	7	0	0	0	160	25	1123	829	991	735	0	0	23	46	152	0	380	5	119	17	6	46	397	9	0	317	0	0	0	4	0	198	7	14	0	3	0	2324	388	0	45	0	49	0	56	29	12	0	0	207	37	37	11	0	0	0	37	0	2055	0	13	0	0	41	250	0	0	0	2	4	0	32	4	0	63	5	30	0	0	216	0	20	0	0	251	0	0	0	24	0	3	9	0	0	8	460	0	23	22	0	221	0	0	0	0	0	0	0	0	0	0	0	0	0	0	0	0	0	0	0	0	0	0	0	0	0	0	0	0	0	0	0	0	0
run07-Cah7-171	0	0	2	0	0	0	545	0	0	0	2	0	47	3	0	7478	0	10	0	90	131	9	692	750	221	10	0	0	0	119	55	8	26	176	218	0	41	0	0	180	0	296	14	0	0	0	0	0	0	7	0	0	0	0	0	0	266	0	0	0	0	0	0	165	10	72	293	0	0	21	0	11	0	431	0	5	0	0	6	89	0	0	12	0	0	0	0	0	64	0	0	0	0	0	502	370	0	37	7	0	452	52	0	34	7	0	10	2	0	9	108	0	4	0	16	345	4	0	109	2	0	16	17	0	0	0	0	5	9	0	0	2	0	24	0	0	0	0	0	0	0	140	81	0	0	0	0	3	0	0	690	0	1348	6471	0	0	0	0	0	5	0	0	0	11	0	0	0	0	3	0	0	0	0	0	0	0	0	0	0	0	0	0	0	0	0	0	0	0	0	0	0
run07-Cah7-172	3	342	7	0	0	2	939	9	3	0	6	0	111	44	0	2688	163	75	6	39	63	0	0	0	0	0	5	7	0	170	210	0	24	80	0	47	0	0	356	0	8	0	0	0	0	0	4	0	0	56	0	0	3	0	148	0	13	0	0	5	0	36	310	1747	161	1078	483	0	0	132	10	0	0	506	4	21	173	8	73	85	52	0	363	0	0	0	41	0	377	4	26	0	88	0	344	724	2	48	0	22	21	8	5	13	0	0	84	29	16	0	67	0	0	96	0	2541	0	38	21	0	3	720	0	0	0	4	0	0	8	0	0	7	0	0	0	0	3	0	4	0	27	0	0	7	2	45	21	2	0	0	73	34	83	0	0	19	0	0	0	0	0	0	0	0	0	0	2	0	0	0	0	0	0	3	0	0	0	0	0	0	0	0	0	0	0	0	0	0	0	0	0
run07-Cah7-173	2	14	6	0	0	0	737	0	2	75	0	17	0	0	0	6380	243	109	0	102	109	19	0	515	0	0	0	0	0	533	67	0	0	96	0	0	0	52	129	0	0	0	22	0	0	0	23	0	0	75	3	0	0	0	0	0	0	0	0	27	0	76	65	1202	67	557	145	0	0	95	0	16	0	1318	0	2	0	0	11	0	8	0	60	0	0	9	0	10	49	0	0	0	74	1048	900	1447	0	42	0	317	30	22	0	71	0	0	8	0	0	0	78	0	0	0	11	99	0	5	35	5	0	80	6	0	0	0	0	0	0	0	0	0	0	0	0	0	0	0	0	0	0	607	0	0	0	0	0	0	0	0	460	17	591	0	0	4	7	0	0	0	0	0	0	0	0	0	0	0	0	0	0	0	0	0	0	0	0	0	0	0	0	0	0	0	0	0	0	5	0	0	0
run07-Cah7-174	4	2817	7	0	28	7	1552	0	0	0	0	0	56	19	5	1817	79	12	0	45	3	29	678	248	244	35	6	0	27	222	785	0	147	2	0	0	0	0	274	0	0	68	0	5	101	0	0	0	0	65	0	23	0	0	70	0	253	0	0	0	0	256	71	2419	21	444	492	0	0	192	13	18	0	281	6	26	95	14	12	43	47	0	162	10	0	0	0	0	210	2	0	0	938	0	4021	504	0	30	0	51	50	47	0	19	11	0	134	26	69	9	0	0	0	0	4	3230	5	35	12	0	69	197	0	0	9	11	0	2	49	86	0	8	0	4	0	0	0	0	0	0	0	10	0	87	2	40	22	0	0	0	172	0	407	0	0	4	0	6	0	0	0	0	0	393	0	0	0	0	0	0	0	0	3	0	0	0	0	0	0	0	0	0	0	0	0	0	0	0	0	0	0
run07-Cah7-175	0	269	0	0	0	0	1159	0	21	2	0	7	0	0	44	7151	61	35	0	56	11	0	0	0	0	0	0	0	0	149	156	0	0	24	29	0	0	0	400	0	0	0	8	0	0	0	5	0	0	0	0	0	0	0	5	0	0	0	0	0	0	37	287	857	103	373	508	0	0	171	0	0	0	1104	11	4	35	0	52	70	3	0	136	0	0	0	0	0	242	0	14	0	34	818	1817	799	0	56	0	0	49	21	0	63	0	0	6	4	0	0	0	0	0	0	2	2505	0	79	3	0	54	308	5	0	3	5	0	0	0	0	0	7	0	0	0	0	234	0	0	0	0	0	0	0	0	4	0	0	0	0	0	0	1218	491	0	0	0	82	0	0	0	0	0	0	0	0	0	0	0	0	0	0	0	0	0	0	0	3	0	0	0	0	0	0	0	0	0	0	0	0	0
run07-Cah7-176	8	474	0	0	27	5	558	0	0	0	27	0	48	15	75	6616	234	15	0	59	38	0	0	126	0	0	0	349	0	186	240	4	0	0	0	8	0	0	504	0	0	78	2	10	0	0	0	0	0	54	13	0	0	0	168	4	7	0	55	0	0	186	66	666	32	1278	200	0	0	302	9	15	0	505	15	42	81	15	41	5	16	0	312	0	0	0	0	0	113	0	11	0	38	0	1089	1591	4	60	0	16	59	14	7	13	0	3	25	8	53	15	10	0	0	56	0	5430	0	17	14	0	32	528	0	4	3	3	0	3	34	78	0	4	6	0	2	0	14	6	0	0	263	34	0	0	0	0	50	0	0	0	0	5	598	0	0	0	0	0	0	0	0	0	0	0	0	0	0	0	0	0	0	0	0	0	0	0	0	4	0	0	0	0	0	0	0	0	0	0	0	0	0
run07-Cah7-177	8	85	4	0	0	19	1120	0	0	4	18	0	102	4	64	4800	553	40	0	152	53	0	0	0	0	0	0	0	0	386	159	0	0	33	0	0	0	20	288	0	4	17	4	2	0	0	0	0	0	60	0	0	0	0	444	0	0	3	0	0	0	437	130	2990	256	773	201	0	0	154	17	43	0	627	0	14	199	77	96	49	17	0	121	34	252	0	7	0	192	0	2	0	36	0	1268	1723	0	45	3	14	110	31	0	141	0	0	460	12	36	0	56	4	7	137	0	6134	0	0	6	0	8	201	20	0	0	2	0	3	40	0	12	17	0	0	3	0	134	2	0	0	0	0	0	0	0	52	0	3	0	0	0	140	573	0	0	5	3	7	0	3	0	0	0	0	0	0	0	0	0	0	0	0	0	0	0	0	0	0	0	0	0	0	0	0	0	0	1241	0	0	0	0
run07-Cah7-178	25	68	2	0	0	0	1648	3	0	0	0	0	30	16	10	7646	66	282	0	54	6	0	0	239	0	0	17	0	3	78	328	0	0	4	0	20	89	94	123	0	0	130	0	0	0	0	15	0	0	78	0	0	4	0	6	0	0	0	0	0	0	27	17	1309	13	293	539	0	0	214	0	3	0	810	0	5	20	20	13	47	0	0	171	0	0	0	20	0	59	0	4	0	67	0	2414	1308	3	283	0	14	79	105	0	145	0	0	8	25	0	0	0	0	0	0	2	1227	0	0	4	0	0	257	0	0	0	3	0	0	0	0	0	0	3	0	0	0	0	0	0	0	0	9	1362	0	2	0	0	18	0	4	3	4	750	0	0	2	0	10	0	0	0	0	0	0	0	0	0	0	0	0	0	0	0	0	0	0	0	0	0	0	0	0	0	0	0	0	0	0	0	0	0
run07-Cah7-179	0	300	0	0	0	0	1070	53	79	91	0	16	0	0	0	3441	404	73	17	62	59	0	0	0	0	0	0	0	0	554	143	0	0	26	0	0	0	0	328	0	0	0	2	0	47	5	0	2	17	329	0	0	0	0	67	0	0	2	5	0	0	282	316	1967	259	425	564	0	0	792	36	0	0	959	48	35	127	16	70	46	23	0	68	0	0	0	4	0	469	0	19	0	39	45	1176	837	14	78	0	12	17	19	22	2	11	0	147	40	32	0	72	0	0	0	0	4915	0	26	0	4	0	365	5	0	0	9	0	0	46	0	0	0	4	0	0	0	398	0	81	17	0	200	0	0	0	0	0	2	4	0	212	0	395	0	0	17	0	0	0	0	0	0	0	0	0	0	0	0	4	0	0	0	0	0	0	0	0	0	0	0	0	0	0	0	0	0	0	0	0	0	0
run07-Cah7-180	4	687	0	0	0	0	1121	0	10	257	0	21	0	0	0	4730	1125	0	0	57	240	0	0	0	0	0	0	0	0	513	317	0	0	40	0	0	0	3	576	0	0	261	12	0	0	0	5	0	0	75	0	0	0	0	36	0	62	0	0	0	0	551	625	2792	35	607	336	2	0	426	6	0	0	813	27	35	0	11	58	18	4	0	43	0	0	0	41	0	376	0	14	0	250	73	368	1081	6	168	0	281	109	38	2	123	31	0	50	22	0	0	109	0	0	0	0	4268	0	5	0	0	107	843	26	0	0	4	0	1	30	0	0	3	0	0	2	0	90	0	0	0	0	0	0	0	0	71	0	2	0	0	320	2	727	0	0	0	0	4	0	0	0	0	0	0	0	0	0	0	0	0	0	0	0	0	0	0	0	0	0	0	0	0	0	0	0	0	0	0	0	0	0
run07-Cah7-181	9	220	4	0	0	0	733	0	0	0	2	0	122	0	17	7318	335	5	0	131	9	0	0	0	0	358	0	0	0	219	583	0	9	82	0	5	0	2	169	0	0	0	0	0	0	0	2	0	0	54	2	0	2	0	186	0	21	0	0	0	0	31	208	1118	122	1180	513	0	0	237	11	0	0	488	0	23	26	15	264	202	2	2	82	0	0	0	0	0	243	0	4	2	54	36	683	1299	0	73	0	28	68	21	10	105	0	4	92	30	116	10	74	0	0	8	0	3353	7	34	13	2	85	198	4	0	0	5	0	0	16	0	0	19	2	0	0	0	11	0	3	0	19	0	0	0	0	20	0	0	0	0	82	410	2	46	0	0	0	132	0	0	0	0	0	0	0	0	0	0	0	0	0	0	0	0	0	0	0	0	0	0	0	0	0	0	0	0	0	0	0	0	0
run07-Cah7-182	2	1429	6	0	0	0	1582	0	0	30	0	0	203	0	2	2077	23	0	0	4	2	0	0	0	0	0	0	0	0	63	0	0	0	5	0	0	0	0	2121	0	0	0	0	0	0	0	3	0	0	46	0	0	0	0	26	0	0	0	0	0	0	547	789	2900	195	478	484	0	0	580	0	0	0	825	213	9	229	52	32	0	22	0	296	2	0	52	0	0	303	0	6	2	0	154	30	110	15	60	0	0	5	0	0	8	0	0	2	0	0	0	0	0	0	42	0	2119	0	0	0	0	20	533	2	0	0	0	0	0	6	0	0	0	0	0	0	0	26	0	0	0	16	0	0	0	0	0	0	7	0	0	0	178	0	109	0	0	0	0	0	0	0	0	0	0	0	0	0	0	0	0	0	0	0	0	0	0	0	0	0	0	0	0	0	0	0	0	0	0	0	0	0
run07-Cah7-183	0	568	2	0	0	0	1523	0	11	21	0	0	175	192	0	5013	0	0	0	0	0	0	0	0	0	4	0	0	0	534	0	0	0	47	0	0	0	2	182	0	0	0	0	37	0	0	0	0	3	447	0	0	5	6	32	0	0	0	0	0	0	184	154	1651	353	1123	715	0	0	322	34	0	0	230	59	36	60	47	92	219	4	0	328	0	0	0	0	0	290	0	11	0	43	0	755	1303	11	89	4	54	10	29	0	17	2	0	198	28	0	14	12	0	0	0	0	3002	0	101	0	0	120	731	16	0	32	4	0	4	61	0	0	16	0	0	4	0	10	0	56	0	0	0	0	0	0	167	0	7	0	0	0	186	28	0	0	3	0	0	0	0	0	0	0	0	0	0	0	0	0	0	0	0	23	0	0	0	0	0	0	0	0	0	0	0	0	0	0	0	0	0	0
run07-Cah7-184	3	925	2	2	0	0	0	19	11	4	33	0	105	0	0	3561	79	21	0	36	89	274	0	178	0	170	0	0	0	178	136	0	4	27	21	13	0	27	366	0	0	301	3	0	0	0	0	0	15	78	0	8	0	0	346	77	357	64	22	0	2	216	75	936	50	604	235	9	0	211	11	0	4	206	69	37	51	15	45	30	7	0	219	0	0	11	28	2	127	0	50	2	193	0	102	1618	19	78	2	63	14	26	45	59	0	0	659	48	1094	34	80	3	0	626	0	2958	3	117	3	4	290	487	3	0	83	110	37	0	151	0	0	28	6	0	0	0	11	0	32	0	0	111	0	0	0	0	0	5	0	0	48	252	0	0	0	0	3	95	0	0	0	0	0	0	0	0	4	0	0	0	0	0	0	3	67	0	0	0	0	0	0	0	0	0	0	0	0	19	0	0	84
run07-Cah7-185	0	17	0	0	0	0	421	0	38	101	31	59	0	0	0	3745	484	85	22	0	120	0	0	0	0	0	0	0	0	598	120	0	350	93	0	0	0	3	438	8	0	250	16	0	0	0	0	0	0	174	0	0	0	0	0	0	76	7	0	0	6	62	389	1337	58	965	387	0	46	266	4	0	0	935	0	32	142	22	20	172	6	0	17	0	0	3	0	1	366	0	6	0	40	16	447	1624	15	35	0	72	41	100	3	93	18	8	57	7	65	0	85	0	0	0	9	3501	0	60	91	0	75	194	10	3	3	14	0	6	25	0	0	13	11	0	6	0	0	0	0	0	0	0	0	0	0	9	0	0	0	0	230	558	0	0	0	7	0	9	0	0	0	0	0	0	0	0	0	6	0	0	0	0	0	0	0	0	0	0	0	0	0	0	0	0	0	0	0	0	0	0	0
run07-Cah7-98	0	0	3	0	0	0	1500	0	0	25	0	0	0	0	0	6664	0	0	0	0	0	0	0	0	0	0	0	0	0	0	0	0	0	0	0	0	0	288	0	0	0	0	0	0	0	0	24	0	0	25	3	0	2	0	0	0	0	0	18	0	0	0	42	422	0	48	239	0	0	0	0	0	0	46	6	0	0	0	31	0	0	0	1922	0	0	0	0	0	13	0	0	0	0	67	508	2	0	0	0	0	0	0	0	0	0	0	0	0	0	0	0	0	0	0	0	10	0	11	0	0	0	0	0	0	0	0	0	0	0	0	0	0	0	0	0	0	2	0	0	0	0	0	0	0	0	0	0	2	0	0	0	9	0	0	0	12	0	0	0	0	0	0	0	0	0	0	0	0	0	0	0	0	0	0	0	0	0	0	0	0	0	0	0	0	0	0	0	444	0	0	0
